{
	"__comment": "Designed by Juknum",
	"parent": "block/door_bottom",
	"textures": {
		"particle": "block/acacia_door_bottom",
		"texture": "block/acacia_door_bottom",
		"texture1": "block/acacia_door_special"
	},
	"elements": [
		{
			"__comment": "left",
			"from": [ 0, 0, 0 ],
			"to": [ 3, 16, 3 ],
			"faces": {
				"down": { "uv": [ 0, 13, 3, 16 ], "texture": "#texture1", "rotation": 270 },
				"up": { "uv": [ 0, 13, 3, 16 ], "texture": "#texture1", "rotation": 90 },
				"north": { "uv": [ 16, 10, 0, 13 ], "texture": "#texture1", "rotation": 90 },
				"south": { "uv": [ 0, 3, 16, 0 ], "texture": "#texture1", "rotation": 270 },
				"west": { "uv": [ 0, 0, 3, 16 ], "texture": "#texture" },
				"east": { "uv": [ 3, 0, 0, 16 ], "texture": "#texture" }
			}
		},
		{
			"__comment": "right",
			"from": [ 0, 0, 13 ],
			"to": [ 3, 16, 16 ],
			"faces": {
				"down": { "uv": [ 13, 13, 16, 16 ], "texture": "#texture1", "rotation": 270 },
				"up": { "uv": [ 13, 13, 16, 16 ], "texture": "#texture1", "rotation": 90 },
				"north": { "uv": [ 16, 3, 0, 6 ], "texture": "#texture1", "rotation": 90 },
				"south": { "uv": [ 0, 13, 16, 10 ], "texture": "#texture1", "rotation": 270 },
				"west": { "uv": [ 13, 0, 16, 16 ], "texture": "#texture" },
				"east": { "uv": [ 16, 0, 13, 16 ], "texture": "#texture" }
			}
		},
		{
			"__comment": "bottom",
			"from": [ 0, 0, 3 ],
			"to": [ 3, 3, 13 ],
			"faces": {
				"down": { "uv": [ 3, 13, 13, 16 ], "texture": "#texture1", "rotation": 90 },
				"up": { "uv": [ 6, 6, 16, 9 ], "texture": "#texture1", "rotation": 90 },
				"west": { "uv": [ 3, 13, 13, 16 ], "texture": "#texture" },
				"east": { "uv": [ 3, 13, 13, 16 ], "texture": "#texture" }
			}
		},
		{
			"__comment": "top",
			"from": [ 0, 15, 3 ],
			"to": [ 3, 16, 13 ],
			"faces": {
				"down": { "uv": [ 0, 6, 10, 9 ], "texture": "#texture1", "rotation": 90 },
				"up": { "uv": [ 3, 13, 13, 16 ], "texture": "#texture1", "rotation": 90 },
				"west": { "uv": [ 3, 0, 13, 1 ], "texture": "#texture" },
				"east": { "uv": [ 3, 0, 13, 1 ], "texture": "#texture" }
			}
		},
		{
			"__comment": "left",
			"from": [ 0, 3, 5 ],
			"to": [ 3, 15, 7 ],
			"faces": {
				"north": { "uv": [ 15, 3, 3, 6 ], "texture": "#texture1", "rotation": 90 },
				"south": { "uv": [ 3, 3, 15, 0 ], "texture": "#texture1", "rotation": 270 },
				"west": { "uv": [ 5, 1, 7, 13 ], "texture": "#texture" },
				"east": { "uv": [ 7, 1, 5, 13 ], "texture": "#texture" }
			}
		},
		{
			"__comment": "left",
			"from": [ 0, 3, 9 ],
			"to": [ 3, 15, 11 ],
			"faces": {
				"north": { "uv": [ 15, 3, 3, 6 ], "texture": "#texture1", "rotation": 90 },
				"south": { "uv": [ 3, 3, 15, 0 ], "texture": "#texture1", "rotation": 270 },
				"west": { "uv": [ 9, 1, 11, 13 ], "texture": "#texture" },
				"east": { "uv": [ 11, 1, 9, 13 ], "texture": "#texture" }
			}
		},
		{
			"__comment": "Cube10",
			"from": [ -0.5, 4, -0.5 ],
			"to": [ 0.5, 6, 1 ],
			"faces": {
				"down": { "uv": [ 0, 11.5, 1, 12 ], "texture": "#texture" },
				"up": { "uv": [ 0, 10, 1, 10.5 ], "texture": "#texture" },
				"north": { "uv": [ 0, 10, 1, 12 ], "texture": "#texture" },
				"south": { "uv": [ 0, 10, 1, 12 ], "texture": "#texture" },
				"west": { "uv": [ 0, 10, 1, 12 ], "texture": "#texture" },
				"east": { "uv": [ 0, 10, 1, 12 ], "texture": "#texture" }
			}
		},
		{
			"__comment": "Cube10",
			"from": [ 2.5, 4, -0.5 ],
			"to": [ 3.5, 6, 1 ],
			"faces": {
				"down": { "uv": [ 0, 11.5, 1, 12 ], "texture": "#texture" },
				"up": { "uv": [ 0, 10, 1, 10.5 ], "texture": "#texture" },
				"north": { "uv": [ 0, 10, 1, 12 ], "texture": "#texture" },
				"south": { "uv": [ 0, 10, 1, 12 ], "texture": "#texture" },
				"west": { "uv": [ 0, 10, 1, 12 ], "texture": "#texture" },
				"east": { "uv": [ 0, 10, 1, 12 ], "texture": "#texture" }
			}
		},
		{
			"__comment": "Cube10",
			"from": [ -0.5, 15, -0.5 ],
			"to": [ 0.5, 17, 1 ],
			"faces": {
				"down": { "uv": [ 0, 11.5, 1, 12 ], "texture": "#texture" },
				"up": { "uv": [ 0, 10, 1, 10.5 ], "texture": "#texture" },
				"north": { "uv": [ 0, 10, 1, 12 ], "texture": "#texture" },
				"south": { "uv": [ 0, 10, 1, 12 ], "texture": "#texture" },
				"west": { "uv": [ 0, 10, 1, 12 ], "texture": "#texture" },
				"east": { "uv": [ 0, 10, 1, 12 ], "texture": "#texture" }
			}
		},
		{
			"__comment": "Cube10",
			"from": [ 2.5, 15, -0.5 ],
			"to": [ 3.5, 17, 1 ],
			"faces": {
				"down": { "uv": [ 0, 11.5, 1, 12 ], "texture": "#texture" },
				"up": { "uv": [ 0, 10, 1, 10.5 ], "texture": "#texture" },
				"north": { "uv": [ 0, 10, 1, 12 ], "texture": "#texture" },
				"south": { "uv": [ 0, 10, 1, 12 ], "texture": "#texture" },
				"west": { "uv": [ 0, 10, 1, 12 ], "texture": "#texture" },
				"east": { "uv": [ 0, 10, 1, 12 ], "texture": "#texture" }
			}
		},
		{
			"__comment": "Cube11",
			"from": [ -0.5, 15, 14 ],
			"to": [ 0, 16, 15 ],
			"faces": {
				"down": { "uv": [ 15, 0.5, 14, 1 ], "texture": "#texture", "rotation": 90 },
				"up": { "uv": [ 15, 0.5, 14, 0 ], "texture": "#texture", "rotation": 270 },
				"north": { "uv": [ 14.5, 0, 14, 1 ], "texture": "#texture" },
				"south": { "uv": [ 14.5, 0, 15, 1 ], "texture": "#texture" },
				"west": { "uv": [ 14, 0, 15, 1 ], "texture": "#texture" },
				"east": { "uv": [ 14, 0, 15, 1 ], "texture": "#texture" }
			}
		},
		{
			"__comment": "Cube11",
			"from": [ -0.5, 15.5, 13.5 ],
			"to": [ 0, 16, 14 ],
			"faces": {
				"down": { "uv": [ 14, 0, 13.5, 0.5 ], "texture": "#texture", "rotation": 90 },
				"up": { "uv": [ 14, 0.5, 13.5, 0 ], "texture": "#texture", "rotation": 270 },
				"north": { "uv": [ 14, 0, 13.5, 0.5 ], "texture": "#texture" },
				"south": { "uv": [ 13.5, 0, 14, 0.5 ], "texture": "#texture" },
				"west": { "uv": [ 13.5, 0, 14, 0.5 ], "texture": "#texture" },
				"east": { "uv": [ 13.5, 0, 14, 0.5 ], "texture": "#texture" }
			}
		},
		{
			"__comment": "Cube11",
			"from": [ 3, 15.5, 13.5 ],
			"to": [ 3.5, 16, 14 ],
			"faces": {
				"down": { "uv": [ 14, 0, 13.5, 0.5 ], "texture": "#texture", "rotation": 90 },
				"up": { "uv": [ 14, 0.5, 13.5, 0 ], "texture": "#texture", "rotation": 270 },
				"north": { "uv": [ 14, 0, 13.5, 0.5 ], "texture": "#texture" },
				"south": { "uv": [ 13.5, 0, 14, 0.5 ], "texture": "#texture" },
				"west": { "uv": [ 13.5, 0, 14, 0.5 ], "texture": "#texture" },
				"east": { "uv": [ 13.5, 0, 14, 0.5 ], "texture": "#texture" }
			}
		},
		{
			"__comment": "Cube11",
			"from": [ 3, 15, 14 ],
			"to": [ 3.5, 16, 15 ],
			"faces": {
				"down": { "uv": [ 15, 0.5, 14, 1 ], "texture": "#texture", "rotation": 90 },
				"up": { "uv": [ 15, 0.5, 14, 0 ], "texture": "#texture", "rotation": 270 },
				"north": { "uv": [ 14.5, 0, 14, 1 ], "texture": "#texture" },
				"south": { "uv": [ 14.5, 0, 15, 1 ], "texture": "#texture" },
				"west": { "uv": [ 14, 0, 15, 1 ], "texture": "#texture" },
				"east": { "uv": [ 15, 0, 14, 1 ], "texture": "#texture" }
			}
		}
	]
}