{
	"credit": "Designed by Progical",
	"parent": "block/door_bottom",
	"ambientocclusion": false,
	"textures": {
		"1": "block/dark_oak_door_special",
		"texture": "block/dark_oak_door_top",
		"particle": "block/dark_oak_door_top"
	},
	"elements": [
		{
			"from": [0, 0, 13.5],
			"to": [3, 16, 16],
			"faces": {
				"north": {"uv": [2.5, 0, 2, 16], "texture": "#texture"},
				"east": {"uv": [0, 0, 2.5, 16], "texture": "#texture"},
				"south": {"uv": [0, 6.5, 8, 5], "rotation": 270, "texture": "#1", "cullface": "north"},
				"west": {"uv": [2.5, 0, 0, 16], "texture": "#texture", "cullface": "west"},
				"up": {"uv": [1.5, 0, 0, 1.5], "rotation": 90, "texture": "#1", "cullface": "up"},
				"down": {"uv": [1.25, 0, 0, 1.5], "rotation": 270, "texture": "#1", "cullface": "down"}
			}
		},
		{
			"from": [0, 1.5, 6.5],
			"to": [3, 13.5, 9.5],
			"faces": {
				"north": {"uv": [9, 2.5, 9.5, 14.5], "texture": "#texture"},
				"east": {"uv": [6.5, 2.5, 9.5, 14.5], "texture": "#texture"},
				"south": {"uv": [7, 2.5, 6.5, 14.5], "texture": "#texture"},
				"west": {"uv": [9.5, 2.5, 6.5, 14.5], "texture": "#texture", "cullface": "west"}
			}
		},
		{
			"from": [0, 0, 0],
			"to": [3, 16, 2.5],
			"faces": {
				"north": {"uv": [0, 3.25, 8, 1.75], "rotation": 270, "texture": "#1", "cullface": "south"},
				"east": {"uv": [13.5, 0, 16, 16], "texture": "#texture"},
				"south": {"uv": [14, 0, 13.5, 16], "texture": "#texture"},
				"west": {"uv": [16, 0, 13.5, 16], "texture": "#texture", "cullface": "west"},
				"up": {"uv": [8, 0, 6.5, 1.5], "rotation": 90, "texture": "#1", "cullface": "up"},
				"down": {"uv": [1.5, 0, 0, 1.5], "rotation": 90, "texture": "#1", "cullface": "down"}
			}
		},
		{
			"from": [0, 13.5, 2.5],
			"to": [3, 16, 13.5],
			"faces": {
				"east": {"uv": [2.5, 0, 13.5, 2.5], "texture": "#texture"},
				"west": {"uv": [13.5, 0, 2.5, 2.5], "texture": "#texture", "cullface": "west"},
				"up": {"uv": [6.5, 0, 1.5, 1.5], "rotation": 90, "texture": "#1", "cullface": "up"},
				"down": {"uv": [13.5, 2, 2.5, 2.5], "rotation": 90, "texture": "#texture"}
			}
		},
		{
			"from": [0, 0, 2.5],
			"to": [3, 1.5, 13.5],
			"faces": {
				"east": {"uv": [2.5, 14.5, 13.5, 16], "texture": "#texture"},
				"west": {"uv": [13.5, 14.5, 2.5, 16], "texture": "#texture", "cullface": "west"},
				"up": {"uv": [13.5, 14.5, 2.5, 15], "rotation": 90, "texture": "#texture"},
				"down": {"uv": [6.75, 0, 1.25, 1.5], "rotation": 270, "texture": "#1", "cullface": "down"}
			}
		},
		{
			"from": [-0.5, 10.5, 15.5],
			"to": [0.5, 11.5, 16.5],
			"faces": {
				"north": {"uv": [0, 4.5, 0.5, 5.5], "texture": "#texture"},
				"east": {"uv": [0, 4.5, 0.5, 5.5], "texture": "#texture"},
				"south": {"uv": [0.5, 4.5, 0, 5.5], "texture": "#texture"},
				"west": {"uv": [0, 4.5, 0.5, 5.5], "texture": "#texture"},
				"up": {"uv": [0, 4.5, 0.5, 5], "texture": "#texture"},
				"down": {"uv": [0, 5, 0.5, 5.5], "texture": "#texture"}
			}
		},
		{
			"from": [2.5, 10.5, 15.5],
			"to": [3.5, 11.5, 16.5],
			"faces": {
				"north": {"uv": [0, 4.5, 0.5, 5.5], "texture": "#texture"},
				"east": {"uv": [0, 4.5, 0.5, 5.5], "texture": "#texture"},
				"south": {"uv": [0.5, 4.5, 0, 5.5], "texture": "#texture"},
				"west": {"uv": [0, 4.5, 0.5, 5.5], "texture": "#texture"},
				"up": {"uv": [0, 4.5, 0.5, 5], "texture": "#texture"},
				"down": {"uv": [0, 5, 0.5, 5.5], "texture": "#texture"}
			}
		},
		{
			"from": [0.5, 1.5, 2.5],
			"to": [2.5, 13.5, 13.5],
			"faces": {
				"east": {"uv": [2.5, 2.5, 13.5, 14.5], "texture": "#texture"},
				"west": {"uv": [13.5, 2.5, 2.5, 14.5], "texture": "#texture", "cullface": "west"}
			}
		},
		{
			"from": [-0.5, 0.5, 2.5],
			"to": [0, 1, 4.5],
			"faces": {
				"north": {"uv": [13.5, 15, 13, 15.5], "texture": "#texture", "cullface": "west"},
				"south": {"uv": [12, 15, 11.5, 15.5], "texture": "#texture"},
				"west": {"uv": [13.5, 15, 11.5, 15.5], "texture": "#texture", "cullface": "west"},
				"up": {"uv": [13.5, 15, 11.5, 15.5], "rotation": 90, "texture": "#texture", "cullface": "west"},
				"down": {"uv": [13.5, 15, 11.5, 15.5], "rotation": 270, "texture": "#texture", "cullface": "west"}
			}
		},
		{
			"from": [-0.5, 0, 3.5],
			"to": [0, 0.5, 5],
			"faces": {
				"north": {"uv": [12.5, 15.5, 12, 16], "texture": "#texture", "cullface": "west"},
				"south": {"uv": [11.5, 15.5, 11, 16], "texture": "#texture", "cullface": "west"},
				"west": {"uv": [12.5, 15.5, 11, 16], "texture": "#texture", "cullface": "west"},
				"up": {"uv": [12.5, 15.5, 11, 16], "rotation": 90, "texture": "#texture", "cullface": "west"},
				"down": {"uv": [12.5, 15.5, 11, 16], "rotation": 270, "texture": "#texture", "cullface": "down"}
			}
		},
		{
			"from": [3, 0.5, 2.5],
			"to": [3.5, 1, 4.5],
			"faces": {
				"north": {"uv": [13.5, 15, 13, 15.5], "texture": "#texture"},
				"east": {"uv": [13.5, 15, 11.5, 15.5], "rotation": 180, "texture": "#texture"},
				"south": {"uv": [12, 15, 11.5, 15.5], "texture": "#texture"},
				"up": {"uv": [13.5, 15, 11.5, 15.5], "rotation": 90, "texture": "#texture"},
				"down": {"uv": [13.5, 15, 11.5, 15.5], "rotation": 270, "texture": "#texture"}
			}
		},
		{
			"from": [3, 0, 3.5],
			"to": [3.5, 0.5, 5],
			"faces": {
				"north": {"uv": [12.5, 15.5, 12, 16], "texture": "#texture"},
				"east": {"uv": [12.5, 15.5, 11, 16], "rotation": 180, "texture": "#texture"},
				"south": {"uv": [11.5, 15.5, 11, 16], "texture": "#texture"},
				"up": {"uv": [12.5, 15.5, 11, 16], "rotation": 90, "texture": "#texture"},
				"down": {"uv": [12.5, 15.5, 11, 16], "rotation": 270, "texture": "#texture", "cullface": "down"}
			}
		}
	],
	"groups": [0, 1, 2, 3, 4, 5, 6, 7,
		{
			"name": "group",
			"origin": [8, 8, 8],
			"children": [8, 9, 10, 11]
		}
	]
}
