{
	"credit": "Designed by Progical",
	"parent": "block/door_bottom",
	"ambientocclusion": false,
	"textures": {
		"1": "block/iron_door_special",
		"particle": "block/iron_door_special",
		"texture": "block/iron_door_top"
	},
	"elements": [
		{
			"from": [0, 0, 0],
			"to": [3, 16, 3],
			"faces": {
				"north": {"uv": [0, 5, 8, 6.5], "rotation": 270, "texture": "#1", "cullface": "north"},
				"east": {"uv": [3, 0, 0, 16], "texture": "#texture"},
				"south": {"uv": [8.5, 0, 10, 8], "texture": "#1"},
				"west": {"uv": [0, 0, 3, 16], "texture": "#texture", "cullface": "west"},
				"up": {"uv": [0, 0, 1.5, 1.5], "rotation": 90, "texture": "#1", "cullface": "up"},
				"down": {"uv": [0, 0, 1.5, 1.5], "rotation": 270, "texture": "#1", "cullface": "down"}
			}
		},
		{
			"from": [0, 0, 7],
			"to": [3, 13, 9],
			"faces": {
				"north": {"uv": [10.5, 1.5, 12, 8], "texture": "#1"},
				"east": {"uv": [9, 3, 7, 16], "texture": "#texture"},
				"south": {"uv": [8.5, 1.5, 10, 8], "texture": "#1"},
				"west": {"uv": [7, 3, 9, 16], "texture": "#texture", "cullface": "west"},
				"down": {"uv": [3.5, 0, 4.5, 1.5], "rotation": 270, "texture": "#1", "cullface": "down"}
			}
		},
		{
			"from": [0, 0, 13],
			"to": [3, 16, 16],
			"faces": {
				"north": {"uv": [12.25, 0, 13.75, 8], "texture": "#1"},
				"east": {"uv": [16, 0, 13, 16], "texture": "#texture"},
				"south": {"uv": [0, 1.75, 8, 3.25], "rotation": 270, "texture": "#1", "cullface": "south"},
				"west": {"uv": [13, 0, 16, 16], "texture": "#texture", "cullface": "west"},
				"up": {"uv": [6.5, 0, 8, 1.5], "rotation": 90, "texture": "#1", "cullface": "up"},
				"down": {"uv": [0, 0, 1.5, 1.5], "rotation": 90, "texture": "#1", "cullface": "down"}
			}
		},
		{
			"from": [0, 13, 3],
			"to": [3, 16, 13],
			"faces": {
				"east": {"uv": [13, 0, 3, 3], "texture": "#texture"},
				"west": {"uv": [3, 0, 13, 3], "texture": "#texture", "cullface": "west"},
				"up": {"uv": [1.5, 0, 6.5, 1.5], "rotation": 90, "texture": "#1", "cullface": "up"},
				"down": {"uv": [1.5, 10.25, 6.5, 11.75], "rotation": 90, "texture": "#1"}
			}
		},
		{
			"from": [0.5, 0, 3],
			"to": [2.5, 2, 13],
			"faces": {
				"east": {"uv": [6.5, 12, 1.5, 13], "texture": "#1"},
				"west": {"uv": [1.5, 12, 6.5, 13], "texture": "#1", "cullface": "west"},
				"down": {"uv": [1.5, 0.25, 6.5, 1.25], "rotation": 270, "texture": "#1", "cullface": "down"}
			}
		},
		{
			"from": [0, 8, 3],
			"to": [3, 10, 7],
			"faces": {
				"east": {"uv": [7, 6, 3, 8], "texture": "#texture"},
				"west": {"uv": [3, 6, 7, 8], "texture": "#texture", "cullface": "west"},
				"up": {"uv": [4.5, 8.5, 6.5, 10], "rotation": 90, "texture": "#1"},
				"down": {"uv": [1.5, 10.25, 3.5, 11.75], "rotation": 90, "texture": "#1"}
			}
		},
		{
			"from": [0, 8, 9],
			"to": [3, 10, 13],
			"faces": {
				"east": {"uv": [13, 6, 9, 8], "texture": "#texture"},
				"west": {"uv": [9, 6, 13, 8], "texture": "#texture", "cullface": "west"},
				"up": {"uv": [1.5, 8.5, 3.5, 10], "rotation": 90, "texture": "#1"},
				"down": {"uv": [4.5, 10.25, 6.5, 11.75], "rotation": 90, "texture": "#1"}
			}
		},
		{
			"from": [0, 2, 3],
			"to": [3, 5, 7],
			"faces": {
				"east": {"uv": [7, 11, 3, 14], "texture": "#texture"},
				"west": {"uv": [3, 11, 7, 14], "texture": "#texture", "cullface": "west"},
				"up": {"uv": [1.5, 8.5, 3.5, 10], "rotation": 90, "texture": "#1"},
				"down": {"uv": [3, 13.5, 7, 14], "rotation": 270, "texture": "#texture"}
			}
		},
		{
			"from": [0, 2, 9],
			"to": [3, 5, 13],
			"faces": {
				"east": {"uv": [13, 11, 9, 14], "texture": "#texture"},
				"west": {"uv": [9, 11, 13, 14], "texture": "#texture", "cullface": "west"},
				"up": {"uv": [4.5, 8.5, 6.5, 10], "rotation": 90, "texture": "#1"},
				"down": {"uv": [9, 13.5, 12, 14], "rotation": 270, "texture": "#texture"}
			}
		},
		{
			"from": [-0.5, 10.5, -0.5],
			"to": [0.5, 11.5, 0.5],
			"faces": {
				"north": {"uv": [0, 4.5, 0.5, 5.5], "texture": "#texture"},
				"east": {"uv": [0.5, 4.5, 0, 5.5], "texture": "#texture"},
				"south": {"uv": [0.5, 4.5, 0, 5.5], "texture": "#texture"},
				"west": {"uv": [0.5, 4.5, 0, 5.5], "texture": "#texture"},
				"up": {"uv": [0, 5, 0.5, 4.5], "texture": "#texture"},
				"down": {"uv": [0, 5.5, 0.5, 5], "texture": "#texture"}
			}
		},
		{
			"from": [2.5, 10.5, -0.5],
			"to": [3.5, 11.5, 0.5],
			"faces": {
				"north": {"uv": [0, 4.5, 0.5, 5.5], "texture": "#texture"},
				"east": {"uv": [0.5, 4.5, 0, 5.5], "texture": "#texture"},
				"south": {"uv": [0.5, 4.5, 0, 5.5], "texture": "#texture"},
				"west": {"uv": [0.5, 4.5, 0, 5.5], "texture": "#texture"},
				"up": {"uv": [0, 5, 0.5, 4.5], "texture": "#texture"},
				"down": {"uv": [0, 5.5, 0.5, 5], "texture": "#texture"}
			}
		},
		{
			"from": [-0.5, 1, 11.5],
			"to": [0, 1.5, 14],
			"faces": {
				"north": {"uv": [11.5, 14.5, 12, 15], "texture": "#texture"},
				"east": {"uv": [11.5, 14.5, 14, 15], "rotation": 180, "texture": "#texture", "cullface": "west"},
				"south": {"uv": [13, 14.5, 13.5, 15], "texture": "#texture", "cullface": "west"},
				"west": {"uv": [11.5, 14.5, 14, 15], "texture": "#texture", "cullface": "west"},
				"up": {"uv": [11.5, 14.5, 14, 15], "rotation": 90, "texture": "#texture", "cullface": "west"},
				"down": {"uv": [11.5, 14.5, 14, 15], "rotation": 270, "texture": "#texture", "cullface": "west"}
			}
		},
		{
			"from": [-0.5, 0.5, 11.5],
			"to": [0, 1, 12],
			"faces": {
				"north": {"uv": [11.5, 15, 12, 15.5], "texture": "#texture", "cullface": "west"},
				"east": {"uv": [11.5, 15, 12, 15.5], "texture": "#texture", "cullface": "west"},
				"south": {"uv": [11.5, 15, 12, 15.5], "texture": "#texture", "cullface": "west"},
				"west": {"uv": [11.5, 15, 12, 15.5], "texture": "#texture", "cullface": "west"},
				"down": {"uv": [11.5, 15, 12, 15.5], "texture": "#texture", "cullface": "west"}
			}
		},
		{
			"from": [3, 1, 11.5],
			"to": [3.5, 1.5, 14],
			"faces": {
				"north": {"uv": [11.5, 14.5, 12, 15], "texture": "#texture"},
				"east": {"uv": [11.5, 14.5, 14, 15], "rotation": 180, "texture": "#texture"},
				"south": {"uv": [13, 14.5, 13.5, 15], "texture": "#texture"},
				"west": {"uv": [11.5, 14.5, 14, 15], "texture": "#texture"},
				"up": {"uv": [11.5, 14.5, 14, 15], "rotation": 90, "texture": "#texture"},
				"down": {"uv": [11.5, 14.5, 14, 15], "rotation": 270, "texture": "#texture"}
			}
		},
		{
			"from": [3, 0.5, 11.5],
			"to": [3.5, 1, 12],
			"faces": {
				"north": {"uv": [11.5, 15, 12, 15.5], "texture": "#texture"},
				"east": {"uv": [11.5, 15, 12, 15.5], "texture": "#texture"},
				"south": {"uv": [11.5, 15, 12, 15.5], "texture": "#texture"},
				"west": {"uv": [11.5, 15, 12, 15.5], "texture": "#texture"},
				"down": {"uv": [11.5, 15, 12, 15.5], "texture": "#texture"}
			}
		}
	],
	"groups": [0, 1, 2, 3, 4, 5, 6, 7, 8, 9, 10,
		{
			"name": "group",
			"children": [11, 12]
		},
		{
			"name": "group2",
			"children": [13, 14]
		}
	]
}