{
	"__comment": "Designed by Keitsu with Cubik Studio - https://cubik.studio",
	"ambientocclusion": false,
	"textures": {
		"particle": "block/acacia_planks",
		"0": "block/f_door_acacia"
	},
	"elements": [
		{
			"from": [ 0, 0, 13 ],
			"to": [ 3, 16, 16 ],
			"faces": {
				"north": { "uv": [ 8, 8, 6.5, 16 ], "texture": "#0" },
				"south": { "uv": [ 5, 8, 6.5, 16 ], "texture": "#0" },
				"west": { "uv": [ 14.5, 8, 16, 16 ], "texture": "#0" },
				"east": { "uv": [ 8, 8, 9.5, 16 ], "texture": "#0" }
			}
		},
		{
			"from": [ 0, 0, 9 ],
			"to": [ 3, 16, 11 ],
			"faces": {
				"north": { "uv": [ 8, 8, 6.5, 16 ], "texture": "#0" },
				"south": { "uv": [ 5, 8, 6.5, 16 ], "texture": "#0" },
				"west": { "uv": [ 12.5, 8, 13.5, 16 ], "texture": "#0" },
				"east": { "uv": [ 10.5, 8, 11.5, 16 ], "texture": "#0" }
			}
		},
		{
			"from": [ 0, 0, 5 ],
			"to": [ 3, 16, 7 ],
			"faces": {
				"north": { "uv": [ 8, 8, 6.5, 16 ], "texture": "#0" },
				"south": { "uv": [ 5, 8, 6.5, 16 ], "texture": "#0" },
				"west": { "uv": [ 10.5, 8, 11.5, 16 ], "texture": "#0" },
				"east": { "uv": [ 12.5, 8, 13.5, 16 ], "texture": "#0" }
			}
		},
		{
			"from": [ 0, 0, 0 ],
			"to": [ 3, 16, 3 ],
			"faces": {
				"north": { "uv": [ 8, 8, 6.5, 16 ], "texture": "#0" },
				"south": { "uv": [ 5, 8, 6.5, 16 ], "texture": "#0" },
				"west": { "uv": [ 8, 8, 9.5, 16 ], "texture": "#0" },
				"east": { "uv": [ 14.5, 8, 16, 16 ], "texture": "#0" }
			}
		},
		{
			"from": [ 0, 14, 0 ],
			"to": [ 3, 16, 16 ],
			"faces": {
				"down": { "uv": [ 3.5, 8, 5, 16 ], "texture": "#0" },
				"up": { "uv": [ 5, 8, 3.5, 16 ], "texture": "#0" },
				"west": { "uv": [ 8, 8, 16, 9 ], "texture": "#0" },
				"east": { "uv": [ 8, 8, 16, 9 ], "texture": "#0" }
			}
		},
		{
			"from": [ 0, 0, 0 ],
			"to": [ 3, 2, 16 ],
			"faces": {
				"down": { "uv": [ 3.5, 8, 5, 16 ], "texture": "#0" },
				"up": { "uv": [ 5, 8, 3.5, 16 ], "texture": "#0" },
				"west": { "uv": [ 8, 15, 16, 16 ], "texture": "#0" },
				"east": { "uv": [ 8, 15, 16, 16 ], "texture": "#0" }
			}
		},
		{
			"from": [ 3, 15, 14 ],
			"to": [ 4, 16, 15 ],
			"faces": {
				"down": { "uv": [ 3, 0, 4, 1 ], "texture": "#0" },
				"up": { "uv": [ 3, 0, 4, 1 ], "texture": "#0" },
				"north": { "uv": [ 4, 0, 3, 1 ], "texture": "#0" },
				"south": { "uv": [ 3, 0, 4, 1 ], "texture": "#0" },
				"west": { "uv": [ 3, 0, 4, 1 ], "texture": "#0" },
				"east": { "uv": [ 4, 1, 3, 0 ], "texture": "#0" }
			}
		},
		{
			"from": [ 3.4, 15, 11 ],
			"to": [ 4, 16, 14 ],
			"faces": {
				"down": { "uv": [ 0, 0, 3, 1 ], "texture": "#0", "rotation": 90 },
				"up": { "uv": [ 0, 0, 3, 1 ], "texture": "#0", "rotation": 90 },
				"north": { "uv": [ 0, 0, 1, 1 ], "texture": "#0" },
				"west": { "uv": [ 0, 0, 3, 1 ], "texture": "#0" },
				"east": { "uv": [ 0, 0, 3, 1 ], "texture": "#0", "rotation": 180 }
			}
		},
		{
			"from": [ -1, 15, 14 ],
			"to": [ 0, 16, 15 ],
			"faces": {
				"down": { "uv": [ 3, 0, 4, 1 ], "texture": "#0" },
				"up": { "uv": [ 3, 0, 4, 1 ], "texture": "#0" },
				"north": { "uv": [ 4, 0, 3, 1 ], "texture": "#0" },
				"south": { "uv": [ 3, 0, 4, 1 ], "texture": "#0" },
				"west": { "uv": [ 3, 0, 4, 1 ], "texture": "#0" },
				"east": { "uv": [ 4, 1, 3, 0 ], "texture": "#0" }
			}
		},
		{
			"from": [ -1, 15, 11 ],
			"to": [ -0.4, 16, 14 ],
			"faces": {
				"down": { "uv": [ 0, 0, 3, 1 ], "texture": "#0", "rotation": 90 },
				"up": { "uv": [ 0, 0, 3, 1 ], "texture": "#0", "rotation": 90 },
				"north": { "uv": [ 0, 0, 1, 1 ], "texture": "#0" },
				"west": { "uv": [ 0, 0, 3, 1 ], "texture": "#0" },
				"east": { "uv": [ 0, 0, 3, 1 ], "texture": "#0" }
			}
		}
	]
}