{
	"ambientocclusion": false,
	"parent": "block/cube",
    "textures": {
        "particle": "block/f_bookshelf",
        "0": "block/f_bookshelf",
        "1": "block/f_oak_planks",
        "2": "block/f_bookshelf_books_2"
    },
    "elements": [
        {
            "name": "Bottom",
            "from": [ 0.0, 0.0, 0.0 ], 
            "to": [ 16.0, 1.0, 16.0 ], 
            "faces": {
                "north": { "texture": "#0", "uv": [ 0.0, 15.0, 16.0, 16.0 ] },
                "east": { "texture": "#0", "uv": [ 0.0, 15.0, 16.0, 16.0 ] },
                "south": { "texture": "#0", "uv": [ 0.0, 15.0, 16.0, 16.0 ] },
                "west": { "texture": "#0", "uv": [ 0.0, 15.0, 16.0, 16.0 ] },
                "up": { "texture": "#1", "uv": [ 0.0, 0.0, 16.0, 16.0 ] },
                "down": { "texture": "#1", "uv": [ 0.0, 0.0, 16.0, 16.0 ] }
            }
        },
        {
            "name": "Top",
            "from": [ 0.0, 15.0, 0.0 ], 
            "to": [ 16.0, 16.0, 16.0 ], 
            "faces": {
                "north": { "texture": "#0", "uv": [ 0.0, 0.0, 16.0, 1.0 ] },
                "east": { "texture": "#0", "uv": [ 0.0, 0.0, 16.0, 1.0 ] },
                "south": { "texture": "#0", "uv": [ 0.0, 0.0, 16.0, 1.0 ] },
                "west": { "texture": "#0", "uv": [ 0.0, 0.0, 16.0, 1.0 ] },
                "up": { "texture": "#1", "uv": [ 0.0, 0.0, 16.0, 16.0 ] },
                "down": { "texture": "#1", "uv": [ 0.0, 0.0, 16.0, 16.0 ] }
            }
        },
        {
            "name": "Middle",
            "from": [ 0.0, 7.0, 0.0 ], 
            "to": [ 16.0, 9.0, 16.0 ], 
            "faces": {
                "north": { "texture": "#0", "uv": [ 0.0, 7.0, 16.0, 9.0 ] },
                "east": { "texture": "#0", "uv": [ 0.0, 7.0, 16.0, 9.0 ] },
                "south": { "texture": "#0", "uv": [ 0.0, 7.0, 16.0, 9.0 ] },
                "west": { "texture": "#0", "uv": [ 0.0, 7.0, 16.0, 9.0 ] },
                "up": { "texture": "#1", "uv": [ 0.0, 0.0, 16.0, 16.0 ] },
                "down": { "texture": "#1", "uv": [ 0.0, 0.0, 16.0, 16.0 ] }
            }
        },
        {
            "name": "NE",
            "from": [ 15.0, 0.0, 0.0 ], 
            "to": [ 16.0, 16.0, 1.0 ], 
            "faces": {
                "north": { "texture": "#0", "uv": [ 0.0, 0.0, 1.0, 16.0 ] },
                "east": { "texture": "#0", "uv": [ 15.0, 0.0, 16.0, 16.0 ] },
                "south": { "texture": "#0", "uv": [ 15.0, 0.0, 16.0, 16.0 ] },
                "west": { "texture": "#0", "uv": [ 0.0, 0.0, 1.0, 16.0 ] }
            }
        },
        {
            "name": "SE",
            "from": [ 15.0, 0.0, 15.0 ], 
            "to": [ 16.0, 16.0, 16.0 ], 
            "faces": {
                "north": { "texture": "#0", "uv": [ 0.0, 0.0, 1.0, 16.0 ] },
                "east": { "texture": "#0", "uv": [ 0.0, 0.0, 1.0, 16.0 ] },
                "south": { "texture": "#0", "uv": [ 15.0, 0.0, 16.0, 16.0 ] },
                "west": { "texture": "#0", "uv": [ 15.0, 0.0, 16.0, 16.0 ] }
            }
        },
        {
            "name": "SW",
            "from": [ 0.0, 0.0, 15.0 ], 
            "to": [ 1.0, 16.0, 16.0 ], 
            "faces": {
                "north": { "texture": "#0", "uv": [ 15.0, 0.0, 16.0, 16.0 ] },
                "east": { "texture": "#0", "uv": [ 0.0, 0.0, 1.0, 16.0 ] },
                "south": { "texture": "#0", "uv": [ 0.0, 0.0, 1.0, 16.0 ] },
                "west": { "texture": "#0", "uv": [ 15.0, 0.0, 16.0, 16.0 ] }
            }
        },
        {
            "name": "NW",
            "from": [ 0.0, 0.0, 0.0 ], 
            "to": [ 1.0, 16.0, 1.0 ], 
            "faces": {
                "north": { "texture": "#0", "uv": [ 15.0, 0.0, 16.0, 16.0 ] },
                "east": { "texture": "#0", "uv": [ 15.0, 0.0, 16.0, 16.0 ] },
                "south": { "texture": "#0", "uv": [ 0.0, 0.0, 1.0, 16.0 ] },
                "west": { "texture": "#0", "uv": [ 0.0, 0.0, 1.0, 16.0 ] }
            }
        },
        {
            "name": "Inner Cube",
            "from": [ 1.0, 1.0, 1.0 ], 
            "to": [ 15.0, 15.0, 15.0 ], 
            "faces": {
                "north": { "texture": "#0", "uv": [ 1.0, 1.0, 15.0, 15.0 ] },
                "east": { "texture": "#0", "uv": [ 1.0, 1.0, 15.0, 15.0 ] },
                "south": { "texture": "#0", "uv": [ 1.0, 1.0, 15.0, 15.0 ] },
                "west": { "texture": "#0", "uv": [ 1.0, 1.0, 15.0, 15.0 ] }
            }
        },
        {
            "name": "NT1",
            "from": [ 13.0, 9.0, 0.0 ], 
            "to": [ 15.0, 14.0, 1.0 ], 
            "faces": {
                "north": { "texture": "#2", "uv": [ 0.0, 1.0, 2.0, 6.0 ] },
                "east": { "texture": "#2", "uv": [ 1.0, 1.0, 2.0, 6.0 ] },
                "west": { "texture": "#2", "uv": [ 0.0, 1.0, 1.0, 6.0 ] },
                "up": { "texture": "#2", "uv": [ 0.0, 0.0, 2.0, 1.0 ], "rotation": 180 }
            }
        },
        {
            "name": "NT2",
            "from": [ 12.0, 9.0, 0.0 ], 
            "to": [ 13.0, 13.0, 1.0 ], 
            "faces": {
                "north": { "texture": "#2", "uv": [ 4.0, 1.0, 6.0, 6.0 ] },
                "east": { "texture": "#2", "uv": [ 5.0, 1.0, 6.0, 6.0 ] },
                "west": { "texture": "#2", "uv": [ 4.0, 1.0, 5.0, 6.0 ] },
                "up": { "texture": "#2", "uv": [ 4.0, 0.0, 6.0, 1.0 ], "rotation": 180 }
            }
        },
        {
            "name": "NT3",
            "from": [ 10.0, 9.0, 0.0 ], 
            "to": [ 12.0, 14.0, 1.0 ], 
            "faces": {
                "north": { "texture": "#2", "uv": [ 2.0, 1.0, 4.0, 6.0 ] },
                "east": { "texture": "#2", "uv": [ 3.0, 1.0, 4.0, 6.0 ] },
                "west": { "texture": "#2", "uv": [ 2.0, 1.0, 3.0, 6.0 ] },
                "up": { "texture": "#2", "uv": [ 2.0, 0.0, 4.0, 1.0 ], "rotation": 180 }
            }
        },
        {
            "name": "NT4",
            "from": [ 8.0, 9.0, 0.0 ], 
            "to": [ 10.0, 15.0, 1.0 ], 
            "faces": {
                "north": { "texture": "#2", "uv": [ 8.0, 1.0, 10.0, 6.0 ] },
                "east": { "texture": "#2", "uv": [ 9.0, 1.0, 10.0, 6.0 ] },
                "west": { "texture": "#2", "uv": [ 8.0, 1.0, 9.0, 6.0 ] },
                "up": { "texture": "#2", "uv": [ 8.0, 0.0, 10.0, 1.0 ] }
            }
        },
        {
            "name": "NT5",
            "from": [ 7.0, 9.0, 0.0 ], 
            "to": [ 8.0, 13.0, 1.0 ], 
            "faces": {
                "north": { "texture": "#2", "uv": [ 0.0, 1.0, 2.0, 6.0 ] },
                "east": { "texture": "#2", "uv": [ 1.0, 1.0, 2.0, 6.0 ] },
                "west": { "texture": "#2", "uv": [ 0.0, 1.0, 1.0, 6.0 ] },
                "up": { "texture": "#2", "uv": [ 0.0, 0.0, 2.0, 1.0 ], "rotation": 180 }
            }
        },
        {
            "name": "NT6",
            "from": [ 5.0, 9.0, 0.0 ], 
            "to": [ 7.0, 14.0, 1.0 ], 
            "faces": {
                "north": { "texture": "#2", "uv": [ 6.0, 1.0, 8.0, 6.0 ] },
                "east": { "texture": "#2", "uv": [ 7.0, 1.0, 8.0, 6.0 ] },
                "west": { "texture": "#2", "uv": [ 6.0, 1.0, 7.0, 6.0 ] },
                "up": { "texture": "#2", "uv": [ 6.0, 0.0, 8.0, 1.0 ], "rotation": 180 }
            }
        },
        {
            "name": "NT7",
            "from": [ 3.0, 9.0, 0.0 ], 
            "to": [ 5.0, 15.0, 1.0 ], 
            "faces": {
                "north": { "texture": "#2", "uv": [ 2.0, 1.0, 4.0, 6.0 ] },
                "east": { "texture": "#2", "uv": [ 3.0, 1.0, 4.0, 6.0 ] },
                "west": { "texture": "#2", "uv": [ 2.0, 1.0, 3.0, 6.0 ] },
                "up": { "texture": "#2", "uv": [ 2.0, 0.0, 4.0, 1.0 ] }
            }
        },
        {
            "name": "NT8",
            "from": [ 1.0, 9.0, 0.0 ], 
            "to": [ 3.0, 14.0, 1.0 ], 
            "faces": {
                "north": { "texture": "#2", "uv": [ 4.0, 1.0, 6.0, 6.0 ] },
                "east": { "texture": "#2", "uv": [ 5.0, 1.0, 6.0, 6.0 ] },
                "west": { "texture": "#2", "uv": [ 4.0, 1.0, 5.0, 6.0 ] },
                "up": { "texture": "#2", "uv": [ 4.0, 0.0, 6.0, 1.0 ], "rotation": 180 }
            }
        },
        {
            "name": "NB1",
            "from": [ 13.0, 1.0, 0.0 ], 
            "to": [ 15.0, 6.0, 1.0 ], 
            "faces": {
                "north": { "texture": "#2", "uv": [ 6.0, 1.0, 8.0, 6.0 ] },
                "east": { "texture": "#2", "uv": [ 7.0, 1.0, 8.0, 6.0 ] },
                "west": { "texture": "#2", "uv": [ 6.0, 1.0, 7.0, 6.0 ] },
                "up": { "texture": "#2", "uv": [ 6.0, 0.0, 8.0, 1.0 ], "rotation": 180 }
            }
        },
        {
            "name": "NB2",
            "from": [ 11.0, 1.0, 0.0 ], 
            "to": [ 13.0, 7.0, 1.0 ], 
            "faces": {
                "north": { "texture": "#2", "uv": [ 8.0, 1.0, 10.0, 6.0 ] },
                "east": { "texture": "#2", "uv": [ 9.0, 1.0, 10.0, 6.0 ] },
                "west": { "texture": "#2", "uv": [ 8.0, 1.0, 9.0, 6.0 ] },
                "up": { "texture": "#2", "uv": [ 8.0, 0.0, 10.0, 1.0 ] }
            }
        },
        {
            "name": "NB3",
            "from": [ 9.0, 1.0, 0.0 ], 
            "to": [ 11.0, 6.0, 1.0 ], 
            "faces": {
                "north": { "texture": "#2", "uv": [ 0.0, 1.0, 2.0, 6.0 ] },
                "east": { "texture": "#2", "uv": [ 1.0, 1.0, 2.0, 6.0 ] },
                "west": { "texture": "#2", "uv": [ 0.0, 1.0, 1.0, 6.0 ] },
                "up": { "texture": "#2", "uv": [ 0.0, 0.0, 2.0, 1.0 ], "rotation": 180 }
            }
        },
        {
            "name": "NB4",
            "from": [ 8.0, 1.0, 0.0 ], 
            "to": [ 9.0, 5.0, 1.0 ], 
            "faces": {
                "north": { "texture": "#2", "uv": [ 2.0, 1.0, 4.0, 6.0 ] },
                "east": { "texture": "#2", "uv": [ 3.0, 1.0, 4.0, 6.0 ] },
                "west": { "texture": "#2", "uv": [ 2.0, 1.0, 3.0, 6.0 ] },
                "up": { "texture": "#2", "uv": [ 2.0, 0.0, 4.0, 1.0 ], "rotation": 180 }
            }
        },
        {
            "name": "NB5",
            "from": [ 6.0, 1.0, 0.0 ], 
            "to": [ 8.0, 7.0, 1.0 ], 
            "faces": {
                "north": { "texture": "#2", "uv": [ 4.0, 1.0, 6.0, 6.0 ] },
                "east": { "texture": "#2", "uv": [ 5.0, 1.0, 6.0, 6.0 ] },
                "west": { "texture": "#2", "uv": [ 4.0, 1.0, 5.0, 6.0 ] },
                "up": { "texture": "#2", "uv": [ 4.0, 0.0, 6.0, 1.0 ] }
            }
        },
        {
            "name": "NB6",
            "from": [ 4.0, 1.0, 0.0 ], 
            "to": [ 6.0, 5.0, 1.0 ], 
            "faces": {
                "north": { "texture": "#2", "uv": [ 8.0, 1.0, 10.0, 6.0 ] },
                "east": { "texture": "#2", "uv": [ 9.0, 1.0, 10.0, 6.0 ] },
                "west": { "texture": "#2", "uv": [ 8.0, 1.0, 9.0, 6.0 ] },
                "up": { "texture": "#2", "uv": [ 8.0, 0.0, 10.0, 1.0 ], "rotation": 180 }
            }
        },
        {
            "name": "NB7",
            "from": [ 3.0, 1.0, 0.0 ], 
            "to": [ 4.0, 6.0, 1.0 ], 
            "faces": {
                "north": { "texture": "#2", "uv": [ 0.0, 1.0, 2.0, 6.0 ] },
                "east": { "texture": "#2", "uv": [ 1.0, 1.0, 2.0, 6.0 ] },
                "west": { "texture": "#2", "uv": [ 0.0, 1.0, 1.0, 6.0 ] },
                "up": { "texture": "#2", "uv": [ 0.0, 0.0, 2.0, 1.0 ], "rotation": 180 }
            }
        },
        {
            "name": "NB8",
            "from": [ 1.0, 1.0, 0.0 ], 
            "to": [ 3.0, 7.0, 1.0 ], 
            "faces": {
                "north": { "texture": "#2", "uv": [ 2.0, 1.0, 4.0, 6.0 ] },
                "east": { "texture": "#2", "uv": [ 3.0, 1.0, 4.0, 6.0 ] },
                "west": { "texture": "#2", "uv": [ 2.0, 1.0, 3.0, 6.0 ] },
                "up": { "texture": "#2", "uv": [ 2.0, 0.0, 4.0, 1.0 ] }
            }
        },
        {
            "name": "ET1",
            "from": [ 15.0, 9.0, 13.0 ], 
            "to": [ 16.0, 14.0, 15.0 ], 
            "faces": {
                "north": { "texture": "#2", "uv": [ 0.0, 1.0, 1.0, 6.0 ] },
                "east": { "texture": "#2", "uv": [ 0.0, 1.0, 2.0, 6.0 ] },
                "south": { "texture": "#2", "uv": [ 1.0, 1.0, 2.0, 6.0 ] },
                "up": { "texture": "#2", "uv": [ 0.0, 0.0, 2.0, 1.0 ], "rotation": 270 }
            }
        },
        {
            "name": "ET2",
            "from": [ 15.0, 9.0, 12.0 ], 
            "to": [ 16.0, 13.0, 13.0 ], 
            "faces": {
                "north": { "texture": "#2", "uv": [ 4.0, 1.0, 5.0, 6.0 ] },
                "east": { "texture": "#2", "uv": [ 4.0, 1.0, 6.0, 6.0 ] },
                "south": { "texture": "#2", "uv": [ 5.0, 1.0, 6.0, 6.0 ] },
                "up": { "texture": "#2", "uv": [ 4.0, 0.0, 6.0, 1.0 ], "rotation": 270 }
            }
        },
        {
            "name": "ET3",
            "from": [ 15.0, 9.0, 10.0 ], 
            "to": [ 16.0, 14.0, 12.0 ], 
            "faces": {
                "north": { "texture": "#2", "uv": [ 2.0, 1.0, 3.0, 6.0 ] },
                "east": { "texture": "#2", "uv": [ 2.0, 1.0, 4.0, 6.0 ] },
                "south": { "texture": "#2", "uv": [ 3.0, 1.0, 4.0, 6.0 ] },
                "up": { "texture": "#2", "uv": [ 2.0, 0.0, 4.0, 1.0 ], "rotation": 270 }
            }
        },
        {
            "name": "ET4",
            "from": [ 15.0, 9.0, 8.0 ], 
            "to": [ 16.0, 15.0, 10.0 ], 
            "faces": {
                "north": { "texture": "#2", "uv": [ 8.0, 1.0, 9.0, 6.0 ] },
                "east": { "texture": "#2", "uv": [ 8.0, 1.0, 10.0, 6.0 ] },
                "south": { "texture": "#2", "uv": [ 9.0, 1.0, 10.0, 6.0 ] },
                "up": { "texture": "#2", "uv": [ 8.0, 0.0, 10.0, 1.0 ] }
            }
        },
        {
            "name": "ET5",
            "from": [ 15.0, 9.0, 7.0 ], 
            "to": [ 16.0, 13.0, 8.0 ], 
            "faces": {
                "north": { "texture": "#2", "uv": [ 0.0, 1.0, 1.0, 6.0 ] },
                "east": { "texture": "#2", "uv": [ 0.0, 1.0, 2.0, 6.0 ] },
                "south": { "texture": "#2", "uv": [ 1.0, 1.0, 2.0, 6.0 ] },
                "up": { "texture": "#2", "uv": [ 0.0, 0.0, 2.0, 1.0 ], "rotation": 270 }
            }
        },
        {
            "name": "ET6",
            "from": [ 15.0, 9.0, 5.0 ], 
            "to": [ 16.0, 14.0, 7.0 ], 
            "faces": {
                "north": { "texture": "#2", "uv": [ 6.0, 1.0, 7.0, 6.0 ] },
                "east": { "texture": "#2", "uv": [ 6.0, 1.0, 8.0, 6.0 ] },
                "south": { "texture": "#2", "uv": [ 7.0, 1.0, 8.0, 6.0 ] },
                "up": { "texture": "#2", "uv": [ 6.0, 0.0, 8.0, 1.0 ], "rotation": 270 }
            }
        },
        {
            "name": "ET7",
            "from": [ 15.0, 9.0, 3.0 ], 
            "to": [ 16.0, 15.0, 5.0 ], 
            "faces": {
                "north": { "texture": "#2", "uv": [ 2.0, 1.0, 3.0, 6.0 ] },
                "east": { "texture": "#2", "uv": [ 2.0, 1.0, 4.0, 6.0 ] },
                "south": { "texture": "#2", "uv": [ 2.0, 1.0, 3.0, 6.0 ] },
                "up": { "texture": "#2", "uv": [ 2.0, 0.0, 4.0, 1.0 ] }
            }
        },
        {
            "name": "ET8",
            "from": [ 15.0, 9.0, 1.0 ], 
            "to": [ 16.0, 14.0, 3.0 ], 
            "faces": {
                "north": { "texture": "#2", "uv": [ 4.0, 1.0, 5.0, 6.0 ] },
                "east": { "texture": "#2", "uv": [ 4.0, 1.0, 6.0, 6.0 ] },
                "south": { "texture": "#2", "uv": [ 5.0, 1.0, 6.0, 6.0 ] },
                "up": { "texture": "#2", "uv": [ 4.0, 0.0, 6.0, 1.0 ], "rotation": 270 }
            }
        },
        {
            "name": "EB1",
            "from": [ 15.0, 1.0, 13.0 ], 
            "to": [ 16.0, 6.0, 15.0 ], 
            "faces": {
                "north": { "texture": "#2", "uv": [ 6.0, 1.0, 7.0, 6.0 ] },
                "east": { "texture": "#2", "uv": [ 6.0, 1.0, 8.0, 6.0 ] },
                "south": { "texture": "#2", "uv": [ 7.0, 1.0, 8.0, 6.0 ] },
                "up": { "texture": "#2", "uv": [ 6.0, 0.0, 8.0, 1.0 ], "rotation": 270 }
            }
        },
        {
            "name": "EB2",
            "from": [ 15.0, 1.0, 11.0 ], 
            "to": [ 16.0, 7.0, 13.0 ], 
            "faces": {
                "north": { "texture": "#2", "uv": [ 8.0, 1.0, 9.0, 6.0 ] },
                "east": { "texture": "#2", "uv": [ 8.0, 1.0, 10.0, 6.0 ] },
                "south": { "texture": "#2", "uv": [ 9.0, 1.0, 10.0, 6.0 ] },
                "up": { "texture": "#2", "uv": [ 8.0, 0.0, 10.0, 1.0 ], "rotation": 180 }
            }
        },
        {
            "name": "EB3",
            "from": [ 15.0, 1.0, 9.0 ], 
            "to": [ 16.0, 6.0, 11.0 ], 
            "faces": {
                "north": { "texture": "#2", "uv": [ 0.0, 1.0, 1.0, 6.0 ] },
                "east": { "texture": "#2", "uv": [ 0.0, 1.0, 2.0, 6.0 ] },
                "south": { "texture": "#2", "uv": [ 1.0, 1.0, 2.0, 6.0 ] },
                "up": { "texture": "#2", "uv": [ 0.0, 0.0, 2.0, 1.0 ], "rotation": 270 }
            }
        },
        {
            "name": "EB4",
            "from": [ 15.0, 1.0, 8.0 ], 
            "to": [ 16.0, 5.0, 9.0 ], 
            "faces": {
                "north": { "texture": "#2", "uv": [ 2.0, 1.0, 3.0, 6.0 ] },
                "east": { "texture": "#2", "uv": [ 2.0, 1.0, 4.0, 6.0 ] },
                "south": { "texture": "#2", "uv": [ 3.0, 1.0, 4.0, 6.0 ] },
                "up": { "texture": "#2", "uv": [ 2.0, 0.0, 4.0, 1.0 ], "rotation": 270 }
            }
        },
        {
            "name": "EB5",
            "from": [ 15.0, 1.0, 6.0 ], 
            "to": [ 16.0, 7.0, 8.0 ], 
            "faces": {
                "north": { "texture": "#2", "uv": [ 4.0, 1.0, 5.0, 6.0 ] },
                "east": { "texture": "#2", "uv": [ 4.0, 1.0, 6.0, 6.0 ] },
                "south": { "texture": "#2", "uv": [ 5.0, 1.0, 6.0, 6.0 ] },
                "up": { "texture": "#2", "uv": [ 4.0, 0.0, 6.0, 1.0 ], "rotation": 270 }
            }
        },
        {
            "name": "EB6",
            "from": [ 15.0, 1.0, 4.0 ], 
            "to": [ 16.0, 5.0, 6.0 ], 
            "faces": {
                "north": { "texture": "#2", "uv": [ 8.0, 1.0, 9.0, 6.0 ] },
                "east": { "texture": "#2", "uv": [ 8.0, 1.0, 10.0, 6.0 ] },
                "south": { "texture": "#2", "uv": [ 9.0, 1.0, 10.0, 6.0 ] },
                "up": { "texture": "#2", "uv": [ 8.0, 0.0, 10.0, 1.0 ], "rotation": 270 }
            }
        },
        {
            "name": "EB7",
            "from": [ 15.0, 1.0, 3.0 ], 
            "to": [ 16.0, 6.0, 4.0 ], 
            "faces": {
                "north": { "texture": "#2", "uv": [ 0.0, 1.0, 1.0, 6.0 ] },
                "east": { "texture": "#2", "uv": [ 0.0, 1.0, 2.0, 6.0 ] },
                "south": { "texture": "#2", "uv": [ 1.0, 1.0, 2.0, 6.0 ] },
                "up": { "texture": "#2", "uv": [ 0.0, 0.0, 2.0, 1.0 ], "rotation": 270 }
            }
        },
        {
            "name": "EB8",
            "from": [ 15.0, 1.0, 1.0 ], 
            "to": [ 16.0, 7.0, 3.0 ], 
            "faces": {
                "north": { "texture": "#2", "uv": [ 2.0, 1.0, 3.0, 6.0 ] },
                "east": { "texture": "#2", "uv": [ 2.0, 1.0, 4.0, 6.0 ] },
                "south": { "texture": "#2", "uv": [ 3.0, 1.0, 4.0, 6.0 ] },
                "up": { "texture": "#2", "uv": [ 2.0, 0.0, 4.0, 1.0 ], "rotation": 180 }
            }
        },
        {
            "name": "ST1",
            "from": [ 1.0, 9.0, 15.0 ], 
            "to": [ 3.0, 14.0, 16.0 ], 
            "faces": {
                "east": { "texture": "#2", "uv": [ 0.0, 1.0, 1.0, 6.0 ] },
                "south": { "texture": "#2", "uv": [ 0.0, 1.0, 2.0, 6.0 ] },
                "west": { "texture": "#2", "uv": [ 1.0, 1.0, 2.0, 6.0 ] },
                "up": { "texture": "#2", "uv": [ 0.0, 0.0, 2.0, 1.0 ] }
            }
        },
        {
            "name": "ST2",
            "from": [ 3.0, 9.0, 15.0 ], 
            "to": [ 4.0, 13.0, 16.0 ], 
            "faces": {
                "east": { "texture": "#2", "uv": [ 4.0, 1.0, 5.0, 6.0 ] },
                "south": { "texture": "#2", "uv": [ 4.0, 1.0, 6.0, 6.0 ] },
                "west": { "texture": "#2", "uv": [ 5.0, 1.0, 6.0, 6.0 ] },
                "up": { "texture": "#2", "uv": [ 4.0, 0.0, 6.0, 1.0 ] }
            }
        },
        {
            "name": "ST3",
            "from": [ 4.0, 9.0, 15.0 ], 
            "to": [ 6.0, 14.0, 16.0 ], 
            "faces": {
                "east": { "texture": "#2", "uv": [ 2.0, 1.0, 3.0, 6.0 ] },
                "south": { "texture": "#2", "uv": [ 2.0, 1.0, 4.0, 6.0 ] },
                "west": { "texture": "#2", "uv": [ 3.0, 1.0, 4.0, 6.0 ] },
                "up": { "texture": "#2", "uv": [ 2.0, 0.0, 4.0, 1.0 ] }
            }
        },
        {
            "name": "ST4",
            "from": [ 6.0, 9.0, 15.0 ], 
            "to": [ 8.0, 15.0, 16.0 ], 
            "faces": {
                "east": { "texture": "#2", "uv": [ 8.0, 1.0, 9.0, 6.0 ] },
                "south": { "texture": "#2", "uv": [ 8.0, 1.0, 10.0, 6.0 ] },
                "west": { "texture": "#2", "uv": [ 9.0, 1.0, 10.0, 6.0 ] },
                "up": { "texture": "#2", "uv": [ 8.0, 0.0, 10.0, 1.0 ] }
            }
        },
        {
            "name": "ST5",
            "from": [ 8.0, 9.0, 15.0 ], 
            "to": [ 9.0, 13.0, 16.0 ], 
            "faces": {
                "east": { "texture": "#2", "uv": [ 0.0, 1.0, 1.0, 6.0 ] },
                "south": { "texture": "#2", "uv": [ 0.0, 1.0, 2.0, 6.0 ] },
                "west": { "texture": "#2", "uv": [ 1.0, 1.0, 2.0, 6.0 ] },
                "up": { "texture": "#2", "uv": [ 0.0, 0.0, 2.0, 1.0 ] }
            }
        },
        {
            "name": "ST6",
            "from": [ 9.0, 9.0, 15.0 ], 
            "to": [ 11.0, 14.0, 16.0 ], 
            "faces": {
                "east": { "texture": "#2", "uv": [ 6.0, 1.0, 7.0, 6.0 ] },
                "south": { "texture": "#2", "uv": [ 6.0, 1.0, 8.0, 6.0 ] },
                "west": { "texture": "#2", "uv": [ 7.0, 1.0, 8.0, 6.0 ] },
                "up": { "texture": "#2", "uv": [ 6.0, 0.0, 8.0, 1.0 ] }
            }
        },
        {
            "name": "ST7",
            "from": [ 11.0, 9.0, 15.0 ], 
            "to": [ 13.0, 15.0, 16.0 ], 
            "faces": {
                "east": { "texture": "#2", "uv": [ 2.0, 1.0, 3.0, 6.0 ] },
                "south": { "texture": "#2", "uv": [ 2.0, 1.0, 4.0, 6.0 ] },
                "west": { "texture": "#2", "uv": [ 3.0, 1.0, 4.0, 6.0 ] },
                "up": { "texture": "#2", "uv": [ 2.0, 0.0, 4.0, 1.0 ] }
            }
        },
        {
            "name": "ST8",
            "from": [ 13.0, 9.0, 15.0 ], 
            "to": [ 15.0, 14.0, 16.0 ], 
            "faces": {
                "east": { "texture": "#2", "uv": [ 4.0, 1.0, 5.0, 6.0 ] },
                "south": { "texture": "#2", "uv": [ 4.0, 1.0, 6.0, 6.0 ] },
                "west": { "texture": "#2", "uv": [ 5.0, 1.0, 6.0, 6.0 ] },
                "up": { "texture": "#2", "uv": [ 4.0, 0.0, 6.0, 1.0 ] }
            }
        },
        {
            "name": "SB1",
            "from": [ 1.0, 1.0, 15.0 ], 
            "to": [ 3.0, 6.0, 16.0 ], 
            "faces": {
                "east": { "texture": "#2", "uv": [ 6.0, 1.0, 7.0, 6.0 ] },
                "south": { "texture": "#2", "uv": [ 6.0, 1.0, 8.0, 6.0 ] },
                "west": { "texture": "#2", "uv": [ 7.0, 1.0, 8.0, 6.0 ] },
                "up": { "texture": "#2", "uv": [ 6.0, 0.0, 8.0, 1.0 ] }
            }
        },
        {
            "name": "SB2",
            "from": [ 3.0, 1.0, 15.0 ], 
            "to": [ 5.0, 7.0, 16.0 ], 
            "faces": {
                "east": { "texture": "#2", "uv": [ 8.0, 1.0, 9.0, 6.0 ] },
                "south": { "texture": "#2", "uv": [ 8.0, 1.0, 10.0, 6.0 ] },
                "west": { "texture": "#2", "uv": [ 9.0, 1.0, 10.0, 6.0 ] },
                "up": { "texture": "#2", "uv": [ 8.0, 0.0, 10.0, 1.0 ] }
            }
        },
        {
            "name": "SB3",
            "from": [ 5.0, 1.0, 15.0 ], 
            "to": [ 7.0, 6.0, 16.0 ], 
            "faces": {
                "east": { "texture": "#2", "uv": [ 0.0, 1.0, 1.0, 6.0 ] },
                "south": { "texture": "#2", "uv": [ 0.0, 1.0, 2.0, 6.0 ] },
                "west": { "texture": "#2", "uv": [ 1.0, 1.0, 2.0, 6.0 ] },
                "up": { "texture": "#2", "uv": [ 0.0, 0.0, 2.0, 1.0 ] }
            }
        },
        {
            "name": "SB4",
            "from": [ 7.0, 1.0, 15.0 ], 
            "to": [ 8.0, 5.0, 16.0 ], 
            "faces": {
                "east": { "texture": "#2", "uv": [ 2.0, 1.0, 3.0, 6.0 ] },
                "south": { "texture": "#2", "uv": [ 2.0, 1.0, 4.0, 6.0 ] },
                "west": { "texture": "#2", "uv": [ 3.0, 1.0, 4.0, 6.0 ] },
                "up": { "texture": "#2", "uv": [ 2.0, 0.0, 4.0, 1.0 ] }
            }
        },
        {
            "name": "SB5",
            "from": [ 8.0, 1.0, 15.0 ], 
            "to": [ 10.0, 7.0, 16.0 ], 
            "faces": {
                "east": { "texture": "#2", "uv": [ 4.0, 1.0, 5.0, 6.0 ] },
                "south": { "texture": "#2", "uv": [ 4.0, 1.0, 6.0, 6.0 ] },
                "west": { "texture": "#2", "uv": [ 5.0, 1.0, 6.0, 6.0 ] },
                "up": { "texture": "#2", "uv": [ 4.0, 0.0, 6.0, 1.0 ] }
            }
        },
        {
            "name": "SB6",
            "from": [ 10.0, 1.0, 15.0 ], 
            "to": [ 12.0, 5.0, 16.0 ], 
            "faces": {
                "east": { "texture": "#2", "uv": [ 8.0, 1.0, 9.0, 6.0 ] },
                "south": { "texture": "#2", "uv": [ 8.0, 1.0, 10.0, 6.0 ] },
                "west": { "texture": "#2", "uv": [ 9.0, 1.0, 10.0, 6.0 ] },
                "up": { "texture": "#2", "uv": [ 8.0, 0.0, 10.0, 1.0 ] }
            }
        },
        {
            "name": "SB7",
            "from": [ 12.0, 1.0, 15.0 ], 
            "to": [ 13.0, 6.0, 16.0 ], 
            "faces": {
                "east": { "texture": "#2", "uv": [ 0.0, 1.0, 1.0, 6.0 ] },
                "south": { "texture": "#2", "uv": [ 0.0, 1.0, 2.0, 6.0 ] },
                "west": { "texture": "#2", "uv": [ 1.0, 1.0, 2.0, 6.0 ] },
                "up": { "texture": "#2", "uv": [ 0.0, 0.0, 2.0, 1.0 ] }
            }
        },
        {
            "name": "SB8",
            "from": [ 13.0, 1.0, 15.0 ], 
            "to": [ 15.0, 7.0, 16.0 ], 
            "faces": {
                "east": { "texture": "#2", "uv": [ 2.0, 1.0, 3.0, 6.0 ] },
                "south": { "texture": "#2", "uv": [ 2.0, 1.0, 4.0, 6.0 ] },
                "west": { "texture": "#2", "uv": [ 3.0, 1.0, 4.0, 6.0 ] },
                "up": { "texture": "#2", "uv": [ 2.0, 0.0, 4.0, 1.0 ] }
            }
        },
        {
            "name": "WT1",
            "from": [ 0.0, 9.0, 1.0 ], 
            "to": [ 1.0, 14.0, 3.0 ], 
            "faces": {
                "north": { "texture": "#2", "uv": [ 1.0, 1.0, 2.0, 6.0 ] },
                "south": { "texture": "#2", "uv": [ 0.0, 1.0, 1.0, 6.0 ] },
                "west": { "texture": "#2", "uv": [ 0.0, 1.0, 2.0, 6.0 ] },
                "up": { "texture": "#2", "uv": [ 0.0, 0.0, 2.0, 1.0 ], "rotation": 90 }
            }
        },
        {
            "name": "WT2",
            "from": [ 0.0, 9.0, 3.0 ], 
            "to": [ 1.0, 13.0, 4.0 ], 
            "faces": {
                "north": { "texture": "#2", "uv": [ 5.0, 1.0, 6.0, 6.0 ] },
                "south": { "texture": "#2", "uv": [ 4.0, 1.0, 5.0, 6.0 ] },
                "west": { "texture": "#2", "uv": [ 4.0, 1.0, 6.0, 6.0 ] },
                "up": { "texture": "#2", "uv": [ 4.0, 0.0, 6.0, 1.0 ], "rotation": 90 }
            }
        },
        {
            "name": "WT3",
            "from": [ 0.0, 9.0, 4.0 ], 
            "to": [ 1.0, 14.0, 6.0 ], 
            "faces": {
                "north": { "texture": "#2", "uv": [ 3.0, 1.0, 4.0, 6.0 ] },
                "south": { "texture": "#2", "uv": [ 2.0, 1.0, 3.0, 6.0 ] },
                "west": { "texture": "#2", "uv": [ 2.0, 1.0, 4.0, 6.0 ] },
                "up": { "texture": "#2", "uv": [ 2.0, 0.0, 4.0, 1.0 ], "rotation": 90 }
            }
        },
        {
            "name": "WT4",
            "from": [ 0.0, 9.0, 6.0 ], 
            "to": [ 1.0, 15.0, 8.0 ], 
            "faces": {
                "north": { "texture": "#2", "uv": [ 9.0, 1.0, 10.0, 6.0 ] },
                "south": { "texture": "#2", "uv": [ 8.0, 1.0, 9.0, 6.0 ] },
                "west": { "texture": "#2", "uv": [ 8.0, 1.0, 10.0, 6.0 ] },
                "up": { "texture": "#2", "uv": [ 8.0, 0.0, 10.0, 1.0 ], "rotation": 90 }
            }
        },
        {
            "name": "WT5",
            "from": [ 0.0, 9.0, 8.0 ], 
            "to": [ 1.0, 13.0, 9.0 ], 
            "faces": {
                "north": { "texture": "#2", "uv": [ 1.0, 1.0, 2.0, 6.0 ] },
                "south": { "texture": "#2", "uv": [ 0.0, 1.0, 1.0, 6.0 ] },
                "west": { "texture": "#2", "uv": [ 0.0, 1.0, 2.0, 6.0 ] },
                "up": { "texture": "#2", "uv": [ 0.0, 0.0, 2.0, 1.0 ], "rotation": 90 }
            }
        },
        {
            "name": "WT6",
            "from": [ 0.0, 9.0, 9.0 ], 
            "to": [ 1.0, 14.0, 11.0 ], 
            "faces": {
                "north": { "texture": "#2", "uv": [ 7.0, 1.0, 8.0, 6.0 ] },
                "south": { "texture": "#2", "uv": [ 6.0, 1.0, 7.0, 6.0 ] },
                "west": { "texture": "#2", "uv": [ 6.0, 1.0, 8.0, 6.0 ] },
                "up": { "texture": "#2", "uv": [ 6.0, 0.0, 8.0, 1.0 ], "rotation": 90 }
            }
        },
        {
            "name": "WT7",
            "from": [ 0.0, 9.0, 11.0 ], 
            "to": [ 1.0, 15.0, 13.0 ], 
            "faces": {
                "north": { "texture": "#2", "uv": [ 3.0, 1.0, 4.0, 6.0 ] },
                "south": { "texture": "#2", "uv": [ 2.0, 1.0, 3.0, 6.0 ] },
                "west": { "texture": "#2", "uv": [ 2.0, 1.0, 4.0, 6.0 ] },
                "up": { "texture": "#2", "uv": [ 2.0, 0.0, 4.0, 1.0 ], "rotation": 90 }
            }
        },
        {
            "name": "WT8",
            "from": [ 0.0, 9.0, 13.0 ], 
            "to": [ 1.0, 14.0, 15.0 ], 
            "faces": {
                "north": { "texture": "#2", "uv": [ 5.0, 1.0, 6.0, 6.0 ] },
                "south": { "texture": "#2", "uv": [ 4.0, 1.0, 5.0, 6.0 ] },
                "west": { "texture": "#2", "uv": [ 4.0, 1.0, 6.0, 6.0 ] },
                "up": { "texture": "#2", "uv": [ 4.0, 0.0, 6.0, 1.0 ], "rotation": 90 }
            }
        },
        {
            "name": "WB1",
            "from": [ 0.0, 1.0, 1.0 ], 
            "to": [ 1.0, 6.0, 3.0 ], 
            "faces": {
                "north": { "texture": "#2", "uv": [ 5.0, 1.0, 6.0, 6.0 ] },
                "south": { "texture": "#2", "uv": [ 4.0, 1.0, 5.0, 6.0 ] },
                "west": { "texture": "#2", "uv": [ 4.0, 1.0, 6.0, 6.0 ] },
                "up": { "texture": "#2", "uv": [ 4.0, 0.0, 6.0, 1.0 ], "rotation": 90 }
            }
        },
        {
            "name": "WB2",
            "from": [ 0.0, 1.0, 3.0 ], 
            "to": [ 1.0, 7.0, 5.0 ], 
            "faces": {
                "north": { "texture": "#2", "uv": [ 9.0, 1.0, 10.0, 6.0 ] },
                "south": { "texture": "#2", "uv": [ 8.0, 1.0, 9.0, 6.0 ] },
                "west": { "texture": "#2", "uv": [ 8.0, 1.0, 10.0, 6.0 ] },
                "up": { "texture": "#2", "uv": [ 8.0, 0.0, 10.0, 1.0 ], "rotation": 90 }
            }
        },
        {
            "name": "WB3",
            "from": [ 0.0, 1.0, 5.0 ], 
            "to": [ 1.0, 6.0, 7.0 ], 
            "faces": {
                "north": { "texture": "#2", "uv": [ 1.0, 1.0, 2.0, 6.0 ] },
                "south": { "texture": "#2", "uv": [ 0.0, 1.0, 1.0, 6.0 ] },
                "west": { "texture": "#2", "uv": [ 0.0, 1.0, 2.0, 6.0 ] },
                "up": { "texture": "#2", "uv": [ 0.0, 0.0, 2.0, 1.0 ], "rotation": 90 }
            }
        },
        {
            "name": "WB4",
            "from": [ 0.0, 1.0, 7.0 ], 
            "to": [ 1.0, 5.0, 8.0 ], 
            "faces": {
                "north": { "texture": "#2", "uv": [ 3.0, 1.0, 4.0, 6.0 ] },
                "south": { "texture": "#2", "uv": [ 2.0, 1.0, 3.0, 6.0 ] },
                "west": { "texture": "#2", "uv": [ 2.0, 1.0, 4.0, 6.0 ] },
                "up": { "texture": "#2", "uv": [ 2.0, 0.0, 4.0, 1.0 ], "rotation": 90 }
            }
        },
        {
            "name": "WB5",
            "from": [ 0.0, 1.0, 8.0 ], 
            "to": [ 1.0, 7.0, 10.0 ], 
            "faces": {
                "north": { "texture": "#2", "uv": [ 5.0, 1.0, 6.0, 6.0 ] },
                "south": { "texture": "#2", "uv": [ 4.0, 1.0, 5.0, 6.0 ] },
                "west": { "texture": "#2", "uv": [ 4.0, 1.0, 6.0, 6.0 ] },
                "up": { "texture": "#2", "uv": [ 4.0, 0.0, 6.0, 1.0 ], "rotation": 90 }
            }
        },
        {
            "name": "WB6",
            "from": [ 0.0, 1.0, 10.0 ], 
            "to": [ 1.0, 5.0, 12.0 ], 
            "faces": {
                "north": { "texture": "#2", "uv": [ 9.0, 1.0, 10.0, 6.0 ] },
                "south": { "texture": "#2", "uv": [ 8.0, 1.0, 9.0, 6.0 ] },
                "west": { "texture": "#2", "uv": [ 8.0, 1.0, 10.0, 6.0 ] },
                "up": { "texture": "#2", "uv": [ 8.0, 0.0, 10.0, 1.0 ], "rotation": 90 }
            }
        },
        {
            "name": "WB7",
            "from": [ 0.0, 1.0, 12.0 ], 
            "to": [ 1.0, 6.0, 13.0 ], 
            "faces": {
                "north": { "texture": "#2", "uv": [ 1.0, 1.0, 2.0, 6.0 ] },
                "south": { "texture": "#2", "uv": [ 0.0, 1.0, 1.0, 6.0 ] },
                "west": { "texture": "#2", "uv": [ 0.0, 1.0, 2.0, 6.0 ] },
                "up": { "texture": "#2", "uv": [ 0.0, 0.0, 2.0, 1.0 ], "rotation": 90 }
            }
        },
        {
            "name": "WB8",
            "from": [ 0.0, 1.0, 13.0 ], 
            "to": [ 1.0, 7.0, 15.0 ], 
            "faces": {
                "north": { "texture": "#2", "uv": [ 3.0, 1.0, 4.0, 6.0 ] },
                "south": { "texture": "#2", "uv": [ 2.0, 1.0, 3.0, 6.0 ] },
                "west": { "texture": "#2", "uv": [ 2.0, 1.0, 4.0, 6.0 ] },
                "up": { "texture": "#2", "uv": [ 2.0, 0.0, 4.0, 1.0 ], "rotation": 90 }
            }
        }
    ]
}