{
	"credit": "Made by Juknum",
	"parent": "block",
	"textures": {
		"0": "block/brown_mushroom_block",
		"1": "block/mushroom_block_inside",
		"2": "block/mushroom_stem",
		"particle": "block/brown_mushroom_block"
	},
	"elements": [
		{
			"from": [7, 0, 7],
			"to": [9, 3.5, 9],
			"faces": {
				"north": {"uv": [7, 12.5, 9, 16], "texture": "#2"},
				"east": {"uv": [7, 12.5, 9, 16], "texture": "#2"},
				"south": {"uv": [7, 12.5, 9, 16], "texture": "#2"},
				"west": {"uv": [7, 12.5, 9, 16], "texture": "#2"},
				"down": {"uv": [7, 7, 9, 9], "texture": "#1"}
			}
		},
		{
			"from": [6.5, 3.5, 6.5],
			"to": [7, 4.5, 9.5],
			"faces": {
				"north": {"uv": [6.5, 12, 7, 13], "texture": "#2"},
				"south": {"uv": [9, 12, 9.5, 13], "texture": "#2"},
				"west": {"uv": [6.5, 12, 9.5, 13], "texture": "#2"},
				"down": {"uv": [6.5, 12, 9.5, 12.5], "rotation": 270, "texture": "#2"}
			}
		},
		{
			"from": [9, 3.5, 6.5],
			"to": [9.5, 4.5, 9.5],
			"faces": {
				"north": {"uv": [9, 12, 9.5, 13], "texture": "#2"},
				"east": {"uv": [6.5, 12, 9.5, 13], "texture": "#2"},
				"south": {"uv": [6.5, 12, 7, 13], "texture": "#2"},
				"down": {"uv": [6.5, 12, 9.5, 12.5], "rotation": 90, "texture": "#2"}
			}
		},
		{
			"from": [7, 3.5, 6.5],
			"to": [9, 4.5, 7],
			"faces": {
				"north": {"uv": [7, 12, 9, 13], "rotation": 180, "texture": "#2"},
				"down": {"uv": [7, 12, 9, 12.5], "texture": "#2"}
			}
		},
		{
			"from": [7, 3.5, 9],
			"to": [9, 4.5, 9.5],
			"faces": {
				"south": {"uv": [7, 12, 9, 13], "rotation": 180, "texture": "#2"},
				"down": {"uv": [7, 12, 9, 12.5], "rotation": 180, "texture": "#2"}
			}
		},
		{
			"from": [4, 4, 4.5],
			"to": [4.5, 4.5, 11.5],
			"faces": {
				"north": {"uv": [4.5, 11.5, 5, 12], "texture": "#0"},
				"east": {"uv": [4.5, 11.5, 11.5, 12], "texture": "#1"},
				"south": {"uv": [11, 11.5, 11.5, 12], "texture": "#0"},
				"west": {"uv": [4.5, 11.5, 11.5, 12], "texture": "#0"},
				"down": {"uv": [4.5, 11.5, 11.5, 12], "rotation": 90, "texture": "#0"}
			}
		},
		{
			"from": [11.5, 4, 4.5],
			"to": [12, 4.5, 11.5],
			"faces": {
				"north": {"uv": [11, 11.5, 11.5, 12], "texture": "#0"},
				"east": {"uv": [4.5, 11.5, 11.5, 12], "texture": "#0"},
				"south": {"uv": [4.5, 11.5, 5, 12], "texture": "#0"},
				"west": {"uv": [4.5, 11.5, 11.5, 12], "texture": "#1"},
				"down": {"uv": [4.5, 11.5, 11.5, 12], "rotation": 90, "texture": "#0"}
			}
		},
		{
			"from": [4.5, 4, 4],
			"to": [11.5, 4.5, 4.5],
			"faces": {
				"north": {"uv": [4.5, 11.5, 11.5, 12], "texture": "#0"},
				"east": {"uv": [4.5, 11.5, 5, 12], "texture": "#0"},
				"south": {"uv": [4.5, 11.5, 11.5, 12], "texture": "#1"},
				"west": {"uv": [11, 11.5, 11.5, 12], "texture": "#0"},
				"down": {"uv": [4.5, 11.5, 11.5, 12], "texture": "#0"}
			}
		},
		{
			"from": [4.5, 4, 11.5],
			"to": [11.5, 4.5, 12],
			"faces": {
				"north": {"uv": [4.5, 11.5, 11.5, 12], "texture": "#1"},
				"east": {"uv": [11, 11.5, 11.5, 12], "texture": "#0"},
				"south": {"uv": [4.5, 11.5, 11.5, 12], "texture": "#0"},
				"west": {"uv": [4.5, 11.5, 5, 12], "texture": "#0"},
				"down": {"uv": [4.5, 11.5, 11.5, 12], "texture": "#0"}
			}
		},
		{
			"from": [4.5, 6.5, 11.5],
			"to": [11.5, 7, 12],
			"faces": {
				"east": {"uv": [11, 9, 11.5, 9.5], "texture": "#0"},
				"south": {"uv": [4.5, 9, 11.5, 9.5], "texture": "#0"},
				"west": {"uv": [4.5, 9, 5, 9.5], "texture": "#0"},
				"up": {"uv": [4.5, 9, 11.5, 9.5], "texture": "#0"}
			}
		},
		{
			"from": [4, 6.5, 4.5],
			"to": [4.5, 7, 11.5],
			"faces": {
				"north": {"uv": [4.5, 9, 5, 9.5], "texture": "#0"},
				"south": {"uv": [11, 9, 11.5, 9.5], "texture": "#0"},
				"west": {"uv": [4.5, 9, 11.5, 9.5], "texture": "#0"},
				"up": {"uv": [4.5, 9, 11.5, 9.5], "rotation": 90, "texture": "#0"}
			}
		},
		{
			"from": [4.5, 7, 5],
			"to": [5, 7.5, 11],
			"faces": {
				"north": {"uv": [5, 8.5, 5.5, 9], "texture": "#0"},
				"south": {"uv": [10.5, 8.5, 11, 9], "texture": "#0"},
				"west": {"uv": [5, 8.5, 11, 9], "texture": "#0"},
				"up": {"uv": [5, 8.5, 11, 9], "rotation": 90, "texture": "#0"}
			}
		},
		{
			"from": [5, 7, 4.5],
			"to": [11, 7.5, 11.5],
			"faces": {
				"north": {"uv": [5, 8.5, 11, 9], "texture": "#0"},
				"east": {"uv": [5, 8.5, 5.5, 9], "texture": "#0"},
				"south": {"uv": [5, 10, 11, 10.5], "texture": "#0"},
				"west": {"uv": [10.5, 8.5, 11, 9], "texture": "#0"},
				"up": {"uv": [5, 4, 11, 11], "texture": "#0"}
			}
		},
		{
			"from": [11, 7, 5],
			"to": [11.5, 7.5, 11],
			"faces": {
				"north": {"uv": [10.5, 8.5, 11, 9], "texture": "#0"},
				"east": {"uv": [5, 8.5, 11, 9], "texture": "#0"},
				"south": {"uv": [5, 8.5, 5.5, 9], "texture": "#0"},
				"up": {"uv": [5, 8.5, 11, 9], "rotation": 270, "texture": "#0"}
			}
		},
		{
			"from": [5.5, 7.5, 5.5],
			"to": [10.5, 8, 10.5],
			"faces": {
				"north": {"uv": [5.5, 8, 10.5, 8.5], "texture": "#0"},
				"east": {"uv": [5.5, 8, 10.5, 8.5], "texture": "#0"},
				"south": {"uv": [5.5, 8, 10.5, 8.5], "texture": "#0"},
				"west": {"uv": [5.5, 8, 10.5, 8.5], "texture": "#0"},
				"up": {"uv": [5.5, 5.5, 10.5, 10.5], "rotation": 270, "texture": "#0"},
				"down": {"uv": [0, 0, 0, 0], "texture": "#0"}
			}
		},
		{
			"from": [11.5, 6.5, 4.5],
			"to": [12, 7, 11.5],
			"faces": {
				"north": {"uv": [11, 9, 11.5, 9.5], "texture": "#0"},
				"east": {"uv": [4.5, 9, 11.5, 9.5], "texture": "#0"},
				"south": {"uv": [4.5, 9, 5, 9.5], "texture": "#0"},
				"up": {"uv": [4.5, 9, 11.5, 9.5], "rotation": 270, "texture": "#0"}
			}
		},
		{
			"from": [4.5, 6.5, 4],
			"to": [11.5, 7, 4.5],
			"faces": {
				"north": {"uv": [4.5, 9, 11.5, 9.5], "texture": "#0"},
				"east": {"uv": [4.5, 9, 5, 9.5], "texture": "#0"},
				"west": {"uv": [11, 9, 11.5, 9.5], "texture": "#0"},
				"up": {"uv": [4.5, 9, 11.5, 9.5], "rotation": 180, "texture": "#0"}
			}
		},
		{
			"from": [3.5, 4.5, 4],
			"to": [4, 6.5, 12],
			"faces": {
				"north": {"uv": [4, 9.5, 4.5, 11.5], "texture": "#0"},
				"south": {"uv": [11.5, 9.5, 12, 11.5], "texture": "#0"},
				"west": {"uv": [4, 9.5, 12, 11.5], "texture": "#0"},
				"up": {"uv": [4, 9.5, 12, 10], "rotation": 90, "texture": "#0"},
				"down": {"uv": [4, 11, 12, 11.5], "rotation": 270, "texture": "#0"}
			}
		},
		{
			"from": [4, 4.5, 3.5],
			"to": [12, 6.5, 4],
			"faces": {
				"north": {"uv": [4, 9.5, 12, 11.5], "texture": "#0"},
				"east": {"uv": [4, 9.5, 4.5, 11.5], "texture": "#0"},
				"west": {"uv": [11.5, 9.5, 12, 11.5], "texture": "#0"},
				"up": {"uv": [4, 9.5, 12, 10], "rotation": 180, "texture": "#0"},
				"down": {"uv": [4, 11, 12, 11.5], "rotation": 180, "texture": "#0"}
			}
		},
		{
			"from": [4, 4.5, 12],
			"to": [12, 6.5, 12.5],
			"faces": {
				"east": {"uv": [11.5, 9.5, 12, 11.5], "texture": "#0"},
				"south": {"uv": [4, 9.5, 12, 11.5], "texture": "#0"},
				"west": {"uv": [4, 9.5, 4.5, 11.5], "texture": "#0"},
				"up": {"uv": [4, 9.5, 12, 10], "texture": "#0"},
				"down": {"uv": [4, 11, 12, 11.5], "texture": "#0"}
			}
		},
		{
			"from": [12, 4.5, 4],
			"to": [12.5, 6.5, 12],
			"faces": {
				"north": {"uv": [11.5, 9.5, 12, 11.5], "texture": "#0"},
				"east": {"uv": [4, 9.5, 12, 11.5], "texture": "#0"},
				"south": {"uv": [4, 9.5, 4.5, 11.5], "texture": "#0"},
				"up": {"uv": [4, 9.5, 12, 10], "rotation": 270, "texture": "#0"},
				"down": {"uv": [4, 11, 12, 11.5], "rotation": 90, "texture": "#0"}
			}
		},
		{
			"from": [4.5, 4.49, 4.5],
			"to": [11.5, 4.49, 11.5],
			"faces": {
				"down": {"uv": [4.5, 4.5, 11.5, 11.5], "texture": "#1"}
			}
		},
		{
			"from": [4, 4.5, 4],
			"to": [12, 6.5, 12],
			"faces": {
				"up": {"uv": [4, 4, 12, 12], "texture": "#0"},
				"down": {"uv": [11, 11.5, 11.5, 12], "texture": "#0"}
			}
		},
		{
			"from": [4.5, 7, 4.5],
			"to": [11.5, 7, 11.5],
			"faces": {
				"up": {"uv": [11, 9, 11.5, 9.5], "texture": "#0"}
			}
		}
	]
}