{
	"ambientocclusion": false,
    "textures": {
        "particle": "block/f_flower_pot",
        "0": "block/f_flower_pot"
    },
    "elements": [
        {
            "name": "West",
            "from": [ 5.0, 0.0, 5.0 ], 
            "to": [ 6.0, 6.0, 11.0 ], 
            "faces": {
                "east": { "texture": "#0", "uv": [ 5.0, 10.0, 11.0, 16.0 ] },
                "west": { "texture": "#0", "uv": [ 5.0, 10.0, 11.0, 16.0 ] },
                "up": { "texture": "#0", "uv": [ 5.0, 4.0, 6.0, 10.0 ] },
                "down": { "texture": "#0", "uv": [ 5.0, 4.0, 6.0, 10.0 ], "cullface": "down" }
            }
        },
        {
            "name": "East",
            "from": [ 10.0, 0.0, 5.0 ], 
            "to": [ 11.0, 6.0, 11.0 ], 
            "faces": {
                "east": { "texture": "#0", "uv": [ 5.0, 10.0, 11.0, 16.0 ] },
                "west": { "texture": "#0", "uv": [ 5.0, 10.0, 11.0, 16.0 ] },
                "up": { "texture": "#0", "uv": [ 10.0, 4.0, 11.0, 10.0 ] },
                "down": { "texture": "#0", "uv": [ 10.0, 4.0, 11.0, 10.0 ], "cullface": "down" }
            }
        },
        {
            "name": "North",
            "from": [ 5.0, 0.0, 5.0 ], 
            "to": [ 11.0, 6.0, 6.0 ], 
            "faces": {
                "north": { "texture": "#0", "uv": [ 5.0, 10.0, 11.0, 16.0 ] },
                "south": { "texture": "#0", "uv": [ 6.0, 10.0, 10.0, 16.0 ] },
                "up": { "texture": "#0", "uv": [ 5.0, 4.0, 11.0, 5.0 ] },
                "down": { "texture": "#0", "uv": [ 5.0, 9.0, 11.0, 10.0 ], "cullface": "down" }
            }
        },
        {
            "name": "South",
            "from": [ 5.0, 0.0, 10.0 ], 
            "to": [ 11.0, 6.0, 11.0 ], 
            "faces": {
                "north": { "texture": "#0", "uv": [ 5.0, 10.0, 11.0, 16.0 ] },
                "south": { "texture": "#0", "uv": [ 5.0, 10.0, 11.0, 16.0 ] },
                "up": { "texture": "#0", "uv": [ 5.0, 9.0, 11.0, 10.0 ] },
                "down": { "texture": "#0", "uv": [ 5.0, 4.0, 11.0, 5.0 ], "cullface": "down" }
            }
        },
        {
            "name": "Dirt",
            "from": [ 6.0, 0.0, 6.0 ], 
            "to": [ 10.0, 5.0, 10.0 ], 
            "faces": {
                "up": { "texture": "#0", "uv": [ 6.0, 5.0, 10.0, 9.0 ] },
                "down": { "texture": "#0", "uv": [ 6.0, 5.0, 10.0, 9.0 ], "cullface": "down" }
            }
        }
    ]
}