{
	"credit": "Designed by Progical & rewrote by Juknum",
	"parent":"block/block",
	"ambientocclusion": false,
	"textures": {
		"0": "block/furnace_front_on",
		"2": "block/furnace_side",
		"3": "block/furnace_top",
		"particle": "block/furnace_front_on"
	},
	"elements": [
		{
			"name": "furnace_front_0",
			"from": [11, 11.5, 0],
			"to": [16, 16, 0.5],
			"rotation": {"angle": 0, "axis": "y", "origin": [8, 8, -7.5]},
			"faces": {
				"north": {"uv": [0, 0, 5, 4.5], "texture": "#0", "cullface": "north"},
				"east": {"uv": [15.5, 0, 16, 4.5], "texture": "#2", "cullface": "east"},
				"west": {"uv": [4.5, 0, 5, 4.5], "texture": "#0", "cullface": "north"},
				"up": {"uv": [16, 0, 11, 0.5], "texture": "#3", "cullface": "up"},
				"down": {"uv": [0, 4, 5, 4.5], "rotation": 180, "texture": "#0", "cullface": "north"}
			}
		},
		{
			"name": "furnace_front_1",
			"from": [0, 12, 0],
			"to": [11, 16, 0.5],
			"rotation": {"angle": 0, "axis": "y", "origin": [8, 8, -7.5]},
			"faces": {
				"north": {"uv": [5, 0, 16, 4], "texture": "#0", "cullface": "north"},
				"west": {"uv": [0, 0, 0.5, 4], "texture": "#2", "cullface": "west"},
				"up": {"uv": [11, 0, 0, 0.5], "texture": "#3", "cullface": "up"},
				"down": {"uv": [5, 3.5, 16, 4], "rotation": 180, "texture": "#0", "cullface": "north"}
			}
		},
		{
			"name": "furnace_front_2",
			"from": [0, 11.5, 0],
			"to": [5, 12, 0.5],
			"rotation": {"angle": 0, "axis": "y", "origin": [8, 8, -7.5]},
			"faces": {
				"north": {"uv": [11, 4, 16, 4.5], "texture": "#0", "cullface": "north"},
				"east": {"uv": [11, 4, 11.5, 4.5], "texture": "#0", "cullface": "north"},
				"west": {"uv": [0, 4, 0.5, 4.5], "texture": "#2", "cullface": "west"},
				"down": {"uv": [11, 4, 16, 4.5], "rotation": 180, "texture": "#0", "cullface": "north"}
			}
		},
		{
			"name": "furnace_front_3",
			"from": [12, 3.5, 0],
			"to": [16, 11.5, 0.5],
			"rotation": {"angle": 0, "axis": "y", "origin": [8, 8, -7.5]},
			"faces": {
				"north": {"uv": [0, 4.5, 4, 12.5], "texture": "#0", "cullface": "north"},
				"east": {"uv": [15.5, 4.5, 16, 12.5], "texture": "#2", "cullface": "east"},
				"west": {"uv": [3.5, 4.5, 4, 12.5], "texture": "#0", "cullface": "north"},
				"down": {"uv": [0, 12, 4, 12.5], "rotation": 180, "texture": "#0", "cullface": "north"}
			}
		},
		{
			"name": "furnace_front_4",
			"from": [11.5, 11, 0],
			"to": [12, 11.5, 0.5],
			"rotation": {"angle": 0, "axis": "y", "origin": [8, 8, -7.5]},
			"faces": {
				"north": {"uv": [4, 4.5, 4.5, 5], "texture": "#0", "cullface": "north"},
				"west": {"uv": [4, 4.5, 4.5, 5], "texture": "#0", "cullface": "north"},
				"down": {"uv": [4, 4.5, 4.5, 5], "rotation": 180, "texture": "#0", "cullface": "north"}
			}
		},
		{
			"name": "furnace_front_5",
			"from": [0, 11, 0],
			"to": [4.5, 11.5, 0.5],
			"rotation": {"angle": 0, "axis": "y", "origin": [8, 8, -7.5]},
			"faces": {
				"north": {"uv": [11.5, 4.5, 16, 5], "texture": "#0", "cullface": "north"},
				"east": {"uv": [11.5, 4.5, 12, 5], "texture": "#0", "cullface": "north"},
				"west": {"uv": [0, 4.5, 0.5, 5], "texture": "#2", "cullface": "west"},
				"down": {"uv": [11.5, 4.5, 16, 5], "rotation": 180, "texture": "#0", "cullface": "north"}
			}
		},
		{
			"name": "furnace_front_6",
			"from": [0, 3.5, 0],
			"to": [4, 11, 0.5],
			"rotation": {"angle": 0, "axis": "y", "origin": [8, 8, -7.5]},
			"faces": {
				"north": {"uv": [12, 5, 16, 12.5], "texture": "#0", "cullface": "north"},
				"east": {"uv": [12, 5, 12.5, 12.5], "texture": "#0", "cullface": "north"},
				"west": {"uv": [0, 5, 0.5, 12.5], "texture": "#2", "cullface": "west"},
				"down": {"uv": [12, 12, 16, 12.5], "rotation": 180, "texture": "#0", "cullface": "north"}
			}
		},
		{
			"name": "furnace_front_7",
			"from": [4, 5, 0],
			"to": [12, 9, 0.5],
			"rotation": {"angle": 0, "axis": "y", "origin": [8, 8, -7.5]},
			"faces": {
				"north": {"uv": [4, 7, 12, 11], "texture": "#0", "cullface": "north"},
				"up": {"uv": [12, 7, 4, 7.5], "texture": "#0", "cullface": "north"},
				"down": {"uv": [4, 10.5, 12, 11], "rotation": 180, "texture": "#0", "cullface": "north"}
			}
		},
		{
			"name": "furnace_front_8",
			"from": [11, 4, 0],
			"to": [12, 5, 0.5],
			"rotation": {"angle": 0, "axis": "y", "origin": [8, 8, -7.5]},
			"faces": {
				"north": {"uv": [4, 11, 5, 12], "texture": "#0", "cullface": "north"},
				"west": {"uv": [4.5, 11, 5, 12], "texture": "#0", "cullface": "north"},
				"down": {"uv": [4, 11.5, 5, 12], "rotation": 180, "texture": "#0", "cullface": "north"}
			}
		},
		{
			"name": "furnace_front_9",
			"from": [10, 4.5, 0],
			"to": [11, 5, 0.5],
			"rotation": {"angle": 0, "axis": "y", "origin": [8, 8, -7.5]},
			"faces": {
				"north": {"uv": [5, 11, 6, 11.5], "texture": "#0", "cullface": "north"},
				"west": {"uv": [5.5, 11, 6, 11.5], "texture": "#0", "cullface": "north"},
				"down": {"uv": [5, 11, 6, 11.5], "rotation": 180, "texture": "#0", "cullface": "north"}
			}
		},
		{
			"name": "furnace_front_10",
			"from": [4, 4.5, 0],
			"to": [6, 5, 0.5],
			"rotation": {"angle": 0, "axis": "y", "origin": [8, 8, -7.5]},
			"faces": {
				"north": {"uv": [10, 11, 12, 11.5], "texture": "#0", "cullface": "north"},
				"east": {"uv": [10, 11, 10.5, 11.5], "texture": "#0", "cullface": "north"},
				"down": {"uv": [10, 11, 12, 11.5], "rotation": 180, "texture": "#0", "cullface": "north"}
			}
		},
		{
			"name": "furnace_front_11",
			"from": [4, 4, 0],
			"to": [5, 4.5, 0.5],
			"rotation": {"angle": 0, "axis": "y", "origin": [8, 8, -7.5]},
			"faces": {
				"north": {"uv": [11, 11.5, 12, 12], "texture": "#0", "cullface": "north"},
				"east": {"uv": [11, 11.5, 11.5, 12], "texture": "#0", "cullface": "north"},
				"down": {"uv": [11, 11.5, 12, 12], "rotation": 180, "texture": "#0", "cullface": "north"}
			}
		},
		{
			"name": "furnace_front_12",
			"from": [13, 0, 0],
			"to": [16, 3.5, 0.5],
			"rotation": {"angle": 0, "axis": "y", "origin": [8, 8, -7.5]},
			"faces": {
				"north": {"uv": [0, 12.5, 3, 16], "texture": "#0", "cullface": "north"},
				"east": {"uv": [15.5, 12.5, 16, 16], "texture": "#2", "cullface": "east"},
				"west": {"uv": [2.5, 12.5, 3, 16], "texture": "#0", "cullface": "north"},
				"down": {"uv": [13, 15.5, 16, 16], "rotation": 180, "texture": "#3", "cullface": "down"}
			}
		},
		{
			"name": "furnace_front_13",
			"from": [12.5, 2.5, 0],
			"to": [13, 3.5, 0.5],
			"rotation": {"angle": 0, "axis": "y", "origin": [8, 8, -7.5]},
			"faces": {
				"north": {"uv": [3, 12.5, 3.5, 13.5], "texture": "#0", "cullface": "north"},
				"west": {"uv": [3, 12.5, 3.5, 13.5], "texture": "#0", "cullface": "north"},
				"down": {"uv": [3, 13, 3.5, 13.5], "rotation": 180, "texture": "#0", "cullface": "north"}
			}
		},
		{
			"name": "furnace_front_14",
			"from": [0, 2.5, 0],
			"to": [3.5, 3.5, 0.5],
			"rotation": {"angle": 0, "axis": "y", "origin": [8, 8, -7.5]},
			"faces": {
				"north": {"uv": [12.5, 12.5, 16, 13.5], "texture": "#0", "cullface": "north"},
				"east": {"uv": [12.5, 12.5, 13, 13.5], "texture": "#0", "cullface": "north"},
				"west": {"uv": [0, 12.5, 0.5, 13.5], "texture": "#2", "cullface": "west"},
				"down": {"uv": [12.5, 13, 16, 13.5], "rotation": 180, "texture": "#0", "cullface": "north"}
			}
		},
		{
			"name": "furnace_front_15",
			"from": [0, 0, 0],
			"to": [3, 2.5, 0.5],
			"rotation": {"angle": 0, "axis": "y", "origin": [8, 8, -7.5]},
			"faces": {
				"north": {"uv": [13, 13.5, 16, 16], "texture": "#0", "cullface": "north"},
				"east": {"uv": [13, 13.5, 13.5, 16], "texture": "#0", "cullface": "north"},
				"west": {"uv": [0, 13.5, 0.5, 16], "texture": "#2", "cullface": "west"},
				"down": {"uv": [0, 15.5, 3, 16], "rotation": 180, "texture": "#3", "cullface": "down"}
			}
		},
		{
			"name": "furnace_front_16",
			"from": [3, 0, 0],
			"to": [13, 0.5, 0.5],
			"faces": {
				"north": {"uv": [3, 15.5, 13, 16], "texture": "#2", "cullface": "north"},
				"up": {"uv": [3, 15.5, 13, 16], "rotation": 180, "texture": "#2", "cullface": "north"},
				"down": {"uv": [3, 15.5, 13, 16], "texture": "#3", "cullface": "down"}
			}
		},
		{
			"from": [0, 0, 0.5],
			"to": [16, 16, 16],
			"rotation": {"angle": 0, "axis": "y", "origin": [8, 8, 8.5]},
			"faces": {
				"north": {"uv": [0, 0, 16, 16], "texture": "#0", "cullface": "north"},
				"east": {"uv": [0, 0, 15.5, 16], "texture": "#2", "cullface": "east"},
				"south": {"uv": [0, 0, 16, 16], "texture": "#2", "cullface": "south"},
				"west": {"uv": [0.5, 0, 16, 16], "texture": "#2", "cullface": "west"},
				"up": {"uv": [0, 0.5, 16, 16], "texture": "#3", "cullface": "up"},
				"down": {"uv": [0, 0, 16, 15.5], "texture": "#3", "cullface": "down"}
			}
		}
	],
	"groups": [
		{
			"name": "furnace_front",
			"origin": [8, 8, 8],
			"children": [0, 1, 2, 3, 4, 5, 6, 7, 8, 9, 10, 11, 12, 13, 14, 15, 16]
		}, 17]
}