{
	"credit": "Designed by Progical",
	"parent": "block/block",
	"textures": {
		"all": "block/lantern",
		"particle": "block/lantern"
	},
	"elements": [
		{
			"from": [5, 1, 5],
			"to": [11, 8, 11],
			"faces": {
				"north": {"uv": [0, 2, 6, 9], "texture": "#all"},
				"east": {"uv": [0, 2, 6, 9], "texture": "#all"},
				"south": {"uv": [0, 2, 6, 9], "texture": "#all"},
				"west": {"uv": [0, 2, 6, 9], "texture": "#all"},
				"up": {"uv": [0, 9, 6, 15], "texture": "#all"},
				"down": {"uv": [0, 9, 6, 15], "texture": "#all"}
			}
		},
		{
			"from": [6, 8, 6],
			"to": [10, 10, 10],
			"faces": {
				"north": {"uv": [1, 0, 5, 2], "texture": "#all"},
				"east": {"uv": [1, 0, 5, 2], "texture": "#all"},
				"south": {"uv": [1, 0, 5, 2], "texture": "#all"},
				"west": {"uv": [1, 0, 5, 2], "texture": "#all"},
				"up": {"uv": [1, 10, 5, 14], "texture": "#all"}
			}
		},
		{
			"from": [7.75, 10, 6.5],
			"to": [8.25, 11.5, 7.5],
			"rotation": {"angle": 45, "axis": "y", "origin": [8, 8, 8]},
			"faces": {
				"north": {"uv": [11, 10.5, 11.5, 12], "texture": "#all"},
				"east": {"uv": [12, 10.5, 11, 12], "texture": "#all"},
				"south": {"uv": [11.5, 10.5, 12, 12], "texture": "#all"},
				"west": {"uv": [11, 10.5, 12, 12], "texture": "#all"},
				"up": {"uv": [11, 10.5, 11.5, 11], "texture": "#all"}
			}
		},
		{
			"from": [7.75, 10, 8.5],
			"to": [8.25, 11.5, 9.5],
			"rotation": {"angle": 45, "axis": "y", "origin": [8, 8, 8]},
			"faces": {
				"north": {"uv": [13, 10.5, 13.5, 12], "texture": "#all"},
				"east": {"uv": [14, 10.5, 13, 12], "texture": "#all"},
				"south": {"uv": [13.5, 10.5, 14, 12], "texture": "#all"},
				"west": {"uv": [13, 10.5, 14, 12], "texture": "#all"},
				"up": {"uv": [13.5, 10.5, 14, 11], "texture": "#all"}
			}
		},
		{
			"from": [7.75, 11, 7.5],
			"to": [8.25, 11.5, 8.5],
			"rotation": {"angle": 45, "axis": "y", "origin": [8, 8, 8]},
			"faces": {
				"east": {"uv": [12, 10.5, 13, 11], "texture": "#all"},
				"west": {"uv": [12, 10.5, 13, 11], "texture": "#all"},
				"down": {"uv": [12, 10.5, 13, 11], "rotation": 90, "texture": "#all"}
			}
		},
		{
			"from": [7.75, 11.5, 7],
			"to": [8.25, 12.001, 9],
			"rotation": {"angle": 45, "axis": "y", "origin": [8, 8, 8]},
			"faces": {
				"north": {"uv": [11.5, 10, 12, 10.5], "texture": "#all"},
				"east": {"uv": [11.5, 10, 13.5, 10.5], "rotation": 180, "texture": "#all"},
				"south": {"uv": [13, 10, 13.5, 10.5], "texture": "#all"},
				"west": {"uv": [11.5, 10, 13.5, 10.5], "texture": "#all"},
				"up": {"uv": [11.5, 10, 13.5, 10.5], "rotation": 90, "texture": "#all"}
			}
		},
		{
			"from": [7.75, 11.5, 6.5],
			"to": [8.25, 14.5, 7.5],
			"rotation": {"angle": -45, "axis": "y", "origin": [8, 8, 8]},
			"faces": {
				"north": {"uv": [11, 1.5, 11.5, 4.5], "texture": "#all"},
				"east": {"uv": [12, 1.5, 11, 4.5], "texture": "#all"},
				"south": {"uv": [11.5, 2, 12, 4.5], "texture": "#all"},
				"west": {"uv": [11, 1.5, 12, 4.5], "texture": "#all"},
				"up": {"uv": [11, 10.5, 11.5, 11], "texture": "#all"},
				"down": {"uv": [11, 4, 12, 4.5], "texture": "#all"}
			}
		},
		{
			"from": [7.75, 11.5, 8.5],
			"to": [8.25, 14.5, 9.5],
			"rotation": {"angle": -45, "axis": "y", "origin": [8, 8, 8]},
			"faces": {
				"north": {"uv": [13, 2, 13.5, 4.5], "texture": "#all"},
				"east": {"uv": [14, 1.5, 13, 4.5], "texture": "#all"},
				"south": {"uv": [13.5, 1.5, 14, 4.5], "texture": "#all"},
				"west": {"uv": [13, 1.5, 14, 4.5], "texture": "#all"},
				"up": {"uv": [13.5, 10.5, 14, 11], "texture": "#all"},
				"down": {"uv": [13, 4, 14, 4.5], "texture": "#all"}
			}
		},
		{
			"from": [7.75, 14, 7.5],
			"to": [8.25, 14.5, 8.5],
			"rotation": {"angle": -45, "axis": "y", "origin": [8, 8, 8]},
			"faces": {
				"east": {"uv": [12, 10.5, 13, 11], "texture": "#all"},
				"west": {"uv": [12, 10.5, 13, 11], "texture": "#all"},
				"down": {"uv": [12, 10.5, 13, 11], "rotation": 90, "texture": "#all"}
			}
		},
		{
			"from": [7.75, 11.5, 7.5],
			"to": [8.25, 12, 8.5],
			"rotation": {"angle": -45, "axis": "y", "origin": [8, 8, 8]},
			"faces": {
				"east": {"uv": [12, 4, 13, 4.5], "texture": "#all"},
				"west": {"uv": [12, 4, 13, 4.5], "texture": "#all"},
				"up": {"uv": [12, 4, 13, 4.5], "texture": "#all"}
			}
		},
		{
			"from": [7.75, 14.5, 7],
			"to": [8.25, 15.001, 9],
			"rotation": {"angle": -45, "axis": "y", "origin": [8, 8, 8]},
			"faces": {
				"north": {"uv": [11.5, 10, 12, 10.5], "texture": "#all"},
				"east": {"uv": [11.5, 10, 13.5, 10.5], "rotation": 180, "texture": "#all"},
				"south": {"uv": [13, 10, 13.5, 10.5], "texture": "#all"},
				"west": {"uv": [11.5, 10, 13.5, 10.5], "texture": "#all"},
				"up": {"uv": [11.5, 10, 13.5, 10.5], "rotation": 90, "texture": "#all"}
			}
		},
		{
			"from": [7, 10.999, 7.75],
			"to": [9, 11.5, 8.25],
			"rotation": {"angle": 45, "axis": "y", "origin": [8, 8, 8]},
			"faces": {
				"north": {"uv": [11.5, 4.5, 13.5, 5], "rotation": 180, "texture": "#all"},
				"east": {"uv": [13, 4.5, 13.5, 5], "rotation": 180, "texture": "#all"},
				"south": {"uv": [11.5, 4.5, 13.5, 5], "texture": "#all"},
				"west": {"uv": [11.5, 4.5, 12, 5], "rotation": 180, "texture": "#all"},
				"down": {"uv": [11.5, 7.5, 13.5, 8], "texture": "#all"}
			}
		},
		{
			"from": [7.75, 14.5, 8.5],
			"to": [8.25, 16, 9.5],
			"rotation": {"angle": 45, "axis": "y", "origin": [8, 8, 8]},
			"faces": {
				"north": {"uv": [13, 6, 13.5, 7.5], "texture": "#all"},
				"east": {"uv": [13, 6, 14, 7.5], "texture": "#all"},
				"south": {"uv": [13.5, 6, 14, 7.5], "texture": "#all"},
				"west": {"uv": [14, 6, 13, 7.5], "texture": "#all"},
				"down": {"uv": [13, 7, 14, 7.5], "rotation": 180, "texture": "#all"}
			}
		},
		{
			"from": [7.75, 14.5, 6.5],
			"to": [8.25, 16, 7.5],
			"rotation": {"angle": 45, "axis": "y", "origin": [8, 8, 8]},
			"faces": {
				"north": {"uv": [11, 6, 11.5, 7.5], "texture": "#all"},
				"east": {"uv": [12, 6, 11, 7.5], "texture": "#all"},
				"south": {"uv": [11.5, 6, 12, 7.5], "texture": "#all"},
				"west": {"uv": [11, 6, 12, 7.5], "texture": "#all"},
				"down": {"uv": [12.5, 4.5, 13.5, 5], "rotation": 180, "texture": "#all"}
			}
		},
		{
			"from": [7.75, 14.5, 7.5],
			"to": [8.25, 15, 8.5],
			"rotation": {"angle": 45, "axis": "y", "origin": [8, 8, 8]},
			"faces": {
				"east": {"uv": [12, 10.5, 13, 11], "texture": "#all"},
				"west": {"uv": [12, 10.5, 13, 11], "texture": "#all"},
				"up": {"uv": [12, 7, 13, 7.5], "rotation": 180, "texture": "#all"}
			}
		},
		{
			"from": [7, 13.999, 7.75],
			"to": [9, 14.5, 8.25],
			"rotation": {"angle": -45, "axis": "y", "origin": [8, 8, 8]},
			"faces": {
				"north": {"uv": [11.5, 4.5, 13.5, 5], "rotation": 180, "texture": "#all"},
				"east": {"uv": [11.5, 4.5, 12, 5], "rotation": 180, "texture": "#all"},
				"south": {"uv": [11.5, 4.5, 13.5, 5], "texture": "#all"},
				"west": {"uv": [13, 4.5, 13.5, 5], "rotation": 180, "texture": "#all"},
				"down": {"uv": [11.5, 4.5, 13.5, 5], "texture": "#all"}
			}
		}
	],
	"groups": [0, 1,
		{
			"name": "group",
			"origin": [8, 8, 8],
			"children": [2, 3, 4, 5]
		},
		{
			"name": "group",
			"origin": [8, 8, 8],
			"children": [6, 7, 8, 9, 10, 11]
		},
		{
			"name": "group",
			"origin": [8, 8, 8],
			"children": [12, 13, 14, 15]
		}
	]
}