{
	"ambientocclusion": false,
    "textures": {
        "particle": "block/f_iron_bars",
        "0": "block/f_iron_bars1"
    },
    "elements": [
        {
            "name": "Post",
            "from": [ 7.4, 0.8, 7.4 ], 
            "to": [ 8.6, 15.200000000000001, 8.6 ], 
            "faces": {
                "north": { "texture": "#0", "uv": [ 12.0, 1.0, 14.0, 15.0 ] },
                "east": { "texture": "#0", "uv": [ 14.0, 1.0, 12.0, 15.0 ] },
                "south": { "texture": "#0", "uv": [ 12.0, 1.0, 14.0, 15.0 ] },
                "west": { "texture": "#0", "uv": [ 14.0, 1.0, 12.0, 15.0 ] }
            }
        },
        {
            "name": "Top",
            "from": [ 7.0, 15.2, 7.0 ], 
            "to": [ 9.0, 16.0, 9.0 ], 
            "faces": {
                "north": { "texture": "#0", "uv": [ 13.0, 7.0, 14.0, 9.0 ], "rotation": 90 },
                "east": { "texture": "#0", "uv": [ 13.0, 7.0, 14.0, 9.0 ], "rotation": 90 },
                "south": { "texture": "#0", "uv": [ 13.0, 7.0, 14.0, 9.0 ], "rotation": 90 },
                "west": { "texture": "#0", "uv": [ 13.0, 7.0, 14.0, 9.0 ], "rotation": 90 },
                "up": { "texture": "#0", "uv": [ 6.0, 7.0, 8.0, 9.0 ] },
                "down": { "texture": "#0", "uv": [ 6.0, 7.0, 8.0, 9.0 ] }
            }
        },
        {
            "name": "Bottom",
            "from": [ 7.0, 0.0, 7.0 ], 
            "to": [ 9.0, 0.8, 9.0 ], 
            "faces": {
                "north": { "texture": "#0", "uv": [ 12.0, 7.0, 13.0, 9.0 ], "rotation": 90 },
                "east": { "texture": "#0", "uv": [ 12.0, 7.0, 13.0, 9.0 ], "rotation": 90 },
                "south": { "texture": "#0", "uv": [ 12.0, 7.0, 13.0, 9.0 ], "rotation": 90 },
                "west": { "texture": "#0", "uv": [ 12.0, 7.0, 13.0, 9.0 ], "rotation": 90 },
                "up": { "texture": "#0", "uv": [ 6.0, 7.0, 8.0, 9.0 ] },
                "down": { "texture": "#0", "uv": [ 6.0, 7.0, 8.0, 9.0 ] }
            }
        }
    ]
}