{
	"__comment": "Designed by Keitsu with Cubik Studio - https://cubik.studio",
	"ambientocclusion": false,
	"textures": {
		"particle": "block/oak_planks",
		"0": "block/f_door_oak"
	},
	"elements": [
		{
			"from": [ 0, 0, 0 ],
			"to": [ 3, 4, 16 ],
			"faces": {
				"down": { "uv": [ 3.5, 8, 5, 16 ], "texture": "#0" },
				"up": { "uv": [ 5, 8, 3.5, 16 ], "texture": "#0" },
				"north": { "uv": [ 6.5, 6, 8, 8 ], "texture": "#0" },
				"south": { "uv": [ 5, 6, 6.5, 8 ], "texture": "#0" },
				"west": { "uv": [ 8, 6, 16, 8 ], "texture": "#0" },
				"east": { "uv": [ 16, 6, 8, 8 ], "texture": "#0" }
			}
		},
		{
			"from": [ 0, 4, 14 ],
			"to": [ 3, 16, 16 ],
			"faces": {
				"north": { "uv": [ 6.5, 0, 8, 6 ], "texture": "#0" },
				"south": { "uv": [ 5, 0, 6.5, 6 ], "texture": "#0" },
				"west": { "uv": [ 15, 0, 16, 6 ], "texture": "#0" },
				"east": { "uv": [ 8, 0, 9, 6 ], "texture": "#0" }
			}
		},
		{
			"from": [ 0, 4, 0 ],
			"to": [ 3, 16, 2 ],
			"faces": {
				"north": { "uv": [ 6.5, 0, 8, 6 ], "texture": "#0" },
				"south": { "uv": [ 5, 0, 6.5, 6 ], "texture": "#0" },
				"west": { "uv": [ 8, 0, 9, 6 ], "texture": "#0" },
				"east": { "uv": [ 15, 0, 16, 6 ], "texture": "#0" }
			}
		},
		{
			"from": [ 0, 14, 0 ],
			"to": [ 3, 16, 16 ],
			"faces": {
				"down": { "uv": [ 3.5, 8, 5, 16 ], "texture": "#0" },
				"up": { "uv": [ 3.5, 8, 5, 16 ], "texture": "#0" },
				"west": { "uv": [ 8, 0, 16, 1 ], "texture": "#0" },
				"east": { "uv": [ 8, 0, 16, 1 ], "texture": "#0" }
			}
		},
		{
			"from": [ 0, 4, 7 ],
			"to": [ 3, 14, 9 ],
			"faces": {
				"north": { "uv": [ 6.5, 1, 8, 6 ], "texture": "#0" },
				"south": { "uv": [ 5, 1, 6.5, 6 ], "texture": "#0" },
				"west": { "uv": [ 11.5, 1, 12.5, 6 ], "texture": "#0" },
				"east": { "uv": [ 11.5, 1, 12.5, 6 ], "texture": "#0" }
			}
		},
		{
			"from": [ 0, 8, 2 ],
			"to": [ 3, 10, 14 ],
			"faces": {
				"down": { "uv": [ 3.5, 9, 5, 15 ], "texture": "#0" },
				"up": { "uv": [ 3.5, 9, 5, 15 ], "texture": "#0" },
				"west": { "uv": [ 9, 3, 15, 4 ], "texture": "#0" },
				"east": { "uv": [ 9, 3, 15, 4 ], "texture": "#0" }
			}
		},
		{
			"from": [ 3, 0.5, 1 ],
			"to": [ 4, 1.5, 2 ],
			"faces": {
				"down": { "uv": [ 3, 0, 4, 1 ], "texture": "#0" },
				"up": { "uv": [ 3, 0, 4, 1 ], "texture": "#0" },
				"north": { "uv": [ 4, 0, 3, 1 ], "texture": "#0" },
				"south": { "uv": [ 3, 0, 4, 1 ], "texture": "#0" },
				"west": { "uv": [ 3, 0, 4, 1 ], "texture": "#0" },
				"east": { "uv": [ 4, 1, 3, 0 ], "texture": "#0" }
			}
		},
		{
			"from": [ 3.4, 0.5, 2 ],
			"to": [ 4, 1.5, 5 ],
			"faces": {
				"down": { "uv": [ 0, 0, 3, 1 ], "texture": "#0", "rotation": 90 },
				"up": { "uv": [ 0, 0, 3, 1 ], "texture": "#0", "rotation": 90 },
				"north": { "uv": [ 0, 0, 1, 1 ], "texture": "#0" },
				"south": { "uv": [ 4, 0, 3, 1 ], "texture": "#0" },
				"west": { "uv": [ 0, 0, 3, 1 ], "texture": "#0" },
				"east": { "uv": [ 0, 0, 3, 1 ], "texture": "#0", "rotation": 180 }
			}
		},
		{
			"from": [ -1, 0.5, 1 ],
			"to": [ 0, 1.5, 2 ],
			"faces": {
				"down": { "uv": [ 3, 0, 4, 1 ], "texture": "#0" },
				"up": { "uv": [ 3, 0, 4, 1 ], "texture": "#0" },
				"north": { "uv": [ 4, 0, 3, 1 ], "texture": "#0" },
				"south": { "uv": [ 3, 0, 4, 1 ], "texture": "#0" },
				"west": { "uv": [ 3, 0, 4, 1 ], "texture": "#0" },
				"east": { "uv": [ 4, 1, 3, 0 ], "texture": "#0" }
			}
		},
		{
			"from": [ -1, 0.5, 2 ],
			"to": [ -0.4, 1.5, 5 ],
			"faces": {
				"down": { "uv": [ 0, 0, 3, 1 ], "texture": "#0", "rotation": 90 },
				"up": { "uv": [ 0, 0, 3, 1 ], "texture": "#0", "rotation": 90 },
				"north": { "uv": [ 0, 0, 1, 1 ], "texture": "#0" },
				"south": { "uv": [ 4, 0, 3, 1 ], "texture": "#0" },
				"west": { "uv": [ 0, 0, 3, 1 ], "texture": "#0" },
				"east": { "uv": [ 0, 0, 3, 1 ], "texture": "#0" }
			}
		}
	]
}