{
	"ambientocclusion": false,
    "textures": {
        "particle": "block/f_powered_rail",
        "0": "block/f_rail_off",
        "1": "block/f_rail_extra"
    },
    "elements": [
		{
			"from": [ 1, 0, 1 ],
			"to": [ 15, 1, 3 ],
			"faces": {
				"down": { "uv": [ 1, 1, 15, 3 ], "texture": "#0" },
				"up": { "uv": [ 1, 1, 15, 3 ], "texture": "#0" },
				"north": { "uv": [ 1, 0, 15, 1 ], "texture": "#0" },
				"south": { "uv": [ 1, 4, 15, 3 ], "texture": "#0" },
				"west": { "uv": [ 0, 1, 1, 3 ], "texture": "#0", "rotation": 90 },
				"east": { "uv": [ 15, 1, 16, 3 ], "texture": "#0", "rotation": 270 }
			}
		},
		{
			"from": [ 1, 0, 5 ],
			"to": [ 15, 1, 7 ],
			"faces": {
				"down": { "uv": [ 1, 5, 15, 7 ], "texture": "#0" },
				"up": { "uv": [ 1, 5, 15, 7 ], "texture": "#0" },
				"north": { "uv": [ 1, 4, 15, 5 ], "texture": "#0" },
				"south": { "uv": [ 1, 8, 15, 7 ], "texture": "#0" },
				"west": { "uv": [ 0, 5, 1, 7 ], "texture": "#0", "rotation": 90 },
				"east": { "uv": [ 15, 5, 16, 7 ], "texture": "#0", "rotation": 270 }
			}
		},
		{
			"from": [ 1, 0, 9 ],
			"to": [ 15, 1, 11 ],
			"faces": {
				"down": { "uv": [ 1, 9, 15, 11 ], "texture": "#0" },
				"up": { "uv": [ 1, 9, 15, 11 ], "texture": "#0" },
				"north": { "uv": [ 1, 8, 15, 9 ], "texture": "#0" },
				"south": { "uv": [ 1, 12, 15, 11 ], "texture": "#0" },
				"west": { "uv": [ 0, 9, 1, 11 ], "texture": "#0", "rotation": 90 },
				"east": { "uv": [ 15, 9, 16, 11 ], "texture": "#0", "rotation": 270 }
			}
		},
		{
			"from": [ 1, 0, 13 ],
			"to": [ 15, 1, 15 ],
			"faces": {
				"down": { "uv": [ 1, 13, 15, 15 ], "texture": "#0" },
				"up": { "uv": [ 1, 13, 15, 15 ], "texture": "#0" },
				"north": { "uv": [ 1, 12, 15, 13 ], "texture": "#0" },
				"south": { "uv": [ 1, 16, 15, 15 ], "texture": "#0" },
				"west": { "uv": [ 0, 13, 1, 15 ], "texture": "#0", "rotation": 90 },
				"east": { "uv": [ 15, 13, 16, 15 ], "texture": "#0", "rotation": 270 }
			}
		},
		{
			"from": [ 2, 1, 0 ],
			"to": [ 3, 2, 16 ],
			"faces": {
				"down": { "uv": [ 0, 15, 1, 16 ], "texture": "#0" },
				"up": { "uv": [ 0, 16, 1, 15 ], "texture": "#0" },
				"north": { "uv": [ 0, 15, 1, 16 ], "texture": "#0" },
				"south": { "uv": [ 0, 15, 1, 16 ], "texture": "#0" },
				"west": { "uv": [ 0, 15, 1, 16 ], "texture": "#0" },
				"east": { "uv": [ 0, 15, 1, 16 ], "texture": "#0" }
			}
		},
		{
			"from": [ 13, 1, 0 ],
			"to": [ 14, 2, 16 ],
			"faces": {
				"down": { "uv": [ 0, 15, 1, 16 ], "texture": "#0" },
				"up": { "uv": [ 0, 16, 1, 15 ], "texture": "#0" },
				"north": { "uv": [ 0, 15, 1, 16 ], "texture": "#0" },
				"south": { "uv": [ 0, 15, 1, 16 ], "texture": "#0" },
				"west": { "uv": [ 0, 15, 1, 16 ], "texture": "#0" },
				"east": { "uv": [ 0, 15, 1, 16 ], "texture": "#0" }
			}
		},
        {
            "name": "Redstone",
            "from": [ 7.0, 0.10000000149011612, 3.0 ], 
            "to": [ 9.0, 0.5, 13.0 ], 
            "faces": {
                "east": { "texture": "#1", "uv": [ 3.0, 6.0, 3.4999999999999996, 16.0 ], "rotation": 270 },
                "west": { "texture": "#1", "uv": [ 0.5000000000000001, 6.0, 0.9999999999999992, 16.0 ], "rotation": 90 },
                "up": { "texture": "#1", "uv": [ 1.0, 6.0, 3.0, 16.0 ] },
                "down": { "texture": "#1", "uv": [ 1.0, 6.0, 3.0, 16.0 ] }
            }
        },
        {
            "name": "Gold Left",
            "from": [ 3.0, 1.0, 0.0 ], 
            "to": [ 4.0, 2.0, 16.0 ], 
            "faces": {
                "north": { "texture": "#0", "uv": [ 0.0, 0.0, 0.4999999925494194, 0.4999999925494194 ] },
                "east": { "texture": "#0", "uv": [ 0.0, 0.0, 1.0, 1.0 ] },
                "south": { "texture": "#0", "uv": [ 0.0, 0.0, 0.4999999925494194, 0.4999999925494194 ] },
                "west": { "texture": "#0", "uv": [ 0.0, 0.0, 1.0, 1.0 ] },
                "up": { "texture": "#0", "uv": [ 0.0, 0.0, 1.0, 1.0 ] },
                "down": { "texture": "#0", "uv": [ 0.0, 0.0, 1.0, 1.0 ] }
            }
        },
        {
            "name": "Gold Right",
            "from": [ 12.0, 1.0, 0.0 ], 
            "to": [ 13.0, 2.0, 16.0 ], 
            "faces": {
                "north": { "texture": "#0", "uv": [ 0.0, 0.0, 0.4999999925494194, 0.4999999925494194 ] },
                "east": { "texture": "#0", "uv": [ 0.0, 0.0, 1.0, 1.0 ] },
                "south": { "texture": "#0", "uv": [ 0.0, 0.0, 0.4999999925494194, 0.4999999925494194 ] },
                "west": { "texture": "#0", "uv": [ 0.0, 0.0, 1.0, 1.0 ] },
                "up": { "texture": "#0", "uv": [ 0.0, 0.0, 1.0, 1.0 ] },
                "down": { "texture": "#0", "uv": [ 0.0, 0.0, 1.0, 1.0 ] }
            }
        }
	]
}