{
	"credit": "Made with Blockbench",
	"textures": {
		"0": "block/redstone_torch",
		"particle": "block/redstone_torch"
	},
	"elements": [
		{
			"from": [7, 0, 7],
			"to": [9, 11, 9],
			"faces": {
				"north": {"uv": [7, 5, 9, 16], "texture": "#0"},
				"east": {"uv": [7, 5, 9, 16], "texture": "#0"},
				"south": {"uv": [7, 5, 9, 16], "texture": "#0"},
				"west": {"uv": [7, 5, 9, 16], "texture": "#0"},
				"up": {"uv": [7, 5.5, 9, 7.5], "texture": "#0"},
				"down": {"uv": [7, 14, 9, 16], "texture": "#0"}
			}
		},
		{
			"from": [6.5, 8.5, 6.5],
			"to": [9.5, 10.5, 9.5],
			"faces": {
				"north": {"uv": [6.5, 5.5, 9.5, 7.5], "texture": "#0"},
				"east": {"uv": [6.5, 5.5, 9.5, 7.5], "texture": "#0"},
				"south": {"uv": [6.5, 5.5, 9.5, 7.5], "texture": "#0"},
				"west": {"uv": [6.5, 5.5, 9.5, 7.5], "texture": "#0"},
				"up": {"uv": [7, 5, 7.5, 5.5], "texture": "#0"},
				"down": {"uv": [9, 5.5, 9.5, 6], "texture": "#0"}
			}
		},
		{
			"from": [6.5, 8, 7],
			"to": [7, 11, 9],
			"faces": {
				"north": {"uv": [6.5, 5.5, 7, 6], "texture": "#0"},
				"south": {"uv": [9, 5.5, 9.5, 6], "texture": "#0"},
				"west": {"uv": [7, 5, 9, 8], "texture": "#0"},
				"up": {"uv": [7, 5, 7.5, 5.5], "texture": "#0"},
				"down": {"uv": [7, 7.5, 9, 8], "rotation": 270, "texture": "#0"}
			}
		},
		{
			"from": [9, 8, 7],
			"to": [9.5, 11, 9],
			"faces": {
				"north": {"uv": [6.5, 5.5, 7, 6], "texture": "#0"},
				"east": {"uv": [7, 5, 9, 8], "texture": "#0"},
				"south": {"uv": [9, 5.5, 9.5, 6], "texture": "#0"},
				"up": {"uv": [7, 5, 7.5, 5.5], "texture": "#0"},
				"down": {"uv": [7, 7.5, 9, 8], "rotation": 90, "texture": "#0"}
			}
		},
		{
			"from": [7, 8, 6.5],
			"to": [9, 11, 7],
			"faces": {
				"north": {"uv": [7, 5, 9, 8], "texture": "#0"},
				"east": {"uv": [9, 5.5, 9.5, 6], "texture": "#0"},
				"west": {"uv": [6.5, 5.5, 7, 6], "texture": "#0"},
				"up": {"uv": [7, 5, 7.5, 5.5], "texture": "#0"},
				"down": {"uv": [7, 7.5, 9, 8], "rotation": 180, "texture": "#0"}
			}
		},
		{
			"from": [7, 8, 9],
			"to": [9, 11, 9.5],
			"faces": {
				"east": {"uv": [9, 5.5, 9.5, 6], "texture": "#0"},
				"south": {"uv": [7, 5, 9, 8], "texture": "#0"},
				"west": {"uv": [6.5, 5.5, 7, 6], "texture": "#0"},
				"up": {"uv": [7, 5, 7.5, 5.5], "texture": "#0"},
				"down": {"uv": [7, 7.5, 9, 8], "texture": "#0"}
			}
		}
	]
}