{
	"ambientocclusion": false,
	"textures": {
		"particle": "block/spruce_planks",
		"0": "block/f_door_spruce"
	},
	"elements": [
		{
			"from": [ 0, 0, 0 ],
			"to": [ 3, 16, 16 ],
			"faces": {
				"down": { "uv": [ 3.5, 8, 5, 16 ], "texture": "#0" },
				"up": { "uv": [ 5, 8, 3.5, 16 ], "texture": "#0", "cullface": "up" },
				"north": { "uv": [ 8, 0, 6.5, 8 ], "texture": "#0", "cullface": "north" },
				"south": { "uv": [ 5, 0, 6.5, 8 ], "texture": "#0", "cullface": "south" },
				"west": { "uv": [ 16, 0, 8, 8 ], "texture": "#0", "cullface": "west" },
				"east": { "uv": [ 8, 0, 16, 8 ], "texture": "#0" }
			}
		}
	]
}