{
    "textures": {
        "particle": "block/f_sugar_cane",
        "0": "block/f_sugar_cane"
    },
    "elements": [
        {
            "name": "1",
            "from": [ 1.4999999925494194, 0.0, 1.4999999925494194 ], 
            "to": [ 3.099999986588955, 16.0, 3.099999986588955 ], 
            "faces": {
                "north": { "texture": "#0", "uv": [ 8.0, 0.0, 9.999999994039534, 16.0 ] },
                "east": { "texture": "#0", "uv": [ 8.0, 0.0, 9.999999994039534, 16.0 ] },
                "south": { "texture": "#0", "uv": [ 8.0, 0.0, 9.999999994039534, 16.0 ] },
                "west": { "texture": "#0", "uv": [ 8.0, 0.0, 9.999999994039534, 16.0 ] },
                "up": { "texture": "#0", "uv": [ 0.0, 0.0, 1.9999999940395359, 1.9999999940395359 ] },
                "down": { "texture": "#0", "uv": [ 0.0, 0.0, 1.9999999940395359, 1.9999999940395359 ] }
            }
        },
        {
            "name": "2",
            "from": [ 7.200000002980232, 0.0, 2.2000000029802322 ], 
            "to": [ 8.799999997019768, 16.0, 3.7999999970197678 ], 
            "faces": {
                "north": { "texture": "#0", "uv": [ 10.0, 0.0, 11.999999994039534, 16.0 ] },
                "east": { "texture": "#0", "uv": [ 10.0, 0.0, 11.999999994039534, 16.0 ] },
                "south": { "texture": "#0", "uv": [ 10.0, 0.0, 11.999999994039534, 16.0 ] },
                "west": { "texture": "#0", "uv": [ 10.0, 0.0, 11.999999994039534, 16.0 ] },
                "up": { "texture": "#0", "uv": [ 0.0, 0.0, 1.9999999940395359, 1.9999999940395359 ] },
                "down": { "texture": "#0", "uv": [ 0.0, 0.0, 1.9999999940395359, 1.9999999940395359 ] }
            }
        },
        {
            "name": "3",
            "from": [ 12.200000002980232, 0.0, 1.4999999925494194 ], 
            "to": [ 13.799999997019768, 16.0, 3.099999986588955 ], 
            "faces": {
                "north": { "texture": "#0", "uv": [ 12.0, 0.0, 13.999999994039534, 16.0 ] },
                "east": { "texture": "#0", "uv": [ 12.0, 0.0, 13.999999994039534, 16.0 ] },
                "south": { "texture": "#0", "uv": [ 12.0, 0.0, 13.999999994039534, 16.0 ] },
                "west": { "texture": "#0", "uv": [ 12.0, 0.0, 13.999999994039534, 16.0 ] },
                "up": { "texture": "#0", "uv": [ 0.0, 0.0, 1.9999999940395359, 1.9999999940395359 ] },
                "down": { "texture": "#0", "uv": [ 0.0, 0.0, 1.9999999940395359, 1.9999999940395359 ] }
            }
        },
        {
            "name": "4",
            "from": [ 2.2000000029802322, 0.0, 7.200000002980232 ], 
            "to": [ 3.7999999970197678, 16.0, 8.799999997019768 ], 
            "faces": {
                "north": { "texture": "#0", "uv": [ 10.0, 0.0, 11.999999994039534, 16.0 ] },
                "east": { "texture": "#0", "uv": [ 10.0, 0.0, 11.999999994039534, 16.0 ] },
                "south": { "texture": "#0", "uv": [ 10.0, 0.0, 11.999999994039534, 16.0 ] },
                "west": { "texture": "#0", "uv": [ 10.0, 0.0, 11.999999994039534, 16.0 ] },
                "up": { "texture": "#0", "uv": [ 0.0, 0.0, 1.9999999940395359, 1.9999999940395359 ] },
                "down": { "texture": "#0", "uv": [ 0.0, 0.0, 1.9999999940395359, 1.9999999940395359 ] }
            }
        },
        {
            "name": "5",
            "from": [ 7.200000002980232, 0.0, 7.200000002980232 ], 
            "to": [ 8.799999997019768, 16.0, 8.799999997019768 ], 
            "faces": {
                "north": { "texture": "#0", "uv": [ 14.0, 0.0, 15.999999994039534, 16.0 ] },
                "east": { "texture": "#0", "uv": [ 14.0, 0.0, 15.999999994039534, 16.0 ] },
                "south": { "texture": "#0", "uv": [ 14.0, 0.0, 15.999999994039534, 16.0 ] },
                "west": { "texture": "#0", "uv": [ 14.0, 0.0, 15.999999994039534, 16.0 ] },
                "up": { "texture": "#0", "uv": [ 0.0, 0.0, 1.9999999940395359, 1.9999999940395359 ] },
                "down": { "texture": "#0", "uv": [ 0.0, 0.0, 1.9999999940395359, 1.9999999940395359 ] }
            }
        },
        {
            "name": "6",
            "from": [ 12.9, 0.0, 7.200000002980232 ], 
            "to": [ 14.499999994039536, 16.0, 8.799999997019768 ], 
            "faces": {
                "north": { "texture": "#0", "uv": [ 10.0, 0.0, 11.999999994039534, 16.0 ] },
                "east": { "texture": "#0", "uv": [ 10.0, 0.0, 11.999999994039534, 16.0 ] },
                "south": { "texture": "#0", "uv": [ 10.0, 0.0, 11.999999994039534, 16.0 ] },
                "west": { "texture": "#0", "uv": [ 10.0, 0.0, 11.999999994039534, 16.0 ] },
                "up": { "texture": "#0", "uv": [ 0.0, 0.0, 1.9999999940395359, 1.9999999940395359 ] },
                "down": { "texture": "#0", "uv": [ 0.0, 0.0, 1.9999999940395359, 1.9999999940395359 ] }
            }
        },
        {
            "name": "7",
            "from": [ 1.5, 0.0, 12.2 ], 
            "to": [ 3.0999999940395355, 16.0, 13.799999994039535 ], 
            "faces": {
                "north": { "texture": "#0", "uv": [ 12.0, 0.0, 13.999999994039534, 16.0 ] },
                "east": { "texture": "#0", "uv": [ 12.0, 0.0, 13.999999994039534, 16.0 ] },
                "south": { "texture": "#0", "uv": [ 12.0, 0.0, 13.999999994039534, 16.0 ] },
                "west": { "texture": "#0", "uv": [ 12.0, 0.0, 13.999999994039534, 16.0 ] },
                "up": { "texture": "#0", "uv": [ 0.0, 0.0, 1.9999999940395359, 1.9999999940395359 ] },
                "down": { "texture": "#0", "uv": [ 0.0, 0.0, 1.9999999940395359, 1.9999999940395359 ] }
            }
        },
        {
            "name": "8",
            "from": [ 7.200000002980232, 0.0, 12.9 ], 
            "to": [ 8.799999997019768, 16.0, 14.499999994039536 ], 
            "faces": {
                "north": { "texture": "#0", "uv": [ 10.0, 0.0, 11.999999994039534, 16.0 ] },
                "east": { "texture": "#0", "uv": [ 10.0, 0.0, 11.999999994039534, 16.0 ] },
                "south": { "texture": "#0", "uv": [ 10.0, 0.0, 11.999999994039534, 16.0 ] },
                "west": { "texture": "#0", "uv": [ 10.0, 0.0, 11.999999994039534, 16.0 ] },
                "up": { "texture": "#0", "uv": [ 0.0, 0.0, 1.9999999940395359, 1.9999999940395359 ] },
                "down": { "texture": "#0", "uv": [ 0.0, 0.0, 1.9999999940395359, 1.9999999940395359 ] }
            }
        },
        {
            "name": "9",
            "from": [ 12.2, 0.0, 12.2 ], 
            "to": [ 13.799999994039535, 16.0, 13.799999994039535 ], 
            "faces": {
                "north": { "texture": "#0", "uv": [ 8.0, 0.0, 9.999999994039534, 16.0 ] },
                "east": { "texture": "#0", "uv": [ 8.0, 0.0, 9.999999994039534, 16.0 ] },
                "south": { "texture": "#0", "uv": [ 8.0, 0.0, 9.999999994039534, 16.0 ] },
                "west": { "texture": "#0", "uv": [ 8.0, 0.0, 9.999999994039534, 16.0 ] },
                "up": { "texture": "#0", "uv": [ 0.0, 0.0, 1.9999999940395359, 1.9999999940395359 ] },
                "down": { "texture": "#0", "uv": [ 0.0, 0.0, 1.9999999940395359, 1.9999999940395359 ] }
            }
        }
    ]
}