{
	"credit": "Made with Blockbench",
	"textures": {
		"0": "item/bow",
		"particle": "item/bow"
	},
	"elements": [
		{
			"from": [4.39189, 8.60811, 6.875],
			"to": [4.89189, 9.10811, 9.125],
			"rotation": {"angle": 0, "axis": "y", "origin": [6.99826, 8.99825, 8.00349]},
			"faces": {
				"north": {"uv": [5, 7, 4.5, 7.5], "texture": "#0"},
				"east": {"uv": [5, 7, 4.5, 7.5], "texture": "#0"},
				"south": {"uv": [4.5, 7, 5, 7.5], "texture": "#0"},
				"up": {"uv": [4.5, 7, 5, 7.5], "rotation": 270, "texture": "#0"},
				"down": {"uv": [4.5, 7.5, 5, 7], "rotation": 90, "texture": "#0"}
			}
		},
		{
			"from": [2.89189, 5.10811, 6.875],
			"to": [3.39189, 8.10811, 9.125],
			"rotation": {"angle": 0, "axis": "y", "origin": [6.99826, 8.99825, 8.00349]},
			"faces": {
				"north": {"uv": [3.5, 8, 3, 11], "texture": "#0"},
				"east": {"uv": [3.5, 8, 3, 11], "texture": "#0"},
				"south": {"uv": [3, 8, 3.5, 11], "texture": "#0"},
				"west": {"uv": [3, 8, 3.5, 11], "texture": "#0"},
				"up": {"uv": [3, 8, 3.5, 8.5], "rotation": 270, "texture": "#0"},
				"down": {"uv": [3, 11, 3.5, 10.5], "rotation": 90, "texture": "#0"}
			}
		},
		{
			"from": [3.39189, 6.60811, 6.875],
			"to": [3.89189, 9.10811, 9.125],
			"rotation": {"angle": 0, "axis": "y", "origin": [6.99826, 8.99825, 8.00349]},
			"faces": {
				"north": {"uv": [4, 7, 3.5, 9.5], "texture": "#0"},
				"east": {"uv": [4, 7, 3.5, 9.5], "texture": "#0"},
				"south": {"uv": [3.5, 7, 4, 9.5], "texture": "#0"},
				"west": {"uv": [3.5, 7, 4, 9.5], "texture": "#0"},
				"up": {"uv": [3.5, 7, 4, 7.5], "rotation": 270, "texture": "#0"},
				"down": {"uv": [3.5, 9.5, 4, 9], "rotation": 90, "texture": "#0"}
			}
		},
		{
			"from": [3.89189, 7.60811, 6.875],
			"to": [4.39189, 9.60811, 9.125],
			"rotation": {"angle": 0, "axis": "y", "origin": [6.99826, 8.99825, 8.00349]},
			"faces": {
				"north": {"uv": [4.5, 6.5, 4, 8.5], "texture": "#0"},
				"east": {"uv": [4.5, 6.5, 4, 8.5], "texture": "#0"},
				"south": {"uv": [4, 6.5, 4.5, 8.5], "texture": "#0"},
				"west": {"uv": [4, 6.5, 4.5, 8.5], "texture": "#0"},
				"up": {"uv": [4, 6.5, 4.5, 7], "rotation": 270, "texture": "#0"},
				"down": {"uv": [4, 8.5, 4.5, 8], "rotation": 90, "texture": "#0"}
			}
		},
		{
			"from": [2.39189, 3.60811, 6.875],
			"to": [2.89189, 6.60811, 9.125],
			"rotation": {"angle": 0, "axis": "y", "origin": [6.99826, 8.99825, 8.00349]},
			"faces": {
				"north": {"uv": [3, 9.5, 2.5, 12.5], "texture": "#0"},
				"east": {"uv": [3, 9.5, 2.5, 12.5], "texture": "#0"},
				"south": {"uv": [2.5, 9.5, 3, 12.5], "texture": "#0"},
				"west": {"uv": [2.5, 9.5, 3, 12.5], "texture": "#0"},
				"up": {"uv": [2.5, 9.5, 3, 10], "rotation": 270, "texture": "#0"},
				"down": {"uv": [2.5, 12.5, 3, 12], "rotation": 90, "texture": "#0"}
			}
		},
		{
			"from": [1.89189, 1.10811, 6.875],
			"to": [2.39189, 5.10811, 9.125],
			"rotation": {"angle": 0, "axis": "y", "origin": [6.99826, 8.99825, 8.00349]},
			"faces": {
				"north": {"uv": [2.5, 11, 2, 15], "texture": "#0"},
				"east": {"uv": [2.5, 11, 2, 15], "texture": "#0"},
				"south": {"uv": [2, 11, 2.5, 15], "texture": "#0"},
				"west": {"uv": [2, 11, 2.5, 15], "texture": "#0"},
				"up": {"uv": [2, 11, 2.5, 11.5], "rotation": 270, "texture": "#0"},
				"down": {"uv": [2, 15, 2.5, 14.5], "rotation": 90, "texture": "#0"}
			}
		},
		{
			"from": [6.89189, 11.10811, 6.875],
			"to": [7.39189, 11.60811, 9.125],
			"rotation": {"angle": 0, "axis": "y", "origin": [6.99826, 8.99825, 8.00349]},
			"faces": {
				"north": {"uv": [7.5, 4.5, 7, 5], "texture": "#0"},
				"east": {"uv": [7.5, 4.5, 7, 5], "texture": "#0"},
				"south": {"uv": [7, 4.5, 7.5, 5], "texture": "#0"},
				"west": {"uv": [7, 4.5, 7.5, 5], "texture": "#0"},
				"down": {"uv": [7, 5, 7.5, 4.5], "rotation": 90, "texture": "#0"}
			}
		},
		{
			"from": [6.39189, 11.60811, 6.875],
			"to": [8.39189, 12.10811, 9.125],
			"rotation": {"angle": 0, "axis": "y", "origin": [6.99826, 8.99825, 8.00349]},
			"faces": {
				"north": {"uv": [8.5, 4, 6.5, 4.5], "texture": "#0"},
				"east": {"uv": [8.5, 4, 8, 4.5], "texture": "#0"},
				"south": {"uv": [6.5, 4, 8.5, 4.5], "texture": "#0"},
				"west": {"uv": [6.5, 4, 7, 4.5], "texture": "#0"},
				"up": {"uv": [6.5, 4, 7, 4.5], "rotation": 270, "texture": "#0"},
				"down": {"uv": [6.5, 4.5, 8.5, 4], "texture": "#0"}
			}
		},
		{
			"from": [6.89189, 12.10811, 6.875],
			"to": [9.39189, 12.60811, 9.125],
			"rotation": {"angle": 0, "axis": "y", "origin": [6.99826, 8.99825, 8.00349]},
			"faces": {
				"north": {"uv": [9.5, 3.5, 7, 4], "texture": "#0"},
				"east": {"uv": [9.5, 3.5, 9, 4], "texture": "#0"},
				"south": {"uv": [7, 3.5, 9.5, 4], "texture": "#0"},
				"west": {"uv": [7, 3.5, 7.5, 4], "texture": "#0"},
				"up": {"uv": [7, 3.5, 9.5, 4], "texture": "#0"},
				"down": {"uv": [7, 4, 9.5, 3.5], "texture": "#0"}
			}
		},
		{
			"from": [7.89189, 12.60811, 6.875],
			"to": [10.89189, 13.10811, 9.125],
			"rotation": {"angle": 0, "axis": "y", "origin": [6.99826, 8.99825, 8.00349]},
			"faces": {
				"north": {"uv": [11, 3, 8, 3.5], "texture": "#0"},
				"east": {"uv": [11, 3, 10.5, 3.5], "texture": "#0"},
				"south": {"uv": [8, 3, 11, 3.5], "texture": "#0"},
				"west": {"uv": [8, 3, 8.5, 3.5], "texture": "#0"},
				"up": {"uv": [8, 3, 11, 3.5], "texture": "#0"},
				"down": {"uv": [8, 3.5, 11, 3], "texture": "#0"}
			}
		},
		{
			"from": [9.39189, 13.10811, 6.875],
			"to": [12.39189, 13.60811, 9.125],
			"rotation": {"angle": 0, "axis": "y", "origin": [6.99826, 8.99825, 8.00349]},
			"faces": {
				"north": {"uv": [12.5, 2.5, 9.5, 3], "texture": "#0"},
				"east": {"uv": [12.5, 2.5, 12, 3], "texture": "#0"},
				"south": {"uv": [9.5, 2.5, 12.5, 3], "texture": "#0"},
				"west": {"uv": [9.5, 2.5, 10, 3], "texture": "#0"},
				"up": {"uv": [9.5, 2.5, 12.5, 3], "texture": "#0"},
				"down": {"uv": [9.5, 3, 12.5, 2.5], "texture": "#0"}
			}
		},
		{
			"from": [10.89189, 13.60811, 6.875],
			"to": [14.89189, 14.10811, 9.125],
			"rotation": {"angle": 0, "axis": "y", "origin": [6.99826, 8.99825, 8.00349]},
			"faces": {
				"north": {"uv": [15, 2, 11, 2.5], "texture": "#0"},
				"east": {"uv": [15, 2, 14.5, 2.5], "texture": "#0"},
				"south": {"uv": [11, 2, 15, 2.5], "texture": "#0"},
				"west": {"uv": [11, 2, 11.5, 2.5], "texture": "#0"},
				"up": {"uv": [11, 2, 15, 2.5], "texture": "#0"},
				"down": {"uv": [11, 2.5, 15, 2], "texture": "#0"}
			}
		},
		{
			"from": [10.89189, 14.10811, 7.25],
			"to": [15.89189, 14.60811, 8.75],
			"rotation": {"angle": 0, "axis": "y", "origin": [6.99826, 8.99825, 8.00349]},
			"faces": {
				"north": {"uv": [16, 1.5, 11, 2], "texture": "#0"},
				"east": {"uv": [16, 1.5, 15.5, 2], "texture": "#0"},
				"south": {"uv": [11, 1.5, 16, 2], "texture": "#0"},
				"west": {"uv": [11, 1.5, 11.5, 2], "texture": "#0"},
				"up": {"uv": [11, 1.5, 11.5, 2], "rotation": 270, "texture": "#0"},
				"down": {"uv": [11, 2, 11.5, 1.5], "rotation": 90, "texture": "#0"}
			}
		},
		{
			"from": [9.39189, 13.60811, 7.25],
			"to": [10.89189, 14.10811, 8.75],
			"rotation": {"angle": 0, "axis": "y", "origin": [6.99826, 8.99825, 8.00349]},
			"faces": {
				"north": {"uv": [11, 2, 9.5, 2.5], "texture": "#0"},
				"south": {"uv": [9.5, 2, 11, 2.5], "texture": "#0"},
				"west": {"uv": [9.5, 2, 10, 2.5], "texture": "#0"},
				"up": {"uv": [9.5, 2, 10, 2.5], "rotation": 270, "texture": "#0"}
			}
		},
		{
			"from": [7.89189, 13.10811, 7.25],
			"to": [9.39189, 13.60811, 8.75],
			"rotation": {"angle": 0, "axis": "y", "origin": [6.99826, 8.99825, 8.00349]},
			"faces": {
				"north": {"uv": [9.5, 2.5, 8, 3], "texture": "#0"},
				"south": {"uv": [8, 2.5, 9.5, 3], "texture": "#0"},
				"west": {"uv": [8, 2.5, 8.5, 3], "texture": "#0"},
				"up": {"uv": [8, 2.5, 8.5, 3], "rotation": 270, "texture": "#0"}
			}
		},
		{
			"from": [6.89189, 12.60811, 7.25],
			"to": [7.89189, 13.10811, 8.75],
			"rotation": {"angle": 0, "axis": "y", "origin": [6.99826, 8.99825, 8.00349]},
			"faces": {
				"north": {"uv": [8, 3, 7, 3.5], "texture": "#0"},
				"south": {"uv": [7, 3, 8, 3.5], "texture": "#0"},
				"west": {"uv": [7, 3, 7.5, 3.5], "texture": "#0"},
				"up": {"uv": [7, 3, 7.5, 3.5], "rotation": 270, "texture": "#0"}
			}
		},
		{
			"from": [6.39189, 12.10811, 7.25],
			"to": [6.89189, 12.60811, 8.75],
			"rotation": {"angle": 0, "axis": "y", "origin": [6.99826, 8.99825, 8.00349]},
			"faces": {
				"north": {"uv": [6.5, 3.5, 7, 4], "texture": "#0"},
				"south": {"uv": [6.5, 3.5, 7, 4], "texture": "#0"},
				"west": {"uv": [6.5, 3.5, 7, 4], "texture": "#0"},
				"up": {"uv": [6.5, 3.5, 7, 4], "texture": "#0"}
			}
		},
		{
			"from": [3.39189, 9.10811, 7.25],
			"to": [3.89189, 9.60811, 8.75],
			"rotation": {"angle": 0, "axis": "y", "origin": [6.99826, 8.99825, 8.00349]},
			"faces": {
				"north": {"uv": [3.5, 6.5, 4, 7], "texture": "#0"},
				"south": {"uv": [3.5, 6.5, 4, 7], "texture": "#0"},
				"west": {"uv": [3.5, 6.5, 4, 7], "texture": "#0"},
				"up": {"uv": [3.5, 6.5, 4, 7], "texture": "#0"}
			}
		},
		{
			"from": [2.89189, 8.10811, 7.25],
			"to": [3.39189, 9.10811, 8.75],
			"rotation": {"angle": 0, "axis": "y", "origin": [6.99826, 8.99825, 8.00349]},
			"faces": {
				"north": {"uv": [3.5, 7, 3, 8], "texture": "#0"},
				"south": {"uv": [3, 7, 3.5, 8], "texture": "#0"},
				"west": {"uv": [3, 7, 3.5, 8], "texture": "#0"},
				"up": {"uv": [3, 7, 3.5, 7.5], "rotation": 270, "texture": "#0"}
			}
		},
		{
			"from": [2.39189, 6.60811, 7.25],
			"to": [2.89189, 8.10811, 8.75],
			"rotation": {"angle": 0, "axis": "y", "origin": [6.99826, 8.99825, 8.00349]},
			"faces": {
				"north": {"uv": [3, 8, 2.5, 9.5], "texture": "#0"},
				"south": {"uv": [2.5, 8, 3, 9.5], "texture": "#0"},
				"west": {"uv": [2.5, 8, 3, 9.5], "texture": "#0"},
				"up": {"uv": [2.5, 8, 3, 8.5], "rotation": 270, "texture": "#0"}
			}
		},
		{
			"from": [1.89189, 5.10811, 7.25],
			"to": [2.39189, 6.60811, 8.75],
			"rotation": {"angle": 0, "axis": "y", "origin": [6.99826, 8.99825, 8.00349]},
			"faces": {
				"north": {"uv": [2.5, 9.5, 2, 11], "texture": "#0"},
				"south": {"uv": [2, 9.5, 2.5, 11], "texture": "#0"},
				"west": {"uv": [2, 9.5, 2.5, 11], "texture": "#0"},
				"up": {"uv": [2, 9.5, 2.5, 10], "rotation": 270, "texture": "#0"}
			}
		},
		{
			"from": [1.39189, 0.10811, 7.25],
			"to": [1.89189, 5.10811, 8.75],
			"rotation": {"angle": 0, "axis": "y", "origin": [6.99826, 8.99825, 8.00349]},
			"faces": {
				"north": {"uv": [2, 11, 1.5, 16], "texture": "#0"},
				"east": {"uv": [2, 11, 1.5, 16], "texture": "#0"},
				"south": {"uv": [1.5, 11, 2, 16], "texture": "#0"},
				"west": {"uv": [1.5, 11, 2, 16], "texture": "#0"},
				"up": {"uv": [1.5, 11, 2, 11.5], "rotation": 270, "texture": "#0"},
				"down": {"uv": [1.5, 16, 2, 15.5], "rotation": 90, "texture": "#0"}
			}
		},
		{
			"from": [5.89189, 10.10811, 7],
			"to": [6.39189, 11.60811, 9],
			"rotation": {"angle": 0, "axis": "y", "origin": [6.99826, 8.99825, 8.00349]},
			"faces": {
				"north": {"uv": [6.5, 4.5, 6, 6], "texture": "#0"},
				"east": {"uv": [6.5, 4.5, 6, 6], "texture": "#0"},
				"south": {"uv": [6, 4.5, 6.5, 6], "texture": "#0"},
				"west": {"uv": [6, 4.5, 6.5, 6], "texture": "#0"},
				"up": {"uv": [6, 4.5, 6.5, 5], "rotation": 270, "texture": "#0"},
				"down": {"uv": [6, 6, 6.5, 5.5], "rotation": 90, "texture": "#0"}
			}
		},
		{
			"from": [5.39189, 9.60811, 7],
			"to": [5.89189, 11.10811, 9],
			"rotation": {"angle": 0, "axis": "y", "origin": [6.99826, 8.99825, 8.00349]},
			"faces": {
				"north": {"uv": [6, 5, 5.5, 6.5], "texture": "#0"},
				"east": {"uv": [6, 5, 5.5, 6.5], "texture": "#0"},
				"south": {"uv": [5.5, 5, 6, 6.5], "texture": "#0"},
				"west": {"uv": [5.5, 5, 6, 6.5], "texture": "#0"},
				"up": {"uv": [5.5, 5, 6, 5.5], "rotation": 270, "texture": "#0"},
				"down": {"uv": [5.5, 6.5, 6, 6], "rotation": 90, "texture": "#0"}
			}
		},
		{
			"from": [4.89189, 9.10811, 7],
			"to": [5.39189, 10.60811, 9],
			"rotation": {"angle": 0, "axis": "y", "origin": [6.99826, 8.99825, 8.00349]},
			"faces": {
				"north": {"uv": [5.5, 5.5, 5, 7], "texture": "#0"},
				"east": {"uv": [5.5, 5.5, 5, 7], "texture": "#0"},
				"south": {"uv": [5, 5.5, 5.5, 7], "texture": "#0"},
				"west": {"uv": [5, 5.5, 5.5, 7], "texture": "#0"},
				"up": {"uv": [5, 5.5, 5.5, 6], "rotation": 270, "texture": "#0"},
				"down": {"uv": [5, 7, 5.5, 6.5], "rotation": 90, "texture": "#0"}
			}
		},
		{
			"from": [4.39189, 9.60811, 7],
			"to": [4.89189, 10.10811, 9],
			"rotation": {"angle": 0, "axis": "y", "origin": [6.99826, 8.99825, 8.00349]},
			"faces": {
				"north": {"uv": [5, 6, 4.5, 6.5], "texture": "#0"},
				"south": {"uv": [4.5, 6, 5, 6.5], "texture": "#0"},
				"west": {"uv": [4.5, 6, 5, 6.5], "texture": "#0"},
				"up": {"uv": [4.5, 6, 5, 6.5], "rotation": 270, "texture": "#0"},
				"down": {"uv": [4.5, 6.5, 5, 6], "rotation": 90, "texture": "#0"}
			}
		},
		{
			"from": [6.39189, 10.60811, 7],
			"to": [6.89189, 11.10811, 9],
			"rotation": {"angle": 0, "axis": "y", "origin": [6.99826, 8.99825, 8.00349]},
			"faces": {
				"north": {"uv": [7, 5, 6.5, 5.5], "texture": "#0"},
				"east": {"uv": [7, 5, 6.5, 5.5], "texture": "#0"},
				"south": {"uv": [6.5, 5, 7, 5.5], "texture": "#0"},
				"up": {"uv": [6.5, 5, 7, 5.5], "rotation": 270, "texture": "#0"},
				"down": {"uv": [6.5, 5.5, 7, 5], "rotation": 90, "texture": "#0"}
			}
		},
		{
			"from": [3.89189, 9.60811, 7.25],
			"to": [4.39189, 10.10811, 8.75],
			"rotation": {"angle": 0, "axis": "y", "origin": [6.99826, 8.99825, 8.00349]},
			"faces": {
				"north": {"uv": [4.5, 6, 4, 6.5], "texture": "#0"},
				"south": {"uv": [4, 6, 4.5, 6.5], "texture": "#0"},
				"west": {"uv": [4, 6, 4.5, 6.5], "texture": "#0"},
				"up": {"uv": [4, 6, 4.5, 6.5], "rotation": 270, "texture": "#0"}
			}
		},
		{
			"from": [4.39189, 10.10811, 7.25],
			"to": [4.89189, 10.60811, 8.75],
			"rotation": {"angle": 0, "axis": "y", "origin": [6.99826, 8.99825, 8.00349]},
			"faces": {
				"north": {"uv": [5, 5.5, 4.5, 6], "texture": "#0"},
				"south": {"uv": [4.5, 5.5, 5, 6], "texture": "#0"},
				"west": {"uv": [4.5, 5.5, 5, 6], "texture": "#0"},
				"up": {"uv": [4.5, 5.5, 5, 6], "rotation": 270, "texture": "#0"}
			}
		},
		{
			"from": [4.89189, 10.60811, 7.25],
			"to": [5.39189, 11.10811, 8.75],
			"rotation": {"angle": 0, "axis": "y", "origin": [6.99826, 8.99825, 8.00349]},
			"faces": {
				"north": {"uv": [5.5, 5, 5, 5.5], "texture": "#0"},
				"south": {"uv": [5, 5, 5.5, 5.5], "texture": "#0"},
				"west": {"uv": [5, 5, 5.5, 5.5], "texture": "#0"},
				"up": {"uv": [5, 5, 5.5, 5.5], "rotation": 270, "texture": "#0"}
			}
		},
		{
			"from": [4.39189, 9.10811, 7.25],
			"to": [4.89189, 9.60811, 8.75],
			"rotation": {"angle": 0, "axis": "y", "origin": [6.99826, 8.99825, 8.00349]},
			"faces": {
				"north": {"uv": [5, 6.5, 4.5, 7], "texture": "#0"},
				"south": {"uv": [4.5, 6.5, 5, 7], "texture": "#0"}
			}
		},
		{
			"from": [4.89189, 8.60811, 7.25],
			"to": [5.39189, 9.10811, 8.75],
			"rotation": {"angle": 0, "axis": "y", "origin": [6.99826, 8.99825, 8.00349]},
			"faces": {
				"north": {"uv": [5.5, 7, 5, 7.5], "texture": "#0"},
				"east": {"uv": [5.5, 7, 5, 7.5], "texture": "#0"},
				"south": {"uv": [5, 7, 5.5, 7.5], "texture": "#0"},
				"down": {"uv": [5, 7.5, 5.5, 7], "rotation": 90, "texture": "#0"}
			}
		},
		{
			"from": [5.39189, 9.10811, 7.25],
			"to": [5.89189, 9.60811, 8.75],
			"rotation": {"angle": 0, "axis": "y", "origin": [6.99826, 8.99825, 8.00349]},
			"faces": {
				"north": {"uv": [6, 6.5, 5.5, 7], "texture": "#0"},
				"east": {"uv": [6, 6.5, 5.5, 7], "texture": "#0"},
				"south": {"uv": [5.5, 6.5, 6, 7], "texture": "#0"},
				"down": {"uv": [5.5, 7, 6, 6.5], "rotation": 90, "texture": "#0"}
			}
		},
		{
			"from": [5.89189, 9.60811, 7.25],
			"to": [6.39189, 10.10811, 8.75],
			"rotation": {"angle": 0, "axis": "y", "origin": [6.99826, 8.99825, 8.00349]},
			"faces": {
				"north": {"uv": [6.5, 6, 6, 6.5], "texture": "#0"},
				"east": {"uv": [6.5, 6, 6, 6.5], "texture": "#0"},
				"south": {"uv": [6, 6, 6.5, 6.5], "texture": "#0"},
				"down": {"uv": [6, 6.5, 6.5, 6], "rotation": 90, "texture": "#0"}
			}
		},
		{
			"from": [6.39189, 10.10811, 7.25],
			"to": [6.89189, 10.60811, 8.75],
			"rotation": {"angle": 0, "axis": "y", "origin": [6.99826, 8.99825, 8.00349]},
			"faces": {
				"north": {"uv": [7, 5.5, 6.5, 6], "texture": "#0"},
				"east": {"uv": [7, 5.5, 6.5, 6], "texture": "#0"},
				"south": {"uv": [6.5, 5.5, 7, 6], "texture": "#0"},
				"down": {"uv": [6.5, 6, 7, 5.5], "rotation": 90, "texture": "#0"}
			}
		},
		{
			"from": [6.89189, 10.60811, 7.25],
			"to": [7.39189, 11.10811, 8.75],
			"rotation": {"angle": 0, "axis": "y", "origin": [6.99826, 8.99825, 8.00349]},
			"faces": {
				"north": {"uv": [7.5, 5, 7, 5.5], "texture": "#0"},
				"east": {"uv": [7.5, 5, 7, 5.5], "texture": "#0"},
				"south": {"uv": [7, 5, 7.5, 5.5], "texture": "#0"},
				"down": {"uv": [7, 5.5, 7.5, 5], "rotation": 90, "texture": "#0"}
			}
		},
		{
			"from": [6.39189, 11.10811, 7.25],
			"to": [6.89189, 11.60811, 8.75],
			"rotation": {"angle": 0, "axis": "y", "origin": [6.99826, 8.99825, 8.00349]},
			"faces": {
				"north": {"uv": [7, 4.5, 6.5, 5], "texture": "#0"},
				"south": {"uv": [6.5, 4.5, 7, 5], "texture": "#0"}
			}
		},
		{
			"from": [5.89189, 11.60811, 7.25],
			"to": [6.39189, 12.10811, 8.75],
			"rotation": {"angle": 0, "axis": "y", "origin": [6.99826, 8.99825, 8.00349]},
			"faces": {
				"north": {"uv": [6.5, 4, 6, 4.5], "texture": "#0"},
				"south": {"uv": [6, 4, 6.5, 4.5], "texture": "#0"},
				"west": {"uv": [6, 4, 6.5, 4.5], "texture": "#0"},
				"up": {"uv": [6, 4, 6.5, 4.5], "rotation": 270, "texture": "#0"}
			}
		},
		{
			"from": [5.39189, 11.10811, 7.25],
			"to": [5.89189, 11.60811, 8.75],
			"rotation": {"angle": 0, "axis": "y", "origin": [6.99826, 8.99825, 8.00349]},
			"faces": {
				"north": {"uv": [6, 4.5, 5.5, 5], "texture": "#0"},
				"south": {"uv": [5.5, 4.5, 6, 5], "texture": "#0"},
				"west": {"uv": [5.5, 4.5, 6, 5], "texture": "#0"},
				"up": {"uv": [5.5, 4.5, 6, 5], "rotation": 270, "texture": "#0"}
			}
		},
		{
			"from": [14.89189, 13.60811, 7.25],
			"to": [15.39189, 14.10811, 8.75],
			"rotation": {"angle": 0, "axis": "y", "origin": [6.99826, 8.99825, 8.00349]},
			"faces": {
				"north": {"uv": [15, 2, 15.5, 2.5], "texture": "#0"},
				"east": {"uv": [15, 2, 15.5, 2.5], "texture": "#0"},
				"south": {"uv": [15, 2, 15.5, 2.5], "texture": "#0"},
				"down": {"uv": [15, 2, 15.5, 2.5], "texture": "#0"}
			}
		},
		{
			"from": [12.39189, 13.10811, 7.25],
			"to": [14.89189, 13.60811, 8.75],
			"rotation": {"angle": 0, "axis": "y", "origin": [6.99826, 8.99825, 8.00349]},
			"faces": {
				"north": {"uv": [12.5, 2.5, 15, 3], "texture": "#0"},
				"east": {"uv": [12.5, 2.5, 15, 3], "texture": "#0"},
				"south": {"uv": [12.5, 2.5, 15, 3], "texture": "#0"},
				"down": {"uv": [12.5, 2.5, 15, 3], "texture": "#0"}
			}
		},
		{
			"from": [10.89189, 12.60811, 7.25],
			"to": [12.39189, 13.10811, 8.75],
			"rotation": {"angle": 0, "axis": "y", "origin": [6.99826, 8.99825, 8.00349]},
			"faces": {
				"north": {"uv": [11, 3, 12.5, 3.5], "texture": "#0"},
				"east": {"uv": [11, 3, 12.5, 3.5], "texture": "#0"},
				"south": {"uv": [11, 3, 12.5, 3.5], "texture": "#0"},
				"down": {"uv": [11, 3, 12.5, 3.5], "texture": "#0"}
			}
		},
		{
			"from": [9.39189, 12.10811, 7.25],
			"to": [10.89189, 12.60811, 8.75],
			"rotation": {"angle": 0, "axis": "y", "origin": [6.99826, 8.99825, 8.00349]},
			"faces": {
				"north": {"uv": [9.5, 3.5, 11, 4], "texture": "#0"},
				"east": {"uv": [9.5, 3.5, 11, 4], "texture": "#0"},
				"south": {"uv": [9.5, 3.5, 11, 4], "texture": "#0"},
				"down": {"uv": [9.5, 3.5, 11, 4], "texture": "#0"}
			}
		},
		{
			"from": [8.39189, 11.60811, 7.25],
			"to": [9.39189, 12.10811, 8.75],
			"rotation": {"angle": 0, "axis": "y", "origin": [6.99826, 8.99825, 8.00349]},
			"faces": {
				"north": {"uv": [8.5, 4, 9.5, 4.5], "texture": "#0"},
				"east": {"uv": [8.5, 4, 9.5, 4.5], "texture": "#0"},
				"south": {"uv": [8.5, 4, 9.5, 4.5], "texture": "#0"},
				"down": {"uv": [8.5, 4, 9.5, 4.5], "texture": "#0"}
			}
		},
		{
			"from": [7.39189, 11.10811, 7.25],
			"to": [8.39189, 11.60811, 8.75],
			"rotation": {"angle": 0, "axis": "y", "origin": [6.99826, 8.99825, 8.00349]},
			"faces": {
				"north": {"uv": [7.5, 4.5, 8.5, 5], "texture": "#0"},
				"east": {"uv": [7.5, 4.5, 8.5, 5], "texture": "#0"},
				"south": {"uv": [7.5, 4.5, 8.5, 5], "texture": "#0"},
				"down": {"uv": [7.5, 4.5, 8.5, 5], "texture": "#0"}
			}
		},
		{
			"from": [4.39189, 7.60811, 7.25],
			"to": [4.89189, 8.60811, 8.75],
			"rotation": {"angle": 0, "axis": "y", "origin": [6.99826, 8.99825, 8.00349]},
			"faces": {
				"north": {"uv": [4.5, 7.5, 5, 8.5], "texture": "#0"},
				"east": {"uv": [4.5, 7.5, 5, 8.5], "texture": "#0"},
				"south": {"uv": [4.5, 7.5, 5, 8.5], "texture": "#0"},
				"down": {"uv": [4.5, 7.5, 5, 8.5], "texture": "#0"}
			}
		},
		{
			"from": [3.89189, 6.60811, 7.25],
			"to": [4.39189, 7.60811, 8.75],
			"rotation": {"angle": 0, "axis": "y", "origin": [6.99826, 8.99825, 8.00349]},
			"faces": {
				"north": {"uv": [4, 8.5, 4.5, 9.5], "texture": "#0"},
				"east": {"uv": [4, 8.5, 4.5, 9.5], "texture": "#0"},
				"south": {"uv": [4, 8.5, 4.5, 9.5], "texture": "#0"},
				"down": {"uv": [4, 8.5, 4.5, 9.5], "texture": "#0"}
			}
		},
		{
			"from": [3.39189, 5.10811, 7.25],
			"to": [3.89189, 6.60811, 8.75],
			"rotation": {"angle": 0, "axis": "y", "origin": [6.99826, 8.99825, 8.00349]},
			"faces": {
				"north": {"uv": [3.5, 9.5, 4, 11], "texture": "#0"},
				"east": {"uv": [3.5, 9.5, 4, 11], "texture": "#0"},
				"south": {"uv": [3.5, 9.5, 4, 11], "texture": "#0"},
				"down": {"uv": [3.5, 9.5, 4, 11], "texture": "#0"}
			}
		},
		{
			"from": [2.89189, 3.60811, 7.25],
			"to": [3.39189, 5.10811, 8.75],
			"rotation": {"angle": 0, "axis": "y", "origin": [6.99826, 8.99825, 8.00349]},
			"faces": {
				"north": {"uv": [3, 11, 3.5, 12.5], "texture": "#0"},
				"east": {"uv": [3, 11, 3.5, 12.5], "texture": "#0"},
				"south": {"uv": [3, 11, 3.5, 12.5], "texture": "#0"},
				"down": {"uv": [3, 11, 3.5, 12.5], "texture": "#0"}
			}
		},
		{
			"from": [2.39189, 1.10811, 7.25],
			"to": [2.89189, 3.60811, 8.75],
			"rotation": {"angle": 0, "axis": "y", "origin": [6.99826, 8.99825, 8.00349]},
			"faces": {
				"north": {"uv": [2.5, 12.5, 3, 15], "texture": "#0"},
				"east": {"uv": [2.5, 12.5, 3, 15], "texture": "#0"},
				"south": {"uv": [2.5, 12.5, 3, 15], "texture": "#0"},
				"down": {"uv": [2.5, 12.5, 3, 15], "texture": "#0"}
			}
		},
		{
			"from": [1.89189, 0.60811, 7.25],
			"to": [2.39189, 1.10811, 8.75],
			"rotation": {"angle": 0, "axis": "y", "origin": [6.99826, 8.99825, 8.00349]},
			"faces": {
				"north": {"uv": [2, 15, 2.5, 15.5], "texture": "#0"},
				"east": {"uv": [2, 15, 2.5, 15.5], "texture": "#0"},
				"south": {"uv": [2, 15, 2.5, 15.5], "texture": "#0"},
				"down": {"uv": [2, 15, 2.5, 15.5], "texture": "#0"}
			}
		},
		{
			"from": [13.89189, 12.60811, 7.75],
			"to": [14.39189, 13.10811, 8.25],
			"rotation": {"angle": 0, "axis": "y", "origin": [6.99826, 8.99825, 8.00349]},
			"faces": {
				"north": {"uv": [14, 3, 14.5, 3.5], "texture": "#0"},
				"east": {"uv": [14, 3, 14.5, 3.5], "texture": "#0"},
				"south": {"uv": [14, 3, 14.5, 3.5], "texture": "#0"},
				"west": {"uv": [14, 3, 14.5, 3.5], "texture": "#0"},
				"down": {"uv": [14, 3, 14.5, 3.5], "texture": "#0"}
			}
		},
		{
			"from": [13.39189, 12.10811, 7.75],
			"to": [13.89189, 12.60811, 8.25],
			"rotation": {"angle": 0, "axis": "y", "origin": [6.99826, 8.99825, 8.00349]},
			"faces": {
				"north": {"uv": [14, 3, 14.5, 3.5], "texture": "#0"},
				"east": {"uv": [14, 3, 14.5, 3.5], "texture": "#0"},
				"south": {"uv": [14, 3, 14.5, 3.5], "texture": "#0"},
				"west": {"uv": [14, 3, 14.5, 3.5], "texture": "#0"},
				"up": {"uv": [14, 3, 14.5, 3.5], "texture": "#0"},
				"down": {"uv": [14, 3, 14.5, 3.5], "texture": "#0"}
			}
		},
		{
			"from": [12.39189, 11.10811, 7.75],
			"to": [12.89189, 11.60811, 8.25],
			"rotation": {"angle": 0, "axis": "y", "origin": [6.99826, 8.99825, 8.00349]},
			"faces": {
				"north": {"uv": [14, 3, 14.5, 3.5], "texture": "#0"},
				"east": {"uv": [14, 3, 14.5, 3.5], "texture": "#0"},
				"south": {"uv": [14, 3, 14.5, 3.5], "texture": "#0"},
				"west": {"uv": [14, 3, 14.5, 3.5], "texture": "#0"},
				"up": {"uv": [14, 3, 14.5, 3.5], "texture": "#0"},
				"down": {"uv": [14, 3, 14.5, 3.5], "texture": "#0"}
			}
		},
		{
			"from": [11.89189, 10.60811, 7.75],
			"to": [12.39189, 11.10811, 8.25],
			"rotation": {"angle": 0, "axis": "y", "origin": [6.99826, 8.99825, 8.00349]},
			"faces": {
				"north": {"uv": [14, 3, 14.5, 3.5], "texture": "#0"},
				"east": {"uv": [14, 3, 14.5, 3.5], "texture": "#0"},
				"south": {"uv": [14, 3, 14.5, 3.5], "texture": "#0"},
				"west": {"uv": [14, 3, 14.5, 3.5], "texture": "#0"},
				"up": {"uv": [14, 3, 14.5, 3.5], "texture": "#0"},
				"down": {"uv": [14, 3, 14.5, 3.5], "texture": "#0"}
			}
		},
		{
			"from": [11.39189, 10.10811, 7.75],
			"to": [11.89189, 10.60811, 8.25],
			"rotation": {"angle": 0, "axis": "y", "origin": [6.99826, 8.99825, 8.00349]},
			"faces": {
				"north": {"uv": [14, 3, 14.5, 3.5], "texture": "#0"},
				"east": {"uv": [14, 3, 14.5, 3.5], "texture": "#0"},
				"south": {"uv": [14, 3, 14.5, 3.5], "texture": "#0"},
				"west": {"uv": [14, 3, 14.5, 3.5], "texture": "#0"},
				"up": {"uv": [14, 3, 14.5, 3.5], "texture": "#0"},
				"down": {"uv": [14, 3, 14.5, 3.5], "texture": "#0"}
			}
		},
		{
			"from": [9.89189, 8.60811, 7.75],
			"to": [10.39189, 9.10811, 8.25],
			"rotation": {"angle": 0, "axis": "y", "origin": [6.99826, 8.99825, 8.00349]},
			"faces": {
				"north": {"uv": [14, 3, 14.5, 3.5], "texture": "#0"},
				"east": {"uv": [14, 3, 14.5, 3.5], "texture": "#0"},
				"south": {"uv": [14, 3, 14.5, 3.5], "texture": "#0"},
				"west": {"uv": [14, 3, 14.5, 3.5], "texture": "#0"},
				"up": {"uv": [14, 3, 14.5, 3.5], "texture": "#0"},
				"down": {"uv": [14, 3, 14.5, 3.5], "texture": "#0"}
			}
		},
		{
			"from": [9.39189, 8.10811, 7.75],
			"to": [9.89189, 8.60811, 8.25],
			"rotation": {"angle": 0, "axis": "y", "origin": [6.99826, 8.99825, 8.00349]},
			"faces": {
				"north": {"uv": [14, 3, 14.5, 3.5], "texture": "#0"},
				"east": {"uv": [14, 3, 14.5, 3.5], "texture": "#0"},
				"south": {"uv": [14, 3, 14.5, 3.5], "texture": "#0"},
				"west": {"uv": [14, 3, 14.5, 3.5], "texture": "#0"},
				"up": {"uv": [14, 3, 14.5, 3.5], "texture": "#0"},
				"down": {"uv": [14, 3, 14.5, 3.5], "texture": "#0"}
			}
		},
		{
			"from": [8.39189, 7.10811, 7.75],
			"to": [8.89189, 7.60811, 8.25],
			"rotation": {"angle": 0, "axis": "y", "origin": [6.99826, 8.99825, 8.00349]},
			"faces": {
				"north": {"uv": [14, 3, 14.5, 3.5], "texture": "#0"},
				"east": {"uv": [14, 3, 14.5, 3.5], "texture": "#0"},
				"south": {"uv": [14, 3, 14.5, 3.5], "texture": "#0"},
				"west": {"uv": [14, 3, 14.5, 3.5], "texture": "#0"},
				"up": {"uv": [14, 3, 14.5, 3.5], "texture": "#0"},
				"down": {"uv": [14, 3, 14.5, 3.5], "texture": "#0"}
			}
		},
		{
			"from": [6.89189, 5.60811, 7.75],
			"to": [7.39189, 6.10811, 8.25],
			"rotation": {"angle": 0, "axis": "y", "origin": [6.99826, 8.99825, 8.00349]},
			"faces": {
				"north": {"uv": [14, 3, 14.5, 3.5], "texture": "#0"},
				"east": {"uv": [14, 3, 14.5, 3.5], "texture": "#0"},
				"south": {"uv": [14, 3, 14.5, 3.5], "texture": "#0"},
				"west": {"uv": [14, 3, 14.5, 3.5], "texture": "#0"},
				"up": {"uv": [14, 3, 14.5, 3.5], "texture": "#0"},
				"down": {"uv": [14, 3, 14.5, 3.5], "texture": "#0"}
			}
		},
		{
			"from": [5.89189, 4.60811, 7.75],
			"to": [6.39189, 5.10811, 8.25],
			"rotation": {"angle": 0, "axis": "y", "origin": [6.99826, 8.99825, 8.00349]},
			"faces": {
				"north": {"uv": [14, 3, 14.5, 3.5], "texture": "#0"},
				"east": {"uv": [14, 3, 14.5, 3.5], "texture": "#0"},
				"south": {"uv": [14, 3, 14.5, 3.5], "texture": "#0"},
				"west": {"uv": [14, 3, 14.5, 3.5], "texture": "#0"},
				"up": {"uv": [14, 3, 14.5, 3.5], "texture": "#0"},
				"down": {"uv": [14, 3, 14.5, 3.5], "texture": "#0"}
			}
		},
		{
			"from": [5.39189, 4.10811, 7.75],
			"to": [5.89189, 4.60811, 8.25],
			"rotation": {"angle": 0, "axis": "y", "origin": [6.99826, 8.99825, 8.00349]},
			"faces": {
				"north": {"uv": [14, 3, 14.5, 3.5], "texture": "#0"},
				"east": {"uv": [14, 3, 14.5, 3.5], "texture": "#0"},
				"south": {"uv": [14, 3, 14.5, 3.5], "texture": "#0"},
				"west": {"uv": [14, 3, 14.5, 3.5], "texture": "#0"},
				"up": {"uv": [14, 3, 14.5, 3.5], "texture": "#0"},
				"down": {"uv": [14, 3, 14.5, 3.5], "texture": "#0"}
			}
		},
		{
			"from": [4.89189, 3.60811, 7.75],
			"to": [5.39189, 4.10811, 8.25],
			"rotation": {"angle": 0, "axis": "y", "origin": [6.99826, 8.99825, 8.00349]},
			"faces": {
				"north": {"uv": [14, 3, 14.5, 3.5], "texture": "#0"},
				"east": {"uv": [14, 3, 14.5, 3.5], "texture": "#0"},
				"south": {"uv": [14, 3, 14.5, 3.5], "texture": "#0"},
				"west": {"uv": [14, 3, 14.5, 3.5], "texture": "#0"},
				"up": {"uv": [14, 3, 14.5, 3.5], "texture": "#0"},
				"down": {"uv": [14, 3, 14.5, 3.5], "texture": "#0"}
			}
		},
		{
			"from": [4.39189, 3.10811, 7.75],
			"to": [4.89189, 3.60811, 8.25],
			"rotation": {"angle": 0, "axis": "y", "origin": [6.99826, 8.99825, 8.00349]},
			"faces": {
				"north": {"uv": [14, 3, 14.5, 3.5], "texture": "#0"},
				"east": {"uv": [14, 3, 14.5, 3.5], "texture": "#0"},
				"south": {"uv": [14, 3, 14.5, 3.5], "texture": "#0"},
				"west": {"uv": [14, 3, 14.5, 3.5], "texture": "#0"},
				"up": {"uv": [14, 3, 14.5, 3.5], "texture": "#0"},
				"down": {"uv": [14, 3, 14.5, 3.5], "texture": "#0"}
			}
		},
		{
			"from": [3.39189, 2.10811, 7.75],
			"to": [3.89189, 2.60811, 8.25],
			"rotation": {"angle": 0, "axis": "y", "origin": [6.99826, 8.99825, 8.00349]},
			"faces": {
				"north": {"uv": [14, 3, 14.5, 3.5], "texture": "#0"},
				"east": {"uv": [14, 3, 14.5, 3.5], "texture": "#0"},
				"south": {"uv": [14, 3, 14.5, 3.5], "texture": "#0"},
				"west": {"uv": [14, 3, 14.5, 3.5], "texture": "#0"},
				"up": {"uv": [14, 3, 14.5, 3.5], "texture": "#0"},
				"down": {"uv": [14, 3, 14.5, 3.5], "texture": "#0"}
			}
		},
		{
			"from": [6.39189, 5.10811, 7.75],
			"to": [6.89189, 5.60811, 8.25],
			"rotation": {"angle": 0, "axis": "y", "origin": [6.99826, 8.99825, 8.00349]},
			"faces": {
				"north": {"uv": [14, 3, 14.5, 3.5], "texture": "#0"},
				"east": {"uv": [14, 3, 14.5, 3.5], "texture": "#0"},
				"south": {"uv": [14, 3, 14.5, 3.5], "texture": "#0"},
				"west": {"uv": [14, 3, 14.5, 3.5], "texture": "#0"},
				"up": {"uv": [14, 3, 14.5, 3.5], "texture": "#0"},
				"down": {"uv": [14, 3, 14.5, 3.5], "texture": "#0"}
			}
		},
		{
			"from": [7.39189, 6.10811, 7.75],
			"to": [7.89189, 6.60811, 8.25],
			"rotation": {"angle": 0, "axis": "y", "origin": [6.99826, 8.99825, 8.00349]},
			"faces": {
				"north": {"uv": [14, 3, 14.5, 3.5], "texture": "#0"},
				"east": {"uv": [14, 3, 14.5, 3.5], "texture": "#0"},
				"south": {"uv": [14, 3, 14.5, 3.5], "texture": "#0"},
				"west": {"uv": [14, 3, 14.5, 3.5], "texture": "#0"},
				"up": {"uv": [14, 3, 14.5, 3.5], "texture": "#0"},
				"down": {"uv": [14, 3, 14.5, 3.5], "texture": "#0"}
			}
		},
		{
			"from": [7.89189, 6.60811, 7.75],
			"to": [8.39189, 7.10811, 8.25],
			"rotation": {"angle": 0, "axis": "y", "origin": [6.99826, 8.99825, 8.00349]},
			"faces": {
				"north": {"uv": [14, 3, 14.5, 3.5], "texture": "#0"},
				"east": {"uv": [14, 3, 14.5, 3.5], "texture": "#0"},
				"south": {"uv": [14, 3, 14.5, 3.5], "texture": "#0"},
				"west": {"uv": [14, 3, 14.5, 3.5], "texture": "#0"},
				"up": {"uv": [14, 3, 14.5, 3.5], "texture": "#0"},
				"down": {"uv": [14, 3, 14.5, 3.5], "texture": "#0"}
			}
		},
		{
			"from": [3.89189, 2.60811, 7.75],
			"to": [4.39189, 3.10811, 8.25],
			"rotation": {"angle": 0, "axis": "y", "origin": [6.99826, 8.99825, 8.00349]},
			"faces": {
				"north": {"uv": [14, 3, 14.5, 3.5], "texture": "#0"},
				"east": {"uv": [14, 3, 14.5, 3.5], "texture": "#0"},
				"south": {"uv": [14, 3, 14.5, 3.5], "texture": "#0"},
				"west": {"uv": [14, 3, 14.5, 3.5], "texture": "#0"},
				"up": {"uv": [14, 3, 14.5, 3.5], "texture": "#0"},
				"down": {"uv": [14, 3, 14.5, 3.5], "texture": "#0"}
			}
		},
		{
			"from": [2.89189, 1.60811, 7.75],
			"to": [3.39189, 2.10811, 8.25],
			"rotation": {"angle": 0, "axis": "y", "origin": [6.99826, 8.99825, 8.00349]},
			"faces": {
				"north": {"uv": [14, 3, 14.5, 3.5], "texture": "#0"},
				"east": {"uv": [14, 3, 14.5, 3.5], "texture": "#0"},
				"south": {"uv": [14, 3, 14.5, 3.5], "texture": "#0"},
				"up": {"uv": [14, 3, 14.5, 3.5], "texture": "#0"},
				"down": {"uv": [14, 3, 14.5, 3.5], "texture": "#0"}
			}
		},
		{
			"from": [8.89189, 7.60811, 7.75],
			"to": [9.39189, 8.10811, 8.25],
			"rotation": {"angle": 0, "axis": "y", "origin": [6.99826, 8.99825, 8.00349]},
			"faces": {
				"north": {"uv": [14, 3, 14.5, 3.5], "texture": "#0"},
				"east": {"uv": [14, 3, 14.5, 3.5], "texture": "#0"},
				"south": {"uv": [14, 3, 14.5, 3.5], "texture": "#0"},
				"west": {"uv": [14, 3, 14.5, 3.5], "texture": "#0"},
				"up": {"uv": [14, 3, 14.5, 3.5], "texture": "#0"},
				"down": {"uv": [14, 3, 14.5, 3.5], "texture": "#0"}
			}
		},
		{
			"from": [10.39189, 9.10811, 7.75],
			"to": [10.89189, 9.60811, 8.25],
			"rotation": {"angle": 0, "axis": "y", "origin": [6.99826, 8.99825, 8.00349]},
			"faces": {
				"north": {"uv": [14, 3, 14.5, 3.5], "texture": "#0"},
				"east": {"uv": [14, 3, 14.5, 3.5], "texture": "#0"},
				"south": {"uv": [14, 3, 14.5, 3.5], "texture": "#0"},
				"west": {"uv": [14, 3, 14.5, 3.5], "texture": "#0"},
				"up": {"uv": [14, 3, 14.5, 3.5], "texture": "#0"},
				"down": {"uv": [14, 3, 14.5, 3.5], "texture": "#0"}
			}
		},
		{
			"from": [10.89189, 9.60811, 7.75],
			"to": [11.39189, 10.10811, 8.25],
			"rotation": {"angle": 0, "axis": "y", "origin": [6.99826, 8.99825, 8.00349]},
			"faces": {
				"north": {"uv": [14, 3, 14.5, 3.5], "texture": "#0"},
				"east": {"uv": [14, 3, 14.5, 3.5], "texture": "#0"},
				"south": {"uv": [14, 3, 14.5, 3.5], "texture": "#0"},
				"west": {"uv": [14, 3, 14.5, 3.5], "texture": "#0"},
				"up": {"uv": [14, 3, 14.5, 3.5], "texture": "#0"},
				"down": {"uv": [14, 3, 14.5, 3.5], "texture": "#0"}
			}
		},
		{
			"from": [12.89189, 11.60811, 7.75],
			"to": [13.39189, 12.10811, 8.25],
			"rotation": {"angle": 0, "axis": "y", "origin": [6.99826, 8.99825, 8.00349]},
			"faces": {
				"north": {"uv": [14, 3, 14.5, 3.5], "texture": "#0"},
				"east": {"uv": [14, 3, 14.5, 3.5], "texture": "#0"},
				"south": {"uv": [14, 3, 14.5, 3.5], "texture": "#0"},
				"west": {"uv": [14, 3, 14.5, 3.5], "texture": "#0"},
				"up": {"uv": [14, 3, 14.5, 3.5], "texture": "#0"},
				"down": {"uv": [14, 3, 14.5, 3.5], "texture": "#0"}
			}
		}
	],
	"display": {
		"thirdperson_righthand": {
			"rotation": [-80, 260, -40],
			"translation": [-1, -2, 2.5],
			"scale": [0.9, 0.9, 0.9]
		},
		"thirdperson_lefthand": {
			"rotation": [-80, -280, 40],
			"translation": [-1, -2, 2.5],
			"scale": [0.9, 0.9, 0.9]
		},
		"firstperson_righthand": {
			"rotation": [0, -90, 25],
			"translation": [1.13, 3.2, 1.13],
			"scale": [0.68, 0.68, 0.68]
		},
		"firstperson_lefthand": {
			"rotation": [0, 90, -25],
			"translation": [1.13, 3.2, 1.13],
			"scale": [0.68, 0.68, 0.68]
		},
		"ground": {
			"translation": [0, 2, 0],
			"scale": [0.5, 0.5, 0.5]
		},
		"head": {
			"rotation": [0, 180, 0],
			"translation": [0, 13, 7]
		},
		"fixed": {
			"rotation": [0, 180, 0]
		}
	},
		    "overrides": [
        {
            "predicate": {
                "pulling": 1
            },
            "model": "item/bow_pulling_0"
        },
        {
            "predicate": {
                "pulling": 1,
                "pull": 0.65
            },
            "model": "item/bow_pulling_1"
        },
        {
            "predicate": {
                "pulling": 1,
                "pull": 0.9
            },
            "model": "item/bow_pulling_2"
        }
    ],
	"groups": [
		{
			"name": "model_bow",
			"origin": [8, 8, 8],
			"children": [0, 1, 2, 3, 4, 5, 6, 7, 8, 9, 10, 11, 12, 13, 14, 15, 16, 17, 18, 19, 20, 21, 22, 23, 24, 25, 26, 27, 28, 29, 30, 31, 32, 33, 34, 35, 36, 37, 38, 39, 40, 41, 42, 43, 44, 45, 46, 47, 48, 49, 50, 51, 52, 53, 54, 55, 56, 57, 58, 59, 60, 61, 62, 63, 64, 65, 66, 67, 68, 69, 70, 71, 72, 73]
		}
	]
}
