{
	"credit": "Made with Blockbench",
	"parent": "item/bow",
	"textures": {
		"0": "item/bow_pulling_0"
	},
	"elements": [
		{
			"from": [2.93798, 5.11822, 6.875],
			"to": [3.43798, 8.11822, 9.125],
			"rotation": {"angle": 0, "axis": "y", "origin": [6.74782, 9.24781, 8.00436]},
			"faces": {
				"north": {"uv": [3.5, 8, 3, 11], "texture": "#0"},
				"east": {"uv": [3.5, 8, 3, 11], "texture": "#0"},
				"south": {"uv": [3, 8, 3.5, 11], "texture": "#0"},
				"west": {"uv": [3, 8, 3.5, 11], "texture": "#0"},
				"up": {"uv": [3, 8, 3.5, 8.5], "rotation": 270, "texture": "#0"},
				"down": {"uv": [3, 11, 3.5, 10.5], "rotation": 90, "texture": "#0"}
			}
		},
		{
			"from": [3.43798, 6.61822, 6.875],
			"to": [3.93798, 9.11822, 9.125],
			"rotation": {"angle": 0, "axis": "y", "origin": [6.74782, 9.24781, 8.00436]},
			"faces": {
				"north": {"uv": [4, 7, 3.5, 9.5], "texture": "#0"},
				"east": {"uv": [4, 7, 3.5, 9.5], "texture": "#0"},
				"south": {"uv": [3.5, 7, 4, 9.5], "texture": "#0"},
				"west": {"uv": [3.5, 7, 4, 9.5], "texture": "#0"},
				"up": {"uv": [3.5, 7, 4, 7.5], "rotation": 270, "texture": "#0"},
				"down": {"uv": [3.5, 9.5, 4, 9], "rotation": 90, "texture": "#0"}
			}
		},
		{
			"from": [3.93798, 7.61822, 6.875],
			"to": [4.43798, 9.61822, 9.125],
			"rotation": {"angle": 0, "axis": "y", "origin": [6.74782, 9.24781, 8.00436]},
			"faces": {
				"north": {"uv": [4.5, 6.5, 4, 8.5], "texture": "#0"},
				"east": {"uv": [4.5, 6.5, 4, 8.5], "texture": "#0"},
				"south": {"uv": [4, 6.5, 4.5, 8.5], "texture": "#0"},
				"west": {"uv": [4, 6.5, 4.5, 8.5], "texture": "#0"},
				"up": {"uv": [4, 6.5, 4.5, 7], "rotation": 270, "texture": "#0"},
				"down": {"uv": [4, 8.5, 4.5, 8], "rotation": 90, "texture": "#0"}
			}
		},
		{
			"from": [4.43798, 8.61822, 6.875],
			"to": [4.93798, 9.11822, 9.125],
			"rotation": {"angle": 0, "axis": "y", "origin": [6.74782, 9.24781, 8.00436]},
			"faces": {
				"north": {"uv": [5, 7, 4.5, 7.5], "texture": "#0"},
				"east": {"uv": [5, 7, 4.5, 7.5], "texture": "#0"},
				"south": {"uv": [4.5, 7, 5, 7.5], "texture": "#0"},
				"up": {"uv": [4.5, 7, 5, 7.5], "rotation": 270, "texture": "#0"},
				"down": {"uv": [4.5, 7.5, 5, 7], "rotation": 90, "texture": "#0"}
			}
		},
		{
			"from": [2.43798, 3.61822, 6.875],
			"to": [2.93798, 6.61822, 9.125],
			"rotation": {"angle": 0, "axis": "y", "origin": [6.74782, 9.24781, 8.00436]},
			"faces": {
				"north": {"uv": [3, 9.5, 2.5, 12.5], "texture": "#0"},
				"east": {"uv": [3, 9.5, 2.5, 12.5], "texture": "#0"},
				"south": {"uv": [2.5, 9.5, 3, 12.5], "texture": "#0"},
				"west": {"uv": [2.5, 9.5, 3, 12.5], "texture": "#0"},
				"up": {"uv": [2.5, 9.5, 3, 10], "rotation": 270, "texture": "#0"},
				"down": {"uv": [2.5, 12.5, 3, 12], "rotation": 90, "texture": "#0"}
			}
		},
		{
			"from": [1.93798, 1.11822, 6.875],
			"to": [2.43798, 5.11822, 9.125],
			"rotation": {"angle": 0, "axis": "y", "origin": [6.74782, 9.24781, 8.00436]},
			"faces": {
				"north": {"uv": [2.5, 11, 2, 15], "texture": "#0"},
				"east": {"uv": [2.5, 11, 2, 15], "texture": "#0"},
				"south": {"uv": [2, 11, 2.5, 15], "texture": "#0"},
				"west": {"uv": [2, 11, 2.5, 15], "texture": "#0"},
				"up": {"uv": [2, 11, 2.5, 11.5], "rotation": 270, "texture": "#0"},
				"down": {"uv": [2, 15, 2.5, 14.5], "rotation": 90, "texture": "#0"}
			}
		},
		{
			"from": [6.93798, 11.11822, 6.875],
			"to": [7.43798, 11.61822, 9.125],
			"rotation": {"angle": 0, "axis": "y", "origin": [6.74782, 9.24781, 8.00436]},
			"faces": {
				"north": {"uv": [7.5, 4.5, 7, 5], "texture": "#0"},
				"east": {"uv": [7.5, 4.5, 7, 5], "texture": "#0"},
				"south": {"uv": [7, 4.5, 7.5, 5], "texture": "#0"},
				"west": {"uv": [7, 4.5, 7.5, 5], "texture": "#0"},
				"down": {"uv": [7, 5, 7.5, 4.5], "rotation": 90, "texture": "#0"}
			}
		},
		{
			"from": [6.43798, 11.61822, 6.875],
			"to": [8.43798, 12.11822, 9.125],
			"rotation": {"angle": 0, "axis": "y", "origin": [6.74782, 9.24781, 8.00436]},
			"faces": {
				"north": {"uv": [8.5, 4, 6.5, 4.5], "texture": "#0"},
				"east": {"uv": [8.5, 4, 8, 4.5], "texture": "#0"},
				"south": {"uv": [6.5, 4, 8.5, 4.5], "texture": "#0"},
				"west": {"uv": [6.5, 4, 7, 4.5], "texture": "#0"},
				"up": {"uv": [6.5, 4, 7, 4.5], "rotation": 270, "texture": "#0"},
				"down": {"uv": [6.5, 4, 8.5, 4.5], "texture": "#0"}
			}
		},
		{
			"from": [6.93798, 12.11822, 6.875],
			"to": [9.43798, 12.61822, 9.125],
			"rotation": {"angle": 0, "axis": "y", "origin": [6.74782, 9.24781, 8.00436]},
			"faces": {
				"north": {"uv": [9.5, 3.5, 7, 4], "texture": "#0"},
				"east": {"uv": [9.5, 3.5, 9, 4], "texture": "#0"},
				"south": {"uv": [7, 3.5, 9.5, 4], "texture": "#0"},
				"west": {"uv": [7, 3.5, 7.5, 4], "texture": "#0"},
				"up": {"uv": [7, 3.5, 9.5, 4], "texture": "#0"},
				"down": {"uv": [7, 3.5, 9.5, 4], "texture": "#0"}
			}
		},
		{
			"from": [7.93798, 12.61822, 6.875],
			"to": [10.93798, 13.11822, 9.125],
			"rotation": {"angle": 0, "axis": "y", "origin": [6.74782, 9.24781, 8.00436]},
			"faces": {
				"north": {"uv": [11, 3, 8, 3.5], "texture": "#0"},
				"east": {"uv": [11, 3, 10.5, 3.5], "texture": "#0"},
				"south": {"uv": [8, 3, 11, 3.5], "texture": "#0"},
				"west": {"uv": [8, 3, 8.5, 3.5], "texture": "#0"},
				"up": {"uv": [8, 3, 8.5, 3.5], "rotation": 270, "texture": "#0"},
				"down": {"uv": [8, 3, 11, 3.5], "texture": "#0"}
			}
		},
		{
			"from": [9.43798, 13.11822, 6.875],
			"to": [12.43798, 13.61822, 9.125],
			"rotation": {"angle": 0, "axis": "y", "origin": [6.74782, 9.24781, 8.00436]},
			"faces": {
				"north": {"uv": [12.5, 2.5, 9.5, 3], "texture": "#0"},
				"east": {"uv": [12.5, 2.5, 12, 3], "texture": "#0"},
				"south": {"uv": [9.5, 2.5, 12.5, 3], "texture": "#0"},
				"west": {"uv": [9.5, 2.5, 10, 3], "texture": "#0"},
				"up": {"uv": [9.5, 2.5, 12.5, 3], "texture": "#0"},
				"down": {"uv": [9.5, 2.5, 12.5, 3], "texture": "#0"}
			}
		},
		{
			"from": [10.93798, 13.61822, 6.875],
			"to": [14.93798, 14.11822, 9.125],
			"rotation": {"angle": 0, "axis": "y", "origin": [6.74782, 9.24781, 8.00436]},
			"faces": {
				"north": {"uv": [15, 2, 11, 2.5], "texture": "#0"},
				"east": {"uv": [15, 2, 14.5, 2.5], "texture": "#0"},
				"south": {"uv": [11, 2, 15, 2.5], "texture": "#0"},
				"west": {"uv": [11, 2, 11.5, 2.5], "texture": "#0"},
				"up": {"uv": [11, 2, 15, 2.5], "texture": "#0"},
				"down": {"uv": [11, 2, 15, 2.5], "texture": "#0"}
			}
		},
		{
			"from": [10.93798, 14.11822, 7.25],
			"to": [15.93798, 14.61822, 8.75],
			"rotation": {"angle": 0, "axis": "y", "origin": [6.74782, 9.24781, 8.00436]},
			"faces": {
				"north": {"uv": [16, 1.5, 11, 2], "texture": "#0"},
				"east": {"uv": [16, 1.5, 15.5, 2], "texture": "#0"},
				"south": {"uv": [11, 1.5, 16, 2], "texture": "#0"},
				"west": {"uv": [11, 1.5, 11.5, 2], "texture": "#0"},
				"up": {"uv": [11, 1.5, 11.5, 2], "rotation": 270, "texture": "#0"},
				"down": {"uv": [11, 2, 11.5, 1.5], "rotation": 90, "texture": "#0"}
			}
		},
		{
			"from": [9.43798, 13.61822, 7.25],
			"to": [10.93798, 14.11822, 8.75],
			"rotation": {"angle": 0, "axis": "y", "origin": [6.74782, 9.24781, 8.00436]},
			"faces": {
				"north": {"uv": [11, 2, 9.5, 2.5], "texture": "#0"},
				"south": {"uv": [9.5, 2, 11, 2.5], "texture": "#0"},
				"west": {"uv": [9.5, 2, 10, 2.5], "texture": "#0"},
				"up": {"uv": [9.5, 2, 10, 2.5], "rotation": 270, "texture": "#0"}
			}
		},
		{
			"from": [7.93798, 13.11822, 7.25],
			"to": [9.43798, 13.61822, 8.75],
			"rotation": {"angle": 0, "axis": "y", "origin": [6.74782, 9.24781, 8.00436]},
			"faces": {
				"north": {"uv": [9.5, 2.5, 8, 3], "texture": "#0"},
				"south": {"uv": [8, 2.5, 9.5, 3], "texture": "#0"},
				"west": {"uv": [8, 2.5, 8.5, 3], "texture": "#0"},
				"up": {"uv": [8, 2.5, 8.5, 3], "rotation": 270, "texture": "#0"}
			}
		},
		{
			"from": [6.93798, 12.61822, 7.25],
			"to": [7.93798, 13.11822, 8.75],
			"rotation": {"angle": 0, "axis": "y", "origin": [6.74782, 9.24781, 8.00436]},
			"faces": {
				"north": {"uv": [8, 3, 7, 3.5], "texture": "#0"},
				"south": {"uv": [7, 3, 8, 3.5], "texture": "#0"},
				"west": {"uv": [7, 3, 7.5, 3.5], "texture": "#0"},
				"up": {"uv": [7, 3, 7.5, 3.5], "rotation": 270, "texture": "#0"}
			}
		},
		{
			"from": [6.43798, 12.11822, 7.25],
			"to": [6.93798, 12.61822, 8.75],
			"rotation": {"angle": 0, "axis": "y", "origin": [6.74782, 9.24781, 8.00436]},
			"faces": {
				"north": {"uv": [6.5, 3.5, 7, 4], "texture": "#0"},
				"south": {"uv": [6.5, 3.5, 7, 4], "texture": "#0"},
				"west": {"uv": [6.5, 3.5, 7, 4], "texture": "#0"},
				"up": {"uv": [6.5, 3.5, 7, 4], "texture": "#0"}
			}
		},
		{
			"from": [3.43798, 9.11822, 7.25],
			"to": [3.93798, 9.61822, 8.75],
			"rotation": {"angle": 0, "axis": "y", "origin": [6.74782, 9.24781, 8.00436]},
			"faces": {
				"north": {"uv": [3.5, 6.5, 4, 7], "texture": "#0"},
				"south": {"uv": [3.5, 6.5, 4, 7], "texture": "#0"},
				"west": {"uv": [3.5, 6.5, 4, 7], "texture": "#0"},
				"up": {"uv": [3.5, 6.5, 4, 7], "texture": "#0"}
			}
		},
		{
			"from": [2.93798, 8.11822, 7.25],
			"to": [3.43798, 9.11822, 8.75],
			"rotation": {"angle": 0, "axis": "y", "origin": [6.74782, 9.24781, 8.00436]},
			"faces": {
				"north": {"uv": [3.5, 7, 3, 8], "texture": "#0"},
				"south": {"uv": [3, 7, 3.5, 8], "texture": "#0"},
				"west": {"uv": [3, 7, 3.5, 8], "texture": "#0"},
				"up": {"uv": [3, 7, 3.5, 7.5], "rotation": 270, "texture": "#0"}
			}
		},
		{
			"from": [2.43798, 6.61822, 7.25],
			"to": [2.93798, 8.11822, 8.75],
			"rotation": {"angle": 0, "axis": "y", "origin": [6.74782, 9.24781, 8.00436]},
			"faces": {
				"north": {"uv": [3, 8, 2.5, 9.5], "texture": "#0"},
				"south": {"uv": [2.5, 8, 3, 9.5], "texture": "#0"},
				"west": {"uv": [2.5, 8, 3, 9.5], "texture": "#0"},
				"up": {"uv": [2.5, 8, 3, 8.5], "rotation": 270, "texture": "#0"}
			}
		},
		{
			"from": [1.93798, 5.11822, 7.25],
			"to": [2.43798, 6.61822, 8.75],
			"rotation": {"angle": 0, "axis": "y", "origin": [6.74782, 9.24781, 8.00436]},
			"faces": {
				"north": {"uv": [2.5, 9.5, 2, 11], "texture": "#0"},
				"south": {"uv": [2, 9.5, 2.5, 11], "texture": "#0"},
				"west": {"uv": [2, 9.5, 2.5, 11], "texture": "#0"},
				"up": {"uv": [2, 9.5, 2.5, 10], "rotation": 270, "texture": "#0"}
			}
		},
		{
			"from": [1.43798, 0.11822, 7.25],
			"to": [1.93798, 5.11822, 8.75],
			"rotation": {"angle": 0, "axis": "y", "origin": [6.74782, 9.24781, 8.00436]},
			"faces": {
				"north": {"uv": [2, 11, 1.5, 16], "texture": "#0"},
				"east": {"uv": [2, 11, 1.5, 16], "texture": "#0"},
				"south": {"uv": [1.5, 11, 2, 16], "texture": "#0"},
				"west": {"uv": [1.5, 11, 2, 16], "texture": "#0"},
				"up": {"uv": [1.5, 11, 2, 11.5], "rotation": 270, "texture": "#0"},
				"down": {"uv": [1.5, 16, 2, 15.5], "rotation": 90, "texture": "#0"}
			}
		},
		{
			"from": [5.43798, 9.61822, 7],
			"to": [5.93798, 11.11822, 9],
			"rotation": {"angle": 0, "axis": "y", "origin": [6.74782, 9.24781, 8.00436]},
			"faces": {
				"north": {"uv": [6, 6, 5.5, 6.5], "texture": "#0"},
				"east": {"uv": [6, 6, 5.5, 6.5], "texture": "#0"},
				"south": {"uv": [5.5, 6, 6, 6.5], "texture": "#0"},
				"west": {"uv": [5.5, 6, 6, 6.5], "texture": "#0"},
				"up": {"uv": [5.5, 6, 6, 6.5], "rotation": 270, "texture": "#0"},
				"down": {"uv": [5.5, 6.5, 6, 6], "rotation": 90, "texture": "#0"}
			}
		},
		{
			"from": [4.93798, 9.11822, 7],
			"to": [5.43798, 10.61822, 9],
			"rotation": {"angle": 0, "axis": "y", "origin": [6.74782, 9.24781, 8.00436]},
			"faces": {
				"north": {"uv": [5.5, 5.5, 5, 7], "texture": "#0"},
				"east": {"uv": [5.5, 5.5, 5, 7], "texture": "#0"},
				"south": {"uv": [5, 5.5, 5.5, 7], "texture": "#0"},
				"west": {"uv": [5, 5.5, 5.5, 7], "texture": "#0"},
				"up": {"uv": [5, 5.5, 5.5, 6], "rotation": 270, "texture": "#0"},
				"down": {"uv": [5, 7, 5.5, 6.5], "rotation": 90, "texture": "#0"}
			}
		},
		{
			"from": [4.43798, 9.61822, 7],
			"to": [4.93798, 10.11822, 9],
			"rotation": {"angle": 0, "axis": "y", "origin": [6.74782, 9.24781, 8.00436]},
			"faces": {
				"north": {"uv": [5, 6, 4.5, 6.5], "texture": "#0"},
				"south": {"uv": [4.5, 6, 5, 6.5], "texture": "#0"},
				"west": {"uv": [4.5, 6, 5, 6.5], "texture": "#0"},
				"up": {"uv": [4.5, 6, 5, 6.5], "rotation": 270, "texture": "#0"},
				"down": {"uv": [4.5, 6.5, 5, 6], "rotation": 90, "texture": "#0"}
			}
		},
		{
			"from": [6.43798, 10.61822, 7],
			"to": [6.93798, 11.11822, 9],
			"rotation": {"angle": 0, "axis": "y", "origin": [6.74782, 9.24781, 8.00436]},
			"faces": {
				"north": {"uv": [7, 5, 6.5, 5.5], "texture": "#0"},
				"east": {"uv": [7, 5, 6.5, 5.5], "texture": "#0"},
				"south": {"uv": [6.5, 5, 7, 5.5], "texture": "#0"},
				"up": {"uv": [6.5, 5, 7, 5.5], "rotation": 270, "texture": "#0"},
				"down": {"uv": [6.5, 5.5, 7, 5], "rotation": 90, "texture": "#0"}
			}
		},
		{
			"from": [3.93798, 9.61822, 7.25],
			"to": [4.43798, 10.11822, 8.75],
			"rotation": {"angle": 0, "axis": "y", "origin": [6.74782, 9.24781, 8.00436]},
			"faces": {
				"north": {"uv": [4.5, 6, 4, 6.5], "texture": "#0"},
				"south": {"uv": [4, 6, 4.5, 6.5], "texture": "#0"},
				"west": {"uv": [4, 6, 4.5, 6.5], "texture": "#0"},
				"up": {"uv": [4, 6, 4.5, 6.5], "rotation": 270, "texture": "#0"}
			}
		},
		{
			"from": [4.43798, 10.11822, 7.25],
			"to": [4.93798, 10.61822, 8.75],
			"rotation": {"angle": 0, "axis": "y", "origin": [6.74782, 9.24781, 8.00436]},
			"faces": {
				"north": {"uv": [5, 5.5, 4.5, 6], "texture": "#0"},
				"south": {"uv": [4.5, 5.5, 5, 6], "texture": "#0"},
				"west": {"uv": [4.5, 5.5, 5, 6], "texture": "#0"},
				"up": {"uv": [4.5, 5.5, 5, 6], "rotation": 270, "texture": "#0"}
			}
		},
		{
			"from": [4.93798, 10.61822, 7.25],
			"to": [5.43798, 11.11822, 8.75],
			"rotation": {"angle": 0, "axis": "y", "origin": [6.74782, 9.24781, 8.00436]},
			"faces": {
				"north": {"uv": [5, 5.5, 4.5, 6], "texture": "#0"},
				"south": {"uv": [4.5, 5.5, 5, 6], "texture": "#0"},
				"west": {"uv": [4.5, 5.5, 5, 6], "texture": "#0"}
			}
		},
		{
			"from": [4.43798, 9.11822, 7.25],
			"to": [4.93798, 9.61822, 8.75],
			"rotation": {"angle": 0, "axis": "y", "origin": [6.74782, 9.24781, 8.00436]},
			"faces": {
				"north": {"uv": [5, 6.5, 4.5, 7], "texture": "#0"},
				"south": {"uv": [4.5, 6.5, 5, 7], "texture": "#0"}
			}
		},
		{
			"from": [4.93798, 8.61822, 7.25],
			"to": [5.43798, 9.11822, 8.75],
			"rotation": {"angle": 0, "axis": "y", "origin": [6.74782, 9.24781, 8.00436]},
			"faces": {
				"north": {"uv": [5.5, 7, 5, 7.5], "texture": "#0"},
				"east": {"uv": [5.5, 7, 5, 7.5], "texture": "#0"},
				"south": {"uv": [5, 7, 5.5, 7.5], "texture": "#0"},
				"down": {"uv": [5, 7.5, 5.5, 7], "rotation": 90, "texture": "#0"}
			}
		},
		{
			"from": [5.43798, 9.11822, 7.25],
			"to": [5.93798, 9.61822, 8.75],
			"rotation": {"angle": 0, "axis": "y", "origin": [6.74782, 9.24781, 8.00436]},
			"faces": {
				"north": {"uv": [6, 6.5, 5.5, 7], "texture": "#0"},
				"east": {"uv": [6, 6.5, 5.5, 7], "texture": "#0"},
				"south": {"uv": [5.5, 6.5, 6, 7], "texture": "#0"},
				"down": {"uv": [5.5, 7, 6, 6.5], "rotation": 90, "texture": "#0"}
			}
		},
		{
			"from": [5.93798, 9.61822, 7.25],
			"to": [6.43798, 10.11822, 8.75],
			"rotation": {"angle": 0, "axis": "y", "origin": [6.74782, 9.24781, 8.00436]},
			"faces": {
				"north": {"uv": [6, 6.5, 5.5, 7], "texture": "#0"},
				"south": {"uv": [5.5, 6.5, 6, 7], "texture": "#0"},
				"down": {"uv": [5.5, 7, 6, 6.5], "rotation": 90, "texture": "#0"}
			}
		},
		{
			"from": [6.43798, 10.11822, 7.25],
			"to": [6.93798, 10.61822, 8.75],
			"rotation": {"angle": 0, "axis": "y", "origin": [6.74782, 9.24781, 8.00436]},
			"faces": {
				"north": {"uv": [7.5, 5, 7, 5.5], "texture": "#0"},
				"east": {"uv": [7.5, 5, 7, 5.5], "texture": "#0"},
				"south": {"uv": [7, 5, 7.5, 5.5], "texture": "#0"}
			}
		},
		{
			"from": [6.93798, 10.61822, 7.25],
			"to": [7.43798, 11.11822, 8.75],
			"rotation": {"angle": 0, "axis": "y", "origin": [6.74782, 9.24781, 8.00436]},
			"faces": {
				"north": {"uv": [7.5, 5, 7, 5.5], "texture": "#0"},
				"east": {"uv": [7.5, 5, 7, 5.5], "texture": "#0"},
				"south": {"uv": [7, 5, 7.5, 5.5], "texture": "#0"},
				"down": {"uv": [7, 5.5, 7.5, 5], "rotation": 90, "texture": "#0"}
			}
		},
		{
			"from": [6.43798, 11.11822, 7.25],
			"to": [6.93798, 11.61822, 8.75],
			"rotation": {"angle": 0, "axis": "y", "origin": [6.74782, 9.24781, 8.00436]},
			"faces": {
				"north": {"uv": [7, 4.5, 6.5, 5], "texture": "#0"},
				"south": {"uv": [6.5, 4.5, 7, 5], "texture": "#0"}
			}
		},
		{
			"from": [5.93798, 11.61822, 7.25],
			"to": [6.43798, 12.11822, 8.75],
			"rotation": {"angle": 0, "axis": "y", "origin": [6.74782, 9.24781, 8.00436]},
			"faces": {
				"north": {"uv": [6.5, 4, 6, 4.5], "texture": "#0"},
				"south": {"uv": [6, 4, 6.5, 4.5], "texture": "#0"},
				"west": {"uv": [6, 4, 6.5, 4.5], "texture": "#0"},
				"up": {"uv": [6, 4, 6.5, 4.5], "rotation": 270, "texture": "#0"}
			}
		},
		{
			"from": [5.43798, 11.11822, 7.25],
			"to": [5.93798, 11.61822, 8.75],
			"rotation": {"angle": 0, "axis": "y", "origin": [6.74782, 9.24781, 8.00436]},
			"faces": {
				"north": {"uv": [6.5, 4, 6, 4.5], "texture": "#0"},
				"south": {"uv": [6, 4, 6.5, 4.5], "texture": "#0"},
				"up": {"uv": [6, 4, 6.5, 4.5], "rotation": 270, "texture": "#0"}
			}
		},
		{
			"from": [14.93798, 13.61822, 7.25],
			"to": [15.43798, 14.11822, 8.75],
			"rotation": {"angle": 0, "axis": "y", "origin": [6.74782, 9.24781, 8.00436]},
			"faces": {
				"north": {"uv": [15, 2, 15.5, 2.5], "texture": "#0"},
				"east": {"uv": [15, 2, 15.5, 2.5], "texture": "#0"},
				"south": {"uv": [15, 2, 15.5, 2.5], "texture": "#0"},
				"down": {"uv": [15, 2, 15.5, 2.5], "texture": "#0"}
			}
		},
		{
			"from": [12.43798, 13.11822, 7.25],
			"to": [14.93798, 13.61822, 8.75],
			"rotation": {"angle": 0, "axis": "y", "origin": [6.74782, 9.24781, 8.00436]},
			"faces": {
				"north": {"uv": [12.5, 2.5, 15, 3], "texture": "#0"},
				"east": {"uv": [12.5, 2.5, 15, 3], "texture": "#0"},
				"south": {"uv": [12.5, 2.5, 15, 3], "texture": "#0"},
				"down": {"uv": [12.5, 2.5, 15, 3], "texture": "#0"}
			}
		},
		{
			"from": [10.93798, 12.61822, 7.25],
			"to": [12.43798, 13.11822, 8.75],
			"rotation": {"angle": 0, "axis": "y", "origin": [6.74782, 9.24781, 8.00436]},
			"faces": {
				"north": {"uv": [11, 3, 12.5, 3.5], "texture": "#0"},
				"east": {"uv": [11, 3, 12.5, 3.5], "texture": "#0"},
				"south": {"uv": [11, 3, 12.5, 3.5], "texture": "#0"},
				"down": {"uv": [11, 3, 12.5, 3.5], "texture": "#0"}
			}
		},
		{
			"from": [9.43798, 12.11822, 7.25],
			"to": [10.93798, 12.61822, 8.75],
			"rotation": {"angle": 0, "axis": "y", "origin": [6.74782, 9.24781, 8.00436]},
			"faces": {
				"north": {"uv": [9.5, 3.5, 11, 4], "texture": "#0"},
				"east": {"uv": [9.5, 3.5, 11, 4], "texture": "#0"},
				"south": {"uv": [9.5, 3.5, 11, 4], "texture": "#0"},
				"down": {"uv": [9.5, 3.5, 11, 4], "texture": "#0"}
			}
		},
		{
			"from": [8.43798, 11.61822, 7.25],
			"to": [9.43798, 12.11822, 8.75],
			"rotation": {"angle": 0, "axis": "y", "origin": [6.74782, 9.24781, 8.00436]},
			"faces": {
				"north": {"uv": [8.5, 4, 9.5, 4.5], "texture": "#0"},
				"east": {"uv": [8.5, 4, 9.5, 4.5], "texture": "#0"},
				"south": {"uv": [8.5, 4, 9.5, 4.5], "texture": "#0"},
				"down": {"uv": [8.5, 4, 9.5, 4.5], "texture": "#0"}
			}
		},
		{
			"from": [7.43798, 11.11822, 7.25],
			"to": [8.43798, 11.61822, 8.75],
			"rotation": {"angle": 0, "axis": "y", "origin": [6.74782, 9.24781, 8.00436]},
			"faces": {
				"north": {"uv": [7.5, 4.5, 8.5, 5], "texture": "#0"},
				"east": {"uv": [7.5, 4.5, 8.5, 5], "texture": "#0"},
				"south": {"uv": [7.5, 4.5, 8.5, 5], "texture": "#0"},
				"down": {"uv": [7.5, 4.5, 8.5, 5], "texture": "#0"}
			}
		},
		{
			"from": [4.43798, 7.61822, 7.25],
			"to": [4.93798, 8.61822, 8.75],
			"rotation": {"angle": 0, "axis": "y", "origin": [6.74782, 9.24781, 8.00436]},
			"faces": {
				"north": {"uv": [4.5, 7.5, 5, 8.5], "texture": "#0"},
				"east": {"uv": [4.5, 7.5, 5, 8.5], "texture": "#0"},
				"south": {"uv": [4.5, 7.5, 5, 8.5], "texture": "#0"},
				"down": {"uv": [4.5, 7.5, 5, 8.5], "texture": "#0"}
			}
		},
		{
			"from": [3.93798, 6.61822, 7.25],
			"to": [4.43798, 7.61822, 8.75],
			"rotation": {"angle": 0, "axis": "y", "origin": [6.74782, 9.24781, 8.00436]},
			"faces": {
				"north": {"uv": [4, 8.5, 4.5, 9.5], "texture": "#0"},
				"east": {"uv": [4, 8.5, 4.5, 9.5], "texture": "#0"},
				"south": {"uv": [4, 8.5, 4.5, 9.5], "texture": "#0"},
				"down": {"uv": [4, 8.5, 4.5, 9.5], "texture": "#0"}
			}
		},
		{
			"from": [3.43798, 5.11822, 7.25],
			"to": [3.93798, 6.61822, 8.75],
			"rotation": {"angle": 0, "axis": "y", "origin": [6.74782, 9.24781, 8.00436]},
			"faces": {
				"north": {"uv": [3.5, 9.5, 4, 11], "texture": "#0"},
				"east": {"uv": [3.5, 9.5, 4, 11], "texture": "#0"},
				"south": {"uv": [3.5, 9.5, 4, 11], "texture": "#0"},
				"down": {"uv": [3.5, 9.5, 4, 11], "texture": "#0"}
			}
		},
		{
			"from": [2.93798, 3.61822, 7.25],
			"to": [3.43798, 5.11822, 8.75],
			"rotation": {"angle": 0, "axis": "y", "origin": [6.74782, 9.24781, 8.00436]},
			"faces": {
				"north": {"uv": [3, 11, 3.5, 12.5], "texture": "#0"},
				"east": {"uv": [3, 11, 3.5, 12.5], "texture": "#0"},
				"south": {"uv": [3, 11, 3.5, 12.5], "texture": "#0"},
				"down": {"uv": [3, 11, 3.5, 12.5], "texture": "#0"}
			}
		},
		{
			"from": [2.43798, 1.11822, 7.25],
			"to": [2.93798, 3.61822, 8.75],
			"rotation": {"angle": 0, "axis": "y", "origin": [6.74782, 9.24781, 8.00436]},
			"faces": {
				"north": {"uv": [2.5, 12.5, 3, 15], "texture": "#0"},
				"east": {"uv": [2.5, 12.5, 3, 15], "texture": "#0"},
				"south": {"uv": [2.5, 12.5, 3, 15], "texture": "#0"},
				"down": {"uv": [2.5, 12.5, 3, 15], "texture": "#0"}
			}
		},
		{
			"from": [1.93798, 0.61822, 7.25],
			"to": [2.43798, 1.11822, 8.75],
			"rotation": {"angle": 0, "axis": "y", "origin": [6.74782, 9.24781, 8.00436]},
			"faces": {
				"north": {"uv": [2, 15, 2.5, 15.5], "texture": "#0"},
				"east": {"uv": [2, 15, 2.5, 15.5], "texture": "#0"},
				"south": {"uv": [2, 15, 2.5, 15.5], "texture": "#0"},
				"down": {"uv": [2, 15, 2.5, 15.5], "texture": "#0"}
			}
		},
		{
			"from": [11.93798, 7.11822, 7.75],
			"to": [12.43798, 7.61822, 8.25],
			"rotation": {"angle": 0, "axis": "y", "origin": [6.74782, 9.24781, 8.00436]},
			"faces": {
				"north": {"uv": [14.5, 3, 15, 3.5], "texture": "#0"},
				"east": {"uv": [14.5, 3, 15, 3.5], "texture": "#0"},
				"south": {"uv": [14.5, 3, 15, 3.5], "texture": "#0"},
				"west": {"uv": [14.5, 3, 15, 3.5], "texture": "#0"},
				"down": {"uv": [14.5, 3, 15, 3.5], "texture": "#0"}
			}
		},
		{
			"from": [11.43798, 6.61822, 7.75],
			"to": [11.93798, 7.11822, 8.25],
			"rotation": {"angle": 0, "axis": "y", "origin": [6.74782, 9.24781, 8.00436]},
			"faces": {
				"north": {"uv": [14.5, 3, 15, 3.5], "texture": "#0"},
				"east": {"uv": [14.5, 3, 15, 3.5], "texture": "#0"},
				"south": {"uv": [14.5, 3, 15, 3.5], "texture": "#0"},
				"west": {"uv": [14.5, 3, 15, 3.5], "texture": "#0"},
				"up": {"uv": [14.5, 3, 15, 3.5], "texture": "#0"}
			}
		},
		{
			"from": [9.93798, 4.61822, 7.75],
			"to": [10.43798, 5.11822, 8.25],
			"rotation": {"angle": 0, "axis": "y", "origin": [6.74782, 9.24781, 8.00436]},
			"faces": {
				"north": {"uv": [14.5, 3, 15, 3.5], "texture": "#0"},
				"east": {"uv": [14.5, 3, 15, 3.5], "texture": "#0"},
				"south": {"uv": [14.5, 3, 15, 3.5], "texture": "#0"},
				"up": {"uv": [14.5, 3, 15, 3.5], "texture": "#0"},
				"down": {"uv": [14.5, 3, 15, 3.5], "texture": "#0"}
			}
		},
		{
			"from": [9.43798, 4.61822, 7.75],
			"to": [9.93798, 5.11822, 8.25],
			"rotation": {"angle": 0, "axis": "y", "origin": [6.74782, 9.24781, 8.00436]},
			"faces": {
				"north": {"uv": [14.5, 3, 15, 3.5], "texture": "#0"},
				"south": {"uv": [14.5, 3, 15, 3.5], "texture": "#0"},
				"west": {"uv": [14.5, 3, 15, 3.5], "texture": "#0"},
				"up": {"uv": [14.5, 3, 15, 3.5], "texture": "#0"},
				"down": {"uv": [14.5, 3, 15, 3.5], "texture": "#0"}
			}
		},
		{
			"from": [8.43798, 4.11822, 7.75],
			"to": [8.93798, 4.61822, 8.25],
			"rotation": {"angle": 0, "axis": "y", "origin": [6.74782, 9.24781, 8.00436]},
			"faces": {
				"north": {"uv": [14.5, 3, 15, 3.5], "texture": "#0"},
				"south": {"uv": [14.5, 3, 15, 3.5], "texture": "#0"},
				"west": {"uv": [14.5, 3, 15, 3.5], "texture": "#0"},
				"up": {"uv": [14.5, 3, 15, 3.5], "texture": "#0"},
				"down": {"uv": [14.5, 3, 15, 3.5], "texture": "#0"}
			}
		},
		{
			"from": [6.93798, 3.11822, 7.75],
			"to": [7.43798, 3.61822, 8.25],
			"rotation": {"angle": 0, "axis": "y", "origin": [6.74782, 9.24781, 8.00436]},
			"faces": {
				"north": {"uv": [14.5, 3, 15, 3.5], "texture": "#0"},
				"east": {"uv": [14.5, 3, 15, 3.5], "texture": "#0"},
				"south": {"uv": [14.5, 3, 15, 3.5], "texture": "#0"},
				"up": {"uv": [14.5, 3, 15, 3.5], "texture": "#0"},
				"down": {"uv": [14.5, 3, 15, 3.5], "texture": "#0"}
			}
		},
		{
			"from": [5.93798, 2.61822, 7.75],
			"to": [6.43798, 3.11822, 8.25],
			"rotation": {"angle": 0, "axis": "y", "origin": [6.74782, 9.24781, 8.00436]},
			"faces": {
				"north": {"uv": [14.5, 3, 15, 3.5], "texture": "#0"},
				"east": {"uv": [14.5, 3, 15, 3.5], "texture": "#0"},
				"south": {"uv": [14.5, 3, 15, 3.5], "texture": "#0"},
				"up": {"uv": [14.5, 3, 15, 3.5], "texture": "#0"},
				"down": {"uv": [14.5, 3, 15, 3.5], "texture": "#0"}
			}
		},
		{
			"from": [5.43798, 2.61822, 7.75],
			"to": [5.93798, 3.11822, 8.25],
			"rotation": {"angle": 0, "axis": "y", "origin": [6.74782, 9.24781, 8.00436]},
			"faces": {
				"north": {"uv": [14.5, 3, 15, 3.5], "texture": "#0"},
				"south": {"uv": [14.5, 3, 15, 3.5], "texture": "#0"},
				"west": {"uv": [14.5, 3, 15, 3.5], "texture": "#0"},
				"up": {"uv": [14.5, 3, 15, 3.5], "texture": "#0"},
				"down": {"uv": [14.5, 3, 15, 3.5], "texture": "#0"}
			}
		},
		{
			"from": [4.93798, 2.11822, 7.75],
			"to": [5.43798, 2.61822, 8.25],
			"rotation": {"angle": 0, "axis": "y", "origin": [6.74782, 9.24781, 8.00436]},
			"faces": {
				"north": {"uv": [14.5, 3, 15, 3.5], "texture": "#0"},
				"east": {"uv": [14.5, 3, 15, 3.5], "texture": "#0"},
				"south": {"uv": [14.5, 3, 15, 3.5], "texture": "#0"},
				"up": {"uv": [14.5, 3, 15, 3.5], "texture": "#0"},
				"down": {"uv": [14.5, 3, 15, 3.5], "texture": "#0"}
			}
		},
		{
			"from": [4.43798, 2.11822, 7.75],
			"to": [4.93798, 2.61822, 8.25],
			"rotation": {"angle": 0, "axis": "y", "origin": [6.74782, 9.24781, 8.00436]},
			"faces": {
				"north": {"uv": [14.5, 3, 15, 3.5], "texture": "#0"},
				"south": {"uv": [14.5, 3, 15, 3.5], "texture": "#0"},
				"west": {"uv": [14.5, 3, 15, 3.5], "texture": "#0"},
				"up": {"uv": [14.5, 3, 15, 3.5], "texture": "#0"},
				"down": {"uv": [14.5, 3, 15, 3.5], "texture": "#0"}
			}
		},
		{
			"from": [3.43798, 1.61822, 7.75],
			"to": [3.93798, 2.11822, 8.25],
			"rotation": {"angle": 0, "axis": "y", "origin": [6.74782, 9.24781, 8.00436]},
			"faces": {
				"north": {"uv": [14.5, 3, 15, 3.5], "texture": "#0"},
				"south": {"uv": [14.5, 3, 15, 3.5], "texture": "#0"},
				"west": {"uv": [14.5, 3, 15, 3.5], "texture": "#0"},
				"up": {"uv": [14.5, 3, 15, 3.5], "texture": "#0"},
				"down": {"uv": [14.5, 3, 15, 3.5], "texture": "#0"}
			}
		},
		{
			"from": [6.43798, 3.11822, 7.75],
			"to": [6.93798, 3.61822, 8.25],
			"rotation": {"angle": 0, "axis": "y", "origin": [6.74782, 9.24781, 8.00436]},
			"faces": {
				"north": {"uv": [14.5, 3, 15, 3.5], "texture": "#0"},
				"south": {"uv": [14.5, 3, 15, 3.5], "texture": "#0"},
				"west": {"uv": [14.5, 3, 15, 3.5], "texture": "#0"},
				"up": {"uv": [14.5, 3, 15, 3.5], "texture": "#0"},
				"down": {"uv": [14.5, 3, 15, 3.5], "texture": "#0"}
			}
		},
		{
			"from": [7.43798, 3.61822, 7.75],
			"to": [7.93798, 4.11822, 8.25],
			"rotation": {"angle": 0, "axis": "y", "origin": [6.74782, 9.24781, 8.00436]},
			"faces": {
				"north": {"uv": [14.5, 3, 15, 3.5], "texture": "#0"},
				"south": {"uv": [14.5, 3, 15, 3.5], "texture": "#0"},
				"west": {"uv": [14.5, 3, 15, 3.5], "texture": "#0"},
				"up": {"uv": [14.5, 3, 15, 3.5], "texture": "#0"},
				"down": {"uv": [14.5, 3, 15, 3.5], "texture": "#0"}
			}
		},
		{
			"from": [7.93798, 3.61822, 7.75],
			"to": [8.43798, 4.11822, 8.25],
			"rotation": {"angle": 0, "axis": "y", "origin": [6.74782, 9.24781, 8.00436]},
			"faces": {
				"north": {"uv": [14.5, 3, 15, 3.5], "texture": "#0"},
				"east": {"uv": [14.5, 3, 15, 3.5], "texture": "#0"},
				"south": {"uv": [14.5, 3, 15, 3.5], "texture": "#0"},
				"up": {"uv": [14.5, 3, 15, 3.5], "texture": "#0"},
				"down": {"uv": [14.5, 3, 15, 3.5], "texture": "#0"}
			}
		},
		{
			"from": [3.93798, 1.61822, 7.75],
			"to": [4.43798, 2.11822, 8.25],
			"rotation": {"angle": 0, "axis": "y", "origin": [6.74782, 9.24781, 8.00436]},
			"faces": {
				"north": {"uv": [14.5, 3, 15, 3.5], "texture": "#0"},
				"east": {"uv": [14.5, 3, 15, 3.5], "texture": "#0"},
				"south": {"uv": [14.5, 3, 15, 3.5], "texture": "#0"},
				"up": {"uv": [14.5, 3, 15, 3.5], "texture": "#0"},
				"down": {"uv": [14.5, 3, 15, 3.5], "texture": "#0"}
			}
		},
		{
			"from": [2.93798, 1.11822, 7.75],
			"to": [3.43798, 1.61822, 8.25],
			"rotation": {"angle": 0, "axis": "y", "origin": [6.74782, 9.24781, 8.00436]},
			"faces": {
				"north": {"uv": [14.5, 3, 15, 3.5], "texture": "#0"},
				"east": {"uv": [14.5, 3, 15, 3.5], "texture": "#0"},
				"south": {"uv": [14.5, 3, 15, 3.5], "texture": "#0"},
				"up": {"uv": [14.5, 3, 15, 3.5], "texture": "#0"},
				"down": {"uv": [14.5, 3, 15, 3.5], "texture": "#0"}
			}
		},
		{
			"from": [8.93798, 4.11822, 7.75],
			"to": [9.43798, 4.61822, 8.25],
			"rotation": {"angle": 0, "axis": "y", "origin": [6.74782, 9.24781, 8.00436]},
			"faces": {
				"north": {"uv": [14.5, 3, 15, 3.5], "texture": "#0"},
				"east": {"uv": [14.5, 3, 15, 3.5], "texture": "#0"},
				"south": {"uv": [14.5, 3, 15, 3.5], "texture": "#0"},
				"up": {"uv": [14.5, 3, 15, 3.5], "texture": "#0"},
				"down": {"uv": [14.5, 3, 15, 3.5], "texture": "#0"}
			}
		},
		{
			"from": [10.43798, 5.11822, 7.75],
			"to": [10.93798, 5.61822, 8.25],
			"rotation": {"angle": 0, "axis": "y", "origin": [6.74782, 9.24781, 8.00436]},
			"faces": {
				"north": {"uv": [14.5, 3, 15, 3.5], "texture": "#0"},
				"east": {"uv": [14.5, 3, 15, 3.5], "texture": "#0"},
				"south": {"uv": [14.5, 3, 15, 3.5], "texture": "#0"},
				"west": {"uv": [14.5, 3, 15, 3.5], "texture": "#0"},
				"down": {"uv": [14.5, 3, 15, 3.5], "texture": "#0"}
			}
		},
		{
			"from": [10.93798, 5.61822, 7.75],
			"to": [11.43798, 6.11822, 8.25],
			"rotation": {"angle": 0, "axis": "y", "origin": [6.74782, 9.24781, 8.00436]},
			"faces": {
				"north": {"uv": [14.5, 3, 15, 3.5], "texture": "#0"},
				"east": {"uv": [14.5, 3, 15, 3.5], "texture": "#0"},
				"south": {"uv": [14.5, 3, 15, 3.5], "texture": "#0"},
				"up": {"uv": [14.5, 3, 15, 3.5], "texture": "#0"},
				"down": {"uv": [14.5, 3, 15, 3.5], "texture": "#0"}
			}
		},
		{
			"from": [11.93798, 7.61822, 7.75],
			"to": [12.43798, 8.11822, 8.25],
			"rotation": {"angle": 0, "axis": "y", "origin": [6.74782, 9.24781, 8.00436]},
			"faces": {
				"north": {"uv": [14.5, 3, 15, 3.5], "texture": "#0"},
				"east": {"uv": [14.5, 3, 15, 3.5], "texture": "#0"},
				"south": {"uv": [14.5, 3, 15, 3.5], "texture": "#0"},
				"west": {"uv": [14.5, 3, 15, 3.5], "texture": "#0"},
				"up": {"uv": [14.5, 3, 15, 3.5], "texture": "#0"}
			}
		},
		{
			"from": [12.43798, 8.61822, 7.75],
			"to": [12.93798, 9.11822, 8.25],
			"rotation": {"angle": 0, "axis": "y", "origin": [6.74782, 9.24781, 8.00436]},
			"faces": {
				"north": {"uv": [14.5, 3, 15, 3.5], "texture": "#0"},
				"east": {"uv": [14.5, 3, 15, 3.5], "texture": "#0"},
				"south": {"uv": [14.5, 3, 15, 3.5], "texture": "#0"},
				"west": {"uv": [14.5, 3, 15, 3.5], "texture": "#0"},
				"up": {"uv": [14.5, 3, 15, 3.5], "texture": "#0"}
			}
		},
		{
			"from": [12.93798, 9.11822, 7.75],
			"to": [13.43798, 10.11822, 8.25],
			"rotation": {"angle": 0, "axis": "y", "origin": [6.74782, 9.24781, 8.00436]},
			"faces": {
				"north": {"uv": [14.5, 3, 15, 3.5], "texture": "#0"},
				"east": {"uv": [14.5, 3, 15, 3.5], "texture": "#0"},
				"south": {"uv": [14.5, 3, 15, 3.5], "texture": "#0"},
				"west": {"uv": [14.5, 3, 15, 3.5], "texture": "#0"},
				"up": {"uv": [14.5, 3, 15, 3.5], "texture": "#0"},
				"down": {"uv": [14.5, 3, 15, 3.5], "texture": "#0"}
			}
		},
		{
			"from": [14.43798, 12.11822, 7.75],
			"to": [14.93798, 13.11822, 8.25],
			"rotation": {"angle": 0, "axis": "y", "origin": [6.74782, 9.24781, 8.00436]},
			"faces": {
				"north": {"uv": [14.5, 3, 15, 3.5], "texture": "#0"},
				"east": {"uv": [14.5, 3, 15, 3.5], "texture": "#0"},
				"south": {"uv": [14.5, 3, 15, 3.5], "texture": "#0"},
				"west": {"uv": [14.5, 3, 15, 3.5], "texture": "#0"},
				"down": {"uv": [14.5, 3, 15, 3.5], "texture": "#0"}
			}
		},
		{
			"from": [12.43798, 8.11822, 7.75],
			"to": [12.93798, 8.61822, 8.25],
			"rotation": {"angle": 0, "axis": "y", "origin": [6.74782, 9.24781, 8.00436]},
			"faces": {
				"north": {"uv": [14.5, 3, 15, 3.5], "texture": "#0"},
				"east": {"uv": [14.5, 3, 15, 3.5], "texture": "#0"},
				"south": {"uv": [14.5, 3, 15, 3.5], "texture": "#0"},
				"west": {"uv": [14.5, 3, 15, 3.5], "texture": "#0"},
				"down": {"uv": [14.5, 3, 15, 3.5], "texture": "#0"}
			}
		},
		{
			"from": [13.43798, 10.11822, 7.75],
			"to": [13.93798, 11.11822, 8.25],
			"rotation": {"angle": 0, "axis": "y", "origin": [6.74782, 9.24781, 8.00436]},
			"faces": {
				"north": {"uv": [14.5, 3, 15, 3.5], "texture": "#0"},
				"east": {"uv": [14.5, 3, 15, 3.5], "texture": "#0"},
				"south": {"uv": [14.5, 3, 15, 3.5], "texture": "#0"},
				"west": {"uv": [14.5, 3, 15, 3.5], "texture": "#0"},
				"up": {"uv": [14.5, 3, 15, 3.5], "texture": "#0"},
				"down": {"uv": [14.5, 3, 15, 3.5], "texture": "#0"}
			}
		},
		{
			"from": [13.93798, 11.11822, 7.75],
			"to": [14.43798, 12.11822, 8.25],
			"rotation": {"angle": 0, "axis": "y", "origin": [6.74782, 9.24781, 8.00436]},
			"faces": {
				"north": {"uv": [14.5, 3, 15, 3.5], "texture": "#0"},
				"east": {"uv": [14.5, 3, 15, 3.5], "texture": "#0"},
				"south": {"uv": [14.5, 3, 15, 3.5], "texture": "#0"},
				"west": {"uv": [14.5, 3, 15, 3.5], "texture": "#0"},
				"up": {"uv": [14.5, 3, 15, 3.5], "texture": "#0"},
				"down": {"uv": [14.5, 3, 15, 3.5], "texture": "#0"}
			}
		},
		{
			"from": [9.93798, 6.11822, 7.25],
			"to": [10.43798, 6.61822, 8.75],
			"rotation": {"angle": 0, "axis": "y", "origin": [6.74782, 9.24781, 8.00436]},
			"faces": {
				"north": {"uv": [10.5, 9.5, 10, 10], "texture": "#0"},
				"east": {"uv": [10.5, 9.5, 10, 10], "texture": "#0"},
				"south": {"uv": [10, 9.5, 10.5, 10], "texture": "#0"},
				"west": {"uv": [10, 9.5, 10.5, 10], "texture": "#0"},
				"up": {"uv": [10, 9.5, 10.5, 10], "rotation": 270, "texture": "#0"},
				"down": {"uv": [10, 10, 10.5, 9.5], "rotation": 90, "texture": "#0"}
			}
		},
		{
			"from": [9.43798, 6.61822, 7.25],
			"to": [9.93798, 7.11822, 8.75],
			"rotation": {"angle": 0, "axis": "y", "origin": [6.74782, 9.24781, 8.00436]},
			"faces": {
				"north": {"uv": [11, 10, 10.5, 10.5], "texture": "#0"},
				"east": {"uv": [11, 10, 10.5, 10.5], "texture": "#0"},
				"south": {"uv": [10.5, 10, 11, 10.5], "texture": "#0"},
				"west": {"uv": [10.5, 10, 11, 10.5], "texture": "#0"},
				"up": {"uv": [10.5, 10, 11, 10.5], "rotation": 270, "texture": "#0"},
				"down": {"uv": [10.5, 10.5, 11, 10], "rotation": 90, "texture": "#0"}
			}
		},
		{
			"from": [8.93798, 7.11822, 7.25],
			"to": [9.43798, 7.61822, 8.75],
			"rotation": {"angle": 0, "axis": "y", "origin": [6.74782, 9.24781, 8.00436]},
			"faces": {
				"north": {"uv": [10.5, 9.5, 10, 10], "texture": "#0"},
				"east": {"uv": [10.5, 9.5, 10, 10], "texture": "#0"},
				"south": {"uv": [10, 9.5, 10.5, 10], "texture": "#0"},
				"west": {"uv": [10, 9.5, 10.5, 10], "texture": "#0"},
				"up": {"uv": [10, 9.5, 10.5, 10], "rotation": 270, "texture": "#0"},
				"down": {"uv": [10, 10, 10.5, 9.5], "rotation": 90, "texture": "#0"}
			}
		},
		{
			"from": [8.43798, 7.61822, 7.25],
			"to": [8.93798, 8.11822, 8.75],
			"rotation": {"angle": 0, "axis": "y", "origin": [6.74782, 9.24781, 8.00436]},
			"faces": {
				"north": {"uv": [10, 9, 9.5, 9.5], "texture": "#0"},
				"east": {"uv": [10, 9, 9.5, 9.5], "texture": "#0"},
				"south": {"uv": [9.5, 9, 10, 9.5], "texture": "#0"},
				"west": {"uv": [9.5, 9, 10, 9.5], "texture": "#0"},
				"up": {"uv": [9.5, 9, 10, 9.5], "rotation": 270, "texture": "#0"},
				"down": {"uv": [9.5, 9.5, 10, 9], "rotation": 90, "texture": "#0"}
			}
		},
		{
			"from": [7.93798, 8.11822, 7.25],
			"to": [8.43798, 8.61822, 8.75],
			"rotation": {"angle": 0, "axis": "y", "origin": [6.74782, 9.24781, 8.00436]},
			"faces": {
				"north": {"uv": [9.5, 8.5, 9, 9], "texture": "#0"},
				"east": {"uv": [9.5, 8.5, 9, 9], "texture": "#0"},
				"south": {"uv": [9, 8.5, 9.5, 9], "texture": "#0"},
				"west": {"uv": [9, 8.5, 9.5, 9], "texture": "#0"},
				"up": {"uv": [9, 8.5, 9.5, 9], "rotation": 270, "texture": "#0"},
				"down": {"uv": [9, 9, 9.5, 8.5], "rotation": 90, "texture": "#0"}
			}
		},
		{
			"from": [7.43798, 8.61822, 7.25],
			"to": [7.93798, 9.11822, 8.75],
			"rotation": {"angle": 0, "axis": "y", "origin": [6.74782, 9.24781, 8.00436]},
			"faces": {
				"north": {"uv": [9, 8, 8.5, 8.5], "texture": "#0"},
				"east": {"uv": [9, 8, 8.5, 8.5], "texture": "#0"},
				"south": {"uv": [8.5, 8, 9, 8.5], "texture": "#0"},
				"west": {"uv": [8.5, 8, 9, 8.5], "texture": "#0"},
				"up": {"uv": [8.5, 8, 9, 8.5], "rotation": 270, "texture": "#0"},
				"down": {"uv": [8.5, 8.5, 9, 8], "rotation": 90, "texture": "#0"}
			}
		},
		{
			"from": [6.93798, 9.11822, 7.25],
			"to": [7.43798, 9.61822, 8.75],
			"rotation": {"angle": 0, "axis": "y", "origin": [6.74782, 9.24781, 8.00436]},
			"faces": {
				"north": {"uv": [8.5, 7.5, 8, 8], "texture": "#0"},
				"east": {"uv": [8.5, 7.5, 8, 8], "texture": "#0"},
				"south": {"uv": [8, 7.5, 8.5, 8], "texture": "#0"},
				"west": {"uv": [8, 7.5, 8.5, 8], "texture": "#0"},
				"up": {"uv": [8, 7.5, 8.5, 8], "rotation": 270, "texture": "#0"},
				"down": {"uv": [8, 8, 8.5, 7.5], "rotation": 90, "texture": "#0"}
			}
		},
		{
			"from": [6.43798, 9.61822, 7.25],
			"to": [6.93798, 10.11822, 8.75],
			"rotation": {"angle": 0, "axis": "y", "origin": [6.74782, 9.24781, 8.00436]},
			"faces": {
				"north": {"uv": [8, 7, 7.5, 7.5], "texture": "#0"},
				"east": {"uv": [8, 7, 7.5, 7.5], "texture": "#0"},
				"south": {"uv": [7.5, 7, 8, 7.5], "texture": "#0"},
				"down": {"uv": [7.5, 7.5, 8, 7], "rotation": 90, "texture": "#0"}
			}
		},
		{
			"from": [4.93798, 11.11822, 7.25],
			"to": [5.43798, 11.61822, 8.75],
			"rotation": {"angle": 0, "axis": "y", "origin": [6.74782, 9.24781, 8.00436]},
			"faces": {
				"north": {"uv": [7.5, 6.5, 7, 7], "texture": "#0"},
				"south": {"uv": [7, 6.5, 7.5, 7], "texture": "#0"},
				"west": {"uv": [7, 6.5, 7.5, 7], "texture": "#0"},
				"up": {"uv": [7, 6.5, 7.5, 7], "rotation": 270, "texture": "#0"}
			}
		},
		{
			"from": [4.43798, 11.61822, 7.25],
			"to": [4.93798, 12.11822, 8.75],
			"rotation": {"angle": 0, "axis": "y", "origin": [6.74782, 9.24781, 8.00436]},
			"faces": {
				"north": {"uv": [7, 6, 6.5, 6.5], "texture": "#0"},
				"east": {"uv": [7, 6, 6.5, 6.5], "texture": "#0"},
				"south": {"uv": [6.5, 6, 7, 6.5], "texture": "#0"},
				"west": {"uv": [6.5, 6, 7, 6.5], "texture": "#0"},
				"up": {"uv": [6.5, 6, 7, 6.5], "rotation": 270, "texture": "#0"},
				"down": {"uv": [6.5, 6.5, 7, 6], "rotation": 90, "texture": "#0"}
			}
		},
		{
			"from": [3.43798, 12.61822, 7.25],
			"to": [3.93798, 13.11822, 8.75],
			"rotation": {"angle": 0, "axis": "y", "origin": [6.74782, 9.24781, 8.00436]},
			"faces": {
				"north": {"uv": [5, 4, 4.5, 4.5], "texture": "#0"},
				"east": {"uv": [5, 4, 4.5, 4.5], "texture": "#0"},
				"south": {"uv": [4.5, 4, 5, 4.5], "texture": "#0"},
				"west": {"uv": [4.5, 4, 5, 4.5], "texture": "#0"},
				"up": {"uv": [4.5, 4, 5, 4.5], "rotation": 270, "texture": "#0"},
				"down": {"uv": [4.5, 4.5, 5, 4], "rotation": 90, "texture": "#0"}
			}
		},
		{
			"from": [3.93798, 12.11822, 7.25],
			"to": [4.43798, 12.61822, 8.75],
			"rotation": {"angle": 0, "axis": "y", "origin": [6.74782, 9.24781, 8.00436]},
			"faces": {
				"north": {"uv": [5.5, 4.5, 5, 5], "texture": "#0"},
				"east": {"uv": [5.5, 4.5, 5, 5], "texture": "#0"},
				"south": {"uv": [5, 4.5, 5.5, 5], "texture": "#0"},
				"west": {"uv": [5, 4.5, 5.5, 5], "texture": "#0"},
				"up": {"uv": [5, 4.5, 5.5, 5], "rotation": 270, "texture": "#0"},
				"down": {"uv": [5, 5, 5.5, 4.5], "rotation": 90, "texture": "#0"}
			}
		},
		{
			"from": [2.93798, 13.11822, 7.25],
			"to": [3.43798, 13.61822, 8.75],
			"rotation": {"angle": 0, "axis": "y", "origin": [6.74782, 9.24781, 8.00436]},
			"faces": {
				"north": {"uv": [4.5, 3.5, 4, 4], "texture": "#0"},
				"east": {"uv": [4.5, 3.5, 4, 4], "texture": "#0"},
				"south": {"uv": [4, 3.5, 4.5, 4], "texture": "#0"},
				"west": {"uv": [4, 3.5, 4.5, 4], "texture": "#0"},
				"up": {"uv": [4, 3.5, 4.5, 4], "rotation": 270, "texture": "#0"},
				"down": {"uv": [4, 4, 4.5, 3.5], "rotation": 90, "texture": "#0"}
			}
		},
		{
			"from": [2.43798, 13.61822, 7.25],
			"to": [2.93798, 14.11822, 8.75],
			"rotation": {"angle": 0, "axis": "y", "origin": [6.74782, 9.24781, 8.00436]},
			"faces": {
				"north": {"uv": [4, 3, 3.5, 3.5], "texture": "#0"},
				"east": {"uv": [4, 3, 3.5, 3.5], "texture": "#0"},
				"south": {"uv": [3.5, 3, 4, 3.5], "texture": "#0"},
				"west": {"uv": [3.5, 3, 4, 3.5], "texture": "#0"},
				"up": {"uv": [3.5, 3, 4, 3.5], "rotation": 270, "texture": "#0"},
				"down": {"uv": [3.5, 3.5, 4, 3], "rotation": 90, "texture": "#0"}
			}
		},
		{
			"from": [1.93798, 14.11822, 7.25],
			"to": [2.43798, 14.61822, 8.75],
			"rotation": {"angle": 0, "axis": "y", "origin": [6.74782, 9.24781, 8.00436]},
			"faces": {
				"north": {"uv": [3.5, 2.5, 3, 3], "texture": "#0"},
				"east": {"uv": [3.5, 2.5, 3, 3], "texture": "#0"},
				"south": {"uv": [3, 2.5, 3.5, 3], "texture": "#0"},
				"down": {"uv": [3, 3, 3.5, 2.5], "rotation": 90, "texture": "#0"}
			}
		},
		{
			"from": [5.93798, 10.11822, 7],
			"to": [6.43798, 11.61822, 9],
			"rotation": {"angle": 0, "axis": "y", "origin": [6.74782, 9.24781, 8.00436]},
			"faces": {
				"north": {"uv": [6, 6, 5.5, 6.5], "texture": "#0"},
				"east": {"uv": [6, 6, 5.5, 6.5], "texture": "#0"},
				"south": {"uv": [5.5, 6, 6, 6.5], "texture": "#0"},
				"west": {"uv": [5.5, 6, 6, 6.5], "texture": "#0"},
				"up": {"uv": [5.5, 6, 6, 6.5], "rotation": 270, "texture": "#0"},
				"down": {"uv": [5.5, 6.5, 6, 6], "rotation": 90, "texture": "#0"}
			}
		},
		{
			"from": [0.43798, 15.61822, 7.75],
			"to": [1.93798, 16.11822, 8.25],
			"rotation": {"angle": 0, "axis": "y", "origin": [6.74782, 9.24781, 8.00436]},
			"faces": {
				"north": {"uv": [2, 0, 0.5, 0.5], "texture": "#0"},
				"east": {"uv": [2, 0, 1.5, 0.5], "texture": "#0"},
				"south": {"uv": [0.5, 0, 2, 0.5], "texture": "#0"},
				"west": {"uv": [0.5, 0, 1, 0.5], "texture": "#0"},
				"up": {"uv": [0.5, 0, 1, 0.5], "texture": "#0"}
			}
		},
		{
			"from": [0.43798, 14.61822, 7.75],
			"to": [0.93798, 15.61822, 8.25],
			"rotation": {"angle": 0, "axis": "y", "origin": [6.74782, 9.24781, 8.00436]},
			"faces": {
				"north": {"uv": [1, 0.5, 0.5, 1.5], "texture": "#0"},
				"south": {"uv": [0.5, 0.5, 1, 1.5], "texture": "#0"},
				"west": {"uv": [0.5, 0.5, 1, 1.5], "texture": "#0"},
				"down": {"uv": [0.5, 1.5, 1, 1], "rotation": 90, "texture": "#0"}
			}
		},
		{
			"from": [0.93798, 13.61822, 7.75],
			"to": [1.43798, 14.61822, 8.25],
			"rotation": {"angle": 0, "axis": "y", "origin": [6.74782, 9.24781, 8.00436]},
			"faces": {
				"north": {"uv": [1.5, 1.5, 1, 2.5], "texture": "#0"},
				"east": {"uv": [1.5, 1.5, 1, 2.5], "texture": "#0"},
				"south": {"uv": [1, 1.5, 1.5, 2.5], "texture": "#0"},
				"west": {"uv": [1, 1.5, 1.5, 2.5], "texture": "#0"},
				"down": {"uv": [1, 2.5, 1.5, 2], "rotation": 90, "texture": "#0"}
			}
		},
		{
			"from": [1.93798, 15.11822, 7.75],
			"to": [2.93798, 15.61822, 8.25],
			"rotation": {"angle": 0, "axis": "y", "origin": [6.74782, 9.24781, 8.00436]},
			"faces": {
				"north": {"uv": [3, 0.5, 2, 1], "texture": "#0"},
				"east": {"uv": [3, 0.5, 2.5, 1], "texture": "#0"},
				"south": {"uv": [2, 0.5, 3, 1], "texture": "#0"},
				"up": {"uv": [2, 0.5, 3, 1], "texture": "#0"},
				"down": {"uv": [2, 1, 2.5, 0.5], "rotation": 90, "texture": "#0"}
			}
		},
		{
			"from": [0.93798, 14.61822, 7.25],
			"to": [1.93798, 15.61822, 8.75],
			"rotation": {"angle": 0, "axis": "y", "origin": [6.74782, 9.24781, 8.00436]},
			"faces": {
				"north": {"uv": [2, 0.5, 1, 1.5], "texture": "#0"},
				"east": {"uv": [2, 0.5, 1.5, 1.5], "texture": "#0"},
				"south": {"uv": [1, 0.5, 2, 1.5], "texture": "#0"},
				"west": {"uv": [1, 0.5, 1.5, 1.5], "texture": "#0"},
				"up": {"uv": [1, 0.5, 1.5, 1], "texture": "#0"},
				"down": {"uv": [1, 1.5, 1.5, 1], "rotation": 90, "texture": "#0"}
			}
		},
		{
			"from": [1.43798, 14.11822, 7.25],
			"to": [1.93798, 14.61822, 8.75],
			"rotation": {"angle": 0, "axis": "y", "origin": [6.74782, 9.24781, 8.00436]},
			"faces": {
				"north": {"uv": [1.5, 1.5, 2, 2], "texture": "#0"},
				"south": {"uv": [1.5, 1.5, 2, 2], "texture": "#0"},
				"west": {"uv": [1.5, 1.5, 2, 2], "texture": "#0"},
				"down": {"uv": [1.5, 1.5, 2, 2], "texture": "#0"}
			}
		},
		{
			"from": [1.93798, 14.61822, 7.25],
			"to": [2.43798, 15.11822, 8.75],
			"rotation": {"angle": 0, "axis": "y", "origin": [6.74782, 9.24781, 8.00436]},
			"faces": {
				"north": {"uv": [2, 1, 2.5, 1.5], "texture": "#0"},
				"east": {"uv": [2, 1, 2.5, 1.5], "texture": "#0"},
				"south": {"uv": [2, 1, 2.5, 1.5], "texture": "#0"},
				"up": {"uv": [2, 1, 2.5, 1.5], "texture": "#0"}
			}
		},
		{
			"from": [11.43798, 6.11822, 7.75],
			"to": [11.93798, 6.61822, 8.25],
			"rotation": {"angle": 0, "axis": "y", "origin": [6.74782, 9.24781, 8.00436]},
			"faces": {
				"north": {"uv": [14.5, 3, 15, 3.5], "texture": "#0"},
				"east": {"uv": [14.5, 3, 15, 3.5], "texture": "#0"},
				"south": {"uv": [14.5, 3, 15, 3.5], "texture": "#0"},
				"west": {"uv": [14.5, 3, 15, 3.5], "texture": "#0"},
				"down": {"uv": [14.5, 3, 15, 3.5], "texture": "#0"}
			}
		},
		{
			"from": [10.43798, 5.61822, 7.25],
			"to": [10.93798, 6.11822, 8.75],
			"rotation": {"angle": 0, "axis": "y", "origin": [6.74782, 9.24781, 8.00436]},
			"faces": {
				"north": {"uv": [10.5, 9.5, 10, 10], "texture": "#0"},
				"east": {"uv": [10.5, 9.5, 10, 10], "texture": "#0"},
				"south": {"uv": [10, 9.5, 10.5, 10], "texture": "#0"},
				"west": {"uv": [10, 9.5, 10.5, 10], "texture": "#0"},
				"up": {"uv": [10, 9.5, 10.5, 10], "rotation": 270, "texture": "#0"},
				"down": {"uv": [10, 10, 10.5, 9.5], "rotation": 90, "texture": "#0"}
			}
		},
		{
			"from": [10.43798, 6.11822, 7.75],
			"to": [10.93798, 6.61822, 8.25],
			"rotation": {"angle": 0, "axis": "y", "origin": [6.74782, 9.24781, 8.00436]},
			"faces": {
				"north": {"uv": [11, 9.5, 10.5, 10], "texture": "#0"},
				"east": {"uv": [11, 9.5, 10.5, 10], "texture": "#0"},
				"south": {"uv": [10.5, 9.5, 11, 10], "texture": "#0"},
				"up": {"uv": [10.5, 9.5, 11, 10], "rotation": 270, "texture": "#0"}
			}
		},
		{
			"from": [9.93798, 6.61822, 7.75],
			"to": [10.43798, 7.11822, 8.25],
			"rotation": {"angle": 0, "axis": "y", "origin": [6.74782, 9.24781, 8.00436]},
			"faces": {
				"north": {"uv": [11, 9.5, 10.5, 10], "texture": "#0"},
				"east": {"uv": [11, 9.5, 10.5, 10], "texture": "#0"},
				"south": {"uv": [10.5, 9.5, 11, 10], "texture": "#0"},
				"up": {"uv": [10.5, 9.5, 11, 10], "rotation": 270, "texture": "#0"}
			}
		},
		{
			"from": [9.43798, 7.11822, 7.75],
			"to": [9.93798, 7.61822, 8.25],
			"rotation": {"angle": 0, "axis": "y", "origin": [6.74782, 9.24781, 8.00436]},
			"faces": {
				"north": {"uv": [11, 9.5, 10.5, 10], "texture": "#0"},
				"east": {"uv": [11, 9.5, 10.5, 10], "texture": "#0"},
				"south": {"uv": [10.5, 9.5, 11, 10], "texture": "#0"},
				"up": {"uv": [10.5, 9.5, 11, 10], "rotation": 270, "texture": "#0"}
			}
		},
		{
			"from": [8.93798, 7.61822, 7.75],
			"to": [9.43798, 8.11822, 8.25],
			"rotation": {"angle": 0, "axis": "y", "origin": [6.74782, 9.24781, 8.00436]},
			"faces": {
				"north": {"uv": [11, 9.5, 10.5, 10], "texture": "#0"},
				"east": {"uv": [11, 9.5, 10.5, 10], "texture": "#0"},
				"south": {"uv": [10.5, 9.5, 11, 10], "texture": "#0"},
				"up": {"uv": [10.5, 9.5, 11, 10], "rotation": 270, "texture": "#0"}
			}
		},
		{
			"from": [8.43798, 8.11822, 7.75],
			"to": [8.93798, 8.61822, 8.25],
			"rotation": {"angle": 0, "axis": "y", "origin": [6.74782, 9.24781, 8.00436]},
			"faces": {
				"north": {"uv": [11, 9.5, 10.5, 10], "texture": "#0"},
				"east": {"uv": [11, 9.5, 10.5, 10], "texture": "#0"},
				"south": {"uv": [10.5, 9.5, 11, 10], "texture": "#0"},
				"up": {"uv": [10.5, 9.5, 11, 10], "rotation": 270, "texture": "#0"}
			}
		},
		{
			"from": [7.93798, 8.61822, 7.75],
			"to": [8.43798, 9.11822, 8.25],
			"rotation": {"angle": 0, "axis": "y", "origin": [6.74782, 9.24781, 8.00436]},
			"faces": {
				"north": {"uv": [11, 9.5, 10.5, 10], "texture": "#0"},
				"east": {"uv": [11, 9.5, 10.5, 10], "texture": "#0"},
				"south": {"uv": [10.5, 9.5, 11, 10], "texture": "#0"},
				"up": {"uv": [10.5, 9.5, 11, 10], "rotation": 270, "texture": "#0"}
			}
		},
		{
			"from": [7.43798, 9.11822, 7.75],
			"to": [7.93798, 9.61822, 8.25],
			"rotation": {"angle": 0, "axis": "y", "origin": [6.74782, 9.24781, 8.00436]},
			"faces": {
				"north": {"uv": [11, 9.5, 10.5, 10], "texture": "#0"},
				"east": {"uv": [11, 9.5, 10.5, 10], "texture": "#0"},
				"south": {"uv": [10.5, 9.5, 11, 10], "texture": "#0"},
				"up": {"uv": [10.5, 9.5, 11, 10], "rotation": 270, "texture": "#0"}
			}
		},
		{
			"from": [6.93798, 9.61822, 7.75],
			"to": [7.43798, 10.11822, 8.25],
			"rotation": {"angle": 0, "axis": "y", "origin": [6.74782, 9.24781, 8.00436]},
			"faces": {
				"north": {"uv": [11, 9.5, 10.5, 10], "texture": "#0"},
				"east": {"uv": [11, 9.5, 10.5, 10], "texture": "#0"},
				"south": {"uv": [10.5, 9.5, 11, 10], "texture": "#0"},
				"up": {"uv": [10.5, 9.5, 11, 10], "rotation": 270, "texture": "#0"}
			}
		},
		{
			"from": [4.93798, 11.61822, 7.75],
			"to": [5.43798, 12.11822, 8.25],
			"rotation": {"angle": 0, "axis": "y", "origin": [6.74782, 9.24781, 8.00436]},
			"faces": {
				"north": {"uv": [11, 9.5, 10.5, 10], "texture": "#0"},
				"east": {"uv": [11, 9.5, 10.5, 10], "texture": "#0"},
				"south": {"uv": [10.5, 9.5, 11, 10], "texture": "#0"},
				"up": {"uv": [10.5, 9.5, 11, 10], "rotation": 270, "texture": "#0"}
			}
		},
		{
			"from": [4.43798, 12.11822, 7.75],
			"to": [4.93798, 12.61822, 8.25],
			"rotation": {"angle": 0, "axis": "y", "origin": [6.74782, 9.24781, 8.00436]},
			"faces": {
				"north": {"uv": [11, 9.5, 10.5, 10], "texture": "#0"},
				"east": {"uv": [11, 9.5, 10.5, 10], "texture": "#0"},
				"south": {"uv": [10.5, 9.5, 11, 10], "texture": "#0"},
				"up": {"uv": [10.5, 9.5, 11, 10], "rotation": 270, "texture": "#0"}
			}
		},
		{
			"from": [3.93798, 12.61822, 7.75],
			"to": [4.43798, 13.11822, 8.25],
			"rotation": {"angle": 0, "axis": "y", "origin": [6.74782, 9.24781, 8.00436]},
			"faces": {
				"north": {"uv": [11, 9.5, 10.5, 10], "texture": "#0"},
				"east": {"uv": [11, 9.5, 10.5, 10], "texture": "#0"},
				"south": {"uv": [10.5, 9.5, 11, 10], "texture": "#0"},
				"up": {"uv": [10.5, 9.5, 11, 10], "rotation": 270, "texture": "#0"}
			}
		},
		{
			"from": [3.43798, 13.11822, 7.75],
			"to": [3.93798, 13.61822, 8.25],
			"rotation": {"angle": 0, "axis": "y", "origin": [6.74782, 9.24781, 8.00436]},
			"faces": {
				"north": {"uv": [11, 9.5, 10.5, 10], "texture": "#0"},
				"east": {"uv": [11, 9.5, 10.5, 10], "texture": "#0"},
				"south": {"uv": [10.5, 9.5, 11, 10], "texture": "#0"},
				"up": {"uv": [10.5, 9.5, 11, 10], "rotation": 270, "texture": "#0"}
			}
		},
		{
			"from": [2.93798, 13.61822, 7.75],
			"to": [3.43798, 14.11822, 8.25],
			"rotation": {"angle": 0, "axis": "y", "origin": [6.74782, 9.24781, 8.00436]},
			"faces": {
				"north": {"uv": [11, 9.5, 10.5, 10], "texture": "#0"},
				"east": {"uv": [11, 9.5, 10.5, 10], "texture": "#0"},
				"south": {"uv": [10.5, 9.5, 11, 10], "texture": "#0"},
				"up": {"uv": [10.5, 9.5, 11, 10], "rotation": 270, "texture": "#0"}
			}
		},
		{
			"from": [2.43798, 14.11822, 7.75],
			"to": [2.93798, 14.61822, 8.25],
			"rotation": {"angle": 0, "axis": "y", "origin": [6.74782, 9.24781, 8.00436]},
			"faces": {
				"north": {"uv": [11, 9.5, 10.5, 10], "texture": "#0"},
				"east": {"uv": [11, 9.5, 10.5, 10], "texture": "#0"},
				"south": {"uv": [10.5, 9.5, 11, 10], "texture": "#0"},
				"up": {"uv": [10.5, 9.5, 11, 10], "rotation": 270, "texture": "#0"}
			}
		},
		{
			"from": [1.93798, 13.61822, 7.75],
			"to": [2.43798, 14.11822, 8.25],
			"rotation": {"angle": 0, "axis": "y", "origin": [6.74782, 9.24781, 8.00436]},
			"faces": {
				"north": {"uv": [10, 10, 10.5, 10.5], "texture": "#0"},
				"south": {"uv": [10, 10, 10.5, 10.5], "texture": "#0"},
				"west": {"uv": [10, 10, 10.5, 10.5], "texture": "#0"},
				"down": {"uv": [10, 10, 10.5, 10.5], "texture": "#0"}
			}
		},
		{
			"from": [2.43798, 13.11822, 7.75],
			"to": [2.93798, 13.61822, 8.25],
			"rotation": {"angle": 0, "axis": "y", "origin": [6.74782, 9.24781, 8.00436]},
			"faces": {
				"north": {"uv": [10, 10, 10.5, 10.5], "texture": "#0"},
				"south": {"uv": [10, 10, 10.5, 10.5], "texture": "#0"},
				"west": {"uv": [10, 10, 10.5, 10.5], "texture": "#0"},
				"down": {"uv": [10, 10, 10.5, 10.5], "texture": "#0"}
			}
		},
		{
			"from": [2.93798, 12.61822, 7.75],
			"to": [3.43798, 13.11822, 8.25],
			"rotation": {"angle": 0, "axis": "y", "origin": [6.74782, 9.24781, 8.00436]},
			"faces": {
				"north": {"uv": [10, 10, 10.5, 10.5], "texture": "#0"},
				"south": {"uv": [10, 10, 10.5, 10.5], "texture": "#0"},
				"west": {"uv": [10, 10, 10.5, 10.5], "texture": "#0"},
				"down": {"uv": [10, 10, 10.5, 10.5], "texture": "#0"}
			}
		},
		{
			"from": [3.43798, 12.11822, 7.75],
			"to": [3.93798, 12.61822, 8.25],
			"rotation": {"angle": 0, "axis": "y", "origin": [6.74782, 9.24781, 8.00436]},
			"faces": {
				"north": {"uv": [10, 10, 10.5, 10.5], "texture": "#0"},
				"south": {"uv": [10, 10, 10.5, 10.5], "texture": "#0"},
				"west": {"uv": [10, 10, 10.5, 10.5], "texture": "#0"},
				"down": {"uv": [10, 10, 10.5, 10.5], "texture": "#0"}
			}
		},
		{
			"from": [3.93798, 11.61822, 7.75],
			"to": [4.43798, 12.11822, 8.25],
			"rotation": {"angle": 0, "axis": "y", "origin": [6.74782, 9.24781, 8.00436]},
			"faces": {
				"north": {"uv": [10, 10, 10.5, 10.5], "texture": "#0"},
				"south": {"uv": [10, 10, 10.5, 10.5], "texture": "#0"},
				"west": {"uv": [10, 10, 10.5, 10.5], "texture": "#0"},
				"down": {"uv": [10, 10, 10.5, 10.5], "texture": "#0"}
			}
		},
		{
			"from": [4.43798, 11.11822, 7.75],
			"to": [4.93798, 11.61822, 8.25],
			"rotation": {"angle": 0, "axis": "y", "origin": [6.74782, 9.24781, 8.00436]},
			"faces": {
				"north": {"uv": [10, 10, 10.5, 10.5], "texture": "#0"},
				"south": {"uv": [10, 10, 10.5, 10.5], "texture": "#0"},
				"west": {"uv": [10, 10, 10.5, 10.5], "texture": "#0"},
				"down": {"uv": [10, 10, 10.5, 10.5], "texture": "#0"}
			}
		},
		{
			"from": [6.43798, 9.11822, 7.75],
			"to": [6.93798, 9.61822, 8.25],
			"rotation": {"angle": 0, "axis": "y", "origin": [6.74782, 9.24781, 8.00436]},
			"faces": {
				"north": {"uv": [10, 10, 10.5, 10.5], "texture": "#0"},
				"south": {"uv": [10, 10, 10.5, 10.5], "texture": "#0"},
				"west": {"uv": [10, 10, 10.5, 10.5], "texture": "#0"},
				"down": {"uv": [10, 10, 10.5, 10.5], "texture": "#0"}
			}
		},
		{
			"from": [6.93798, 8.61822, 7.75],
			"to": [7.43798, 9.11822, 8.25],
			"rotation": {"angle": 0, "axis": "y", "origin": [6.74782, 9.24781, 8.00436]},
			"faces": {
				"north": {"uv": [10, 10, 10.5, 10.5], "texture": "#0"},
				"south": {"uv": [10, 10, 10.5, 10.5], "texture": "#0"},
				"west": {"uv": [10, 10, 10.5, 10.5], "texture": "#0"},
				"down": {"uv": [10, 10, 10.5, 10.5], "texture": "#0"}
			}
		},
		{
			"from": [7.43798, 8.11822, 7.75],
			"to": [7.93798, 8.61822, 8.25],
			"rotation": {"angle": 0, "axis": "y", "origin": [6.74782, 9.24781, 8.00436]},
			"faces": {
				"north": {"uv": [10, 10, 10.5, 10.5], "texture": "#0"},
				"south": {"uv": [10, 10, 10.5, 10.5], "texture": "#0"},
				"west": {"uv": [10, 10, 10.5, 10.5], "texture": "#0"},
				"down": {"uv": [10, 10, 10.5, 10.5], "texture": "#0"}
			}
		},
		{
			"from": [7.93798, 7.61822, 7.75],
			"to": [8.43798, 8.11822, 8.25],
			"rotation": {"angle": 0, "axis": "y", "origin": [6.74782, 9.24781, 8.00436]},
			"faces": {
				"north": {"uv": [10, 10, 10.5, 10.5], "texture": "#0"},
				"south": {"uv": [10, 10, 10.5, 10.5], "texture": "#0"},
				"west": {"uv": [10, 10, 10.5, 10.5], "texture": "#0"},
				"down": {"uv": [10, 10, 10.5, 10.5], "texture": "#0"}
			}
		},
		{
			"from": [8.43798, 7.11822, 7.75],
			"to": [8.93798, 7.61822, 8.25],
			"rotation": {"angle": 0, "axis": "y", "origin": [6.74782, 9.24781, 8.00436]},
			"faces": {
				"north": {"uv": [10, 10, 10.5, 10.5], "texture": "#0"},
				"south": {"uv": [10, 10, 10.5, 10.5], "texture": "#0"},
				"west": {"uv": [10, 10, 10.5, 10.5], "texture": "#0"},
				"down": {"uv": [10, 10, 10.5, 10.5], "texture": "#0"}
			}
		},
		{
			"from": [8.93798, 6.61822, 7.75],
			"to": [9.43798, 7.11822, 8.25],
			"rotation": {"angle": 0, "axis": "y", "origin": [6.74782, 9.24781, 8.00436]},
			"faces": {
				"north": {"uv": [10, 10, 10.5, 10.5], "texture": "#0"},
				"south": {"uv": [10, 10, 10.5, 10.5], "texture": "#0"},
				"west": {"uv": [10, 10, 10.5, 10.5], "texture": "#0"},
				"down": {"uv": [10, 10, 10.5, 10.5], "texture": "#0"}
			}
		},
		{
			"from": [9.43798, 6.11822, 7.75],
			"to": [9.93798, 6.61822, 8.25],
			"rotation": {"angle": 0, "axis": "y", "origin": [6.74782, 9.24781, 8.00436]},
			"faces": {
				"north": {"uv": [10, 10, 10.5, 10.5], "texture": "#0"},
				"south": {"uv": [10, 10, 10.5, 10.5], "texture": "#0"},
				"west": {"uv": [10, 10, 10.5, 10.5], "texture": "#0"},
				"down": {"uv": [10, 10, 10.5, 10.5], "texture": "#0"}
			}
		},
		{
			"from": [9.93798, 5.61822, 7.75],
			"to": [10.43798, 6.11822, 8.25],
			"rotation": {"angle": 0, "axis": "y", "origin": [6.74782, 9.24781, 8.00436]},
			"faces": {
				"north": {"uv": [10, 10, 10.5, 10.5], "texture": "#0"},
				"south": {"uv": [10, 10, 10.5, 10.5], "texture": "#0"},
				"west": {"uv": [10, 10, 10.5, 10.5], "texture": "#0"},
				"down": {"uv": [10, 10, 10.5, 10.5], "texture": "#0"}
			}
		}
	],
	"groups": [
		{
			"name": "model_bow",
			"origin": [8, 8, 8],
			"children": [0, 1, 2, 3, 4, 5, 6, 7, 8, 9, 10, 11, 12, 13, 14, 15, 16, 17, 18, 19, 20, 21, 22, 23, 24, 25, 26, 27, 28, 29, 30, 31, 32, 33, 34, 35, 36, 37, 38, 39, 40, 41, 42, 43, 44, 45, 46, 47, 48, 49, 50, 51, 52, 53, 54, 55, 56, 57, 58, 59, 60, 61, 62, 63, 64, 65, 66, 67, 68, 69, 70, 71, 72, 73, 74, 75, 76, 77, 78, 79, 80, 81, 82, 83, 84, 85, 86, 87, 88, 89, 90, 91, 92, 93, 94, 95, 96, 97, 98, 99, 100, 101, 102, 103, 104, 105, 106, 107, 108, 109, 110, 111, 112, 113, 114, 115, 116, 117, 118, 119, 120, 121, 122, 123, 124, 125, 126, 127, 128]
		}
	]
}