{
	"credit": "Made with Blockbench",
	"textures": {
		"0": "item/diamond_shovel",
		"particle": "item/diamond_shovel"
	},
	"elements": [
		{
			"from": [2.83025, 3.33951, 7.21296],
			"to": [4.33025, 3.83951, 8.71296],
			"faces": {
				"north": {"uv": [4.975, 12.525, 3.525, 12.975], "texture": "#0"},
				"east": {"uv": [4.975, 12.525, 4.525, 12.975], "texture": "#0"},
				"south": {"uv": [3.525, 12.525, 4.975, 12.975], "texture": "#0"},
				"west": {"uv": [3.525, 12.525, 3.975, 12.975], "texture": "#0"},
				"up": {"uv": [3.525, 12.525, 3.975, 12.975], "rotation": 270, "texture": "#0"},
				"down": {"uv": [3.525, 12.975, 3.975, 12.525], "rotation": 90, "texture": "#0"}
			}
		},
		{
			"from": [2.33025, 1.83951, 7.21296],
			"to": [3.33025, 2.33951, 8.71296],
			"faces": {
				"north": {"uv": [3.975, 14.025, 3.025, 14.475], "texture": "#0"},
				"east": {"uv": [3.975, 14.025, 3.525, 14.475], "texture": "#0"},
				"south": {"uv": [3.025, 14.025, 3.975, 14.475], "texture": "#0"},
				"west": {"uv": [3.025, 14.025, 3.475, 14.475], "texture": "#0"},
				"down": {"uv": [3.025, 14.475, 3.475, 14.025], "rotation": 90, "texture": "#0"}
			}
		},
		{
			"from": [1.83025, 2.33951, 7.21296],
			"to": [3.33025, 2.83951, 8.71296],
			"faces": {
				"north": {"uv": [3.975, 13.525, 2.525, 13.975], "texture": "#0"},
				"east": {"uv": [3.975, 13.525, 3.525, 13.975], "texture": "#0"},
				"south": {"uv": [2.525, 13.525, 3.975, 13.975], "texture": "#0"},
				"west": {"uv": [2.525, 13.525, 2.975, 13.975], "texture": "#0"},
				"down": {"uv": [2.525, 13.975, 2.975, 13.525], "rotation": 90, "texture": "#0"}
			}
		},
		{
			"from": [1.83025, 2.83951, 7.21296],
			"to": [3.83025, 3.33951, 8.71296],
			"faces": {
				"north": {"uv": [4.475, 13.025, 2.525, 13.475], "texture": "#0"},
				"east": {"uv": [4.475, 13.025, 4.025, 13.475], "texture": "#0"},
				"south": {"uv": [2.525, 13.025, 4.475, 13.475], "texture": "#0"},
				"west": {"uv": [2.525, 13.025, 2.975, 13.475], "texture": "#0"},
				"up": {"uv": [2.525, 13.025, 2.975, 13.475], "rotation": 270, "texture": "#0"},
				"down": {"uv": [2.525, 13.475, 2.975, 13.025], "rotation": 90, "texture": "#0"}
			}
		},
		{
			"from": [3.33025, 3.83951, 7.21296],
			"to": [4.83025, 4.33951, 8.71296],
			"faces": {
				"north": {"uv": [5.475, 12.025, 4.025, 12.475], "texture": "#0"},
				"east": {"uv": [5.475, 12.025, 5.025, 12.475], "texture": "#0"},
				"south": {"uv": [4.025, 12.025, 5.475, 12.475], "texture": "#0"},
				"west": {"uv": [4.025, 12.025, 4.475, 12.475], "texture": "#0"},
				"up": {"uv": [4.025, 12.025, 4.475, 12.475], "rotation": 270, "texture": "#0"},
				"down": {"uv": [4.025, 12.475, 4.475, 12.025], "rotation": 90, "texture": "#0"}
			}
		},
		{
			"from": [3.83025, 4.33951, 7.21296],
			"to": [5.33025, 4.83951, 8.71296],
			"faces": {
				"north": {"uv": [5.975, 11.525, 4.525, 11.975], "texture": "#0"},
				"east": {"uv": [5.975, 11.525, 5.525, 11.975], "texture": "#0"},
				"south": {"uv": [4.525, 11.525, 5.975, 11.975], "texture": "#0"},
				"west": {"uv": [4.525, 11.525, 4.975, 11.975], "texture": "#0"},
				"up": {"uv": [4.525, 11.525, 4.975, 11.975], "rotation": 270, "texture": "#0"},
				"down": {"uv": [4.525, 11.975, 4.975, 11.525], "rotation": 90, "texture": "#0"}
			}
		},
		{
			"from": [4.33025, 4.83951, 7.21296],
			"to": [5.83025, 5.33951, 8.71296],
			"faces": {
				"north": {"uv": [6.475, 11.025, 5.025, 11.475], "texture": "#0"},
				"east": {"uv": [6.475, 11.025, 6.025, 11.475], "texture": "#0"},
				"south": {"uv": [5.025, 11.025, 6.475, 11.475], "texture": "#0"},
				"west": {"uv": [5.025, 11.025, 5.475, 11.475], "texture": "#0"},
				"up": {"uv": [5.025, 11.025, 5.475, 11.475], "rotation": 270, "texture": "#0"},
				"down": {"uv": [5.025, 11.475, 5.475, 11.025], "rotation": 90, "texture": "#0"}
			}
		},
		{
			"from": [4.83025, 5.33951, 7.21296],
			"to": [6.33025, 5.83951, 8.71296],
			"faces": {
				"north": {"uv": [6.975, 10.525, 5.525, 10.975], "texture": "#0"},
				"east": {"uv": [6.975, 10.525, 6.525, 10.975], "texture": "#0"},
				"south": {"uv": [5.525, 10.525, 6.975, 10.975], "texture": "#0"},
				"west": {"uv": [5.525, 10.525, 5.975, 10.975], "texture": "#0"},
				"up": {"uv": [5.525, 10.525, 5.975, 10.975], "rotation": 270, "texture": "#0"},
				"down": {"uv": [5.525, 10.975, 5.975, 10.525], "rotation": 90, "texture": "#0"}
			}
		},
		{
			"from": [5.33025, 5.83951, 7.21296],
			"to": [6.83025, 6.33951, 8.71296],
			"faces": {
				"north": {"uv": [7.475, 10.025, 6.025, 10.475], "texture": "#0"},
				"east": {"uv": [7.475, 10.025, 7.025, 10.475], "texture": "#0"},
				"south": {"uv": [6.025, 10.025, 7.475, 10.475], "texture": "#0"},
				"west": {"uv": [6.025, 10.025, 6.475, 10.475], "texture": "#0"},
				"up": {"uv": [6.025, 10.025, 6.475, 10.475], "rotation": 270, "texture": "#0"},
				"down": {"uv": [6.025, 10.475, 6.475, 10.025], "rotation": 90, "texture": "#0"}
			}
		},
		{
			"from": [5.83025, 6.33951, 7.21296],
			"to": [7.33025, 6.83951, 8.71296],
			"faces": {
				"north": {"uv": [7.975, 9.525, 6.525, 9.975], "texture": "#0"},
				"east": {"uv": [7.975, 9.525, 7.525, 9.975], "texture": "#0"},
				"south": {"uv": [6.525, 9.525, 7.975, 9.975], "texture": "#0"},
				"west": {"uv": [6.525, 9.525, 6.975, 9.975], "texture": "#0"},
				"up": {"uv": [6.525, 9.525, 6.975, 9.975], "rotation": 270, "texture": "#0"},
				"down": {"uv": [6.525, 9.975, 6.975, 9.525], "rotation": 90, "texture": "#0"}
			}
		},
		{
			"from": [6.33025, 6.83951, 7.21296],
			"to": [7.83025, 7.33951, 8.71296],
			"faces": {
				"north": {"uv": [8.475, 9.025, 7.025, 9.475], "texture": "#0"},
				"east": {"uv": [8.475, 9.025, 8.025, 9.475], "texture": "#0"},
				"south": {"uv": [7.025, 9.025, 8.475, 9.475], "texture": "#0"},
				"west": {"uv": [7.025, 9.025, 7.475, 9.475], "texture": "#0"},
				"up": {"uv": [7.025, 9.025, 7.475, 9.475], "rotation": 270, "texture": "#0"},
				"down": {"uv": [7.025, 9.475, 7.475, 9.025], "rotation": 90, "texture": "#0"}
			}
		},
		{
			"from": [6.83025, 7.33951, 7.21296],
			"to": [8.33025, 7.83951, 8.71296],
			"faces": {
				"north": {"uv": [8.975, 8.525, 7.525, 8.975], "texture": "#0"},
				"east": {"uv": [8.975, 8.525, 8.525, 8.975], "texture": "#0"},
				"south": {"uv": [7.525, 8.525, 8.975, 8.975], "texture": "#0"},
				"west": {"uv": [7.525, 8.525, 7.975, 8.975], "texture": "#0"},
				"up": {"uv": [7.525, 8.525, 7.975, 8.975], "rotation": 270, "texture": "#0"},
				"down": {"uv": [7.525, 8.975, 7.975, 8.525], "rotation": 90, "texture": "#0"}
			}
		},
		{
			"from": [7.33025, 7.83951, 7.21296],
			"to": [8.83025, 8.33951, 8.71296],
			"faces": {
				"north": {"uv": [9.475, 8.025, 8.025, 8.475], "texture": "#0"},
				"east": {"uv": [9.475, 8.025, 9.025, 8.475], "texture": "#0"},
				"south": {"uv": [8.025, 8.025, 9.475, 8.475], "texture": "#0"},
				"west": {"uv": [8.025, 8.025, 8.475, 8.475], "texture": "#0"},
				"up": {"uv": [8.025, 8.025, 8.475, 8.475], "rotation": 270, "texture": "#0"},
				"down": {"uv": [8.025, 8.475, 8.475, 8.025], "rotation": 90, "texture": "#0"}
			}
		},
		{
			"from": [7.83025, 8.33951, 7.21296],
			"to": [9.33025, 8.83951, 8.71296],
			"faces": {
				"north": {"uv": [9.975, 7.525, 8.525, 7.975], "texture": "#0"},
				"east": {"uv": [9.975, 7.525, 9.525, 7.975], "texture": "#0"},
				"south": {"uv": [8.525, 7.525, 9.975, 7.975], "texture": "#0"},
				"west": {"uv": [8.525, 7.525, 8.975, 7.975], "texture": "#0"},
				"up": {"uv": [8.525, 7.525, 8.975, 7.975], "rotation": 270, "texture": "#0"},
				"down": {"uv": [8.525, 7.975, 8.975, 7.525], "rotation": 90, "texture": "#0"}
			}
		},
		{
			"from": [8.33025, 8.83951, 7.21296],
			"to": [9.83025, 9.33951, 8.71296],
			"faces": {
				"north": {"uv": [10.475, 7.025, 9.025, 7.475], "texture": "#0"},
				"east": {"uv": [10.475, 7.025, 10.025, 7.475], "texture": "#0"},
				"south": {"uv": [9.025, 7.025, 10.475, 7.475], "texture": "#0"},
				"west": {"uv": [9.025, 7.025, 9.475, 7.475], "texture": "#0"},
				"up": {"uv": [9.025, 7.025, 9.475, 7.475], "rotation": 270, "texture": "#0"},
				"down": {"uv": [9.025, 7.475, 9.475, 7.025], "rotation": 90, "texture": "#0"}
			}
		},
		{
			"from": [8.83025, 9.33951, 7.21296],
			"to": [9.33025, 9.83951, 8.71296],
			"faces": {
				"north": {"uv": [9.525, 6.525, 9.975, 6.975], "texture": "#0"},
				"east": {"uv": [9.525, 6.525, 9.975, 6.975], "texture": "#0"},
				"south": {"uv": [9.525, 6.525, 9.975, 6.975], "texture": "#0"},
				"west": {"uv": [9.525, 6.525, 9.975, 6.975], "texture": "#0"},
				"up": {"uv": [9.525, 6.525, 9.975, 6.975], "texture": "#0"}
			}
		},
		{
			"from": [1.33025, 2.33951, 7.71296],
			"to": [1.83025, 3.83951, 8.21296],
			"faces": {
				"north": {"uv": [2.475, 12.525, 2.025, 13.975], "texture": "#0"},
				"south": {"uv": [2.025, 12.525, 2.475, 13.975], "texture": "#0"},
				"west": {"uv": [2.025, 12.525, 2.475, 13.975], "texture": "#0"},
				"up": {"uv": [2.025, 12.525, 2.475, 12.975], "rotation": 270, "texture": "#0"},
				"down": {"uv": [2.025, 13.975, 2.475, 13.525], "rotation": 90, "texture": "#0"}
			}
		},
		{
			"from": [3.33025, 1.33951, 7.71296],
			"to": [3.83025, 2.83951, 8.21296],
			"faces": {
				"north": {"uv": [4.475, 13.525, 4.025, 14.975], "texture": "#0"},
				"east": {"uv": [4.475, 13.525, 4.025, 14.975], "texture": "#0"},
				"south": {"uv": [4.025, 13.525, 4.475, 14.975], "texture": "#0"},
				"down": {"uv": [4.025, 14.975, 4.475, 14.525], "rotation": 90, "texture": "#0"}
			}
		},
		{
			"from": [2.33025, 1.33951, 7.71296],
			"to": [3.33025, 1.83951, 8.21296],
			"faces": {
				"north": {"uv": [3.975, 14.525, 3.025, 14.975], "texture": "#0"},
				"south": {"uv": [3.025, 14.525, 3.975, 14.975], "texture": "#0"},
				"west": {"uv": [3.025, 14.525, 3.475, 14.975], "texture": "#0"},
				"down": {"uv": [3.025, 14.975, 3.475, 14.525], "rotation": 90, "texture": "#0"}
			}
		},
		{
			"from": [1.83025, 1.83951, 7.71296],
			"to": [2.33025, 2.33951, 8.21296],
			"faces": {
				"north": {"uv": [2.975, 14.025, 2.525, 14.475], "texture": "#0"},
				"south": {"uv": [2.525, 14.025, 2.975, 14.475], "texture": "#0"},
				"west": {"uv": [2.525, 14.025, 2.975, 14.475], "texture": "#0"},
				"down": {"uv": [2.525, 14.475, 2.975, 14.025], "rotation": 90, "texture": "#0"}
			}
		},
		{
			"from": [2.33025, 3.33951, 7.71296],
			"to": [2.83025, 3.83951, 8.21296],
			"faces": {
				"north": {"uv": [3.475, 12.525, 3.025, 12.975], "texture": "#0"},
				"south": {"uv": [3.025, 12.525, 3.475, 12.975], "texture": "#0"},
				"up": {"uv": [3.025, 12.525, 3.475, 12.975], "rotation": 270, "texture": "#0"}
			}
		},
		{
			"from": [2.83025, 3.83951, 7.71296],
			"to": [3.33025, 4.33951, 8.21296],
			"faces": {
				"north": {"uv": [3.475, 12.525, 3.025, 12.975], "texture": "#0"},
				"south": {"uv": [3.025, 12.525, 3.475, 12.975], "texture": "#0"},
				"west": {"uv": [3.025, 12.525, 3.475, 12.975], "texture": "#0"},
				"up": {"uv": [3.025, 12.525, 3.475, 12.975], "rotation": 270, "texture": "#0"}
			}
		},
		{
			"from": [3.33025, 4.33951, 7.71296],
			"to": [3.83025, 4.83951, 8.21296],
			"faces": {
				"north": {"uv": [3.475, 12.525, 3.025, 12.975], "texture": "#0"},
				"south": {"uv": [3.025, 12.525, 3.475, 12.975], "texture": "#0"},
				"west": {"uv": [3.025, 12.525, 3.475, 12.975], "texture": "#0"},
				"up": {"uv": [3.025, 12.525, 3.475, 12.975], "rotation": 270, "texture": "#0"}
			}
		},
		{
			"from": [3.83025, 4.83951, 7.71296],
			"to": [4.33025, 5.33951, 8.21296],
			"faces": {
				"north": {"uv": [3.475, 12.525, 3.025, 12.975], "texture": "#0"},
				"south": {"uv": [3.025, 12.525, 3.475, 12.975], "texture": "#0"},
				"west": {"uv": [3.025, 12.525, 3.475, 12.975], "texture": "#0"},
				"up": {"uv": [3.025, 12.525, 3.475, 12.975], "rotation": 270, "texture": "#0"}
			}
		},
		{
			"from": [4.83025, 5.83951, 7.71296],
			"to": [5.33025, 6.33951, 8.21296],
			"faces": {
				"north": {"uv": [3.475, 12.525, 3.025, 12.975], "texture": "#0"},
				"south": {"uv": [3.025, 12.525, 3.475, 12.975], "texture": "#0"},
				"west": {"uv": [3.025, 12.525, 3.475, 12.975], "texture": "#0"},
				"up": {"uv": [3.025, 12.525, 3.475, 12.975], "rotation": 270, "texture": "#0"}
			}
		},
		{
			"from": [4.33025, 5.33951, 7.71296],
			"to": [4.83025, 5.83951, 8.21296],
			"faces": {
				"north": {"uv": [3.475, 12.525, 3.025, 12.975], "texture": "#0"},
				"south": {"uv": [3.025, 12.525, 3.475, 12.975], "texture": "#0"},
				"west": {"uv": [3.025, 12.525, 3.475, 12.975], "texture": "#0"},
				"up": {"uv": [3.025, 12.525, 3.475, 12.975], "rotation": 270, "texture": "#0"}
			}
		},
		{
			"from": [5.33025, 6.33951, 7.71296],
			"to": [5.83025, 6.83951, 8.21296],
			"faces": {
				"north": {"uv": [3.475, 12.525, 3.025, 12.975], "texture": "#0"},
				"south": {"uv": [3.025, 12.525, 3.475, 12.975], "texture": "#0"},
				"west": {"uv": [3.025, 12.525, 3.475, 12.975], "texture": "#0"},
				"up": {"uv": [3.025, 12.525, 3.475, 12.975], "rotation": 270, "texture": "#0"}
			}
		},
		{
			"from": [5.83025, 6.83951, 7.71296],
			"to": [6.33025, 7.33951, 8.21296],
			"faces": {
				"north": {"uv": [3.475, 12.525, 3.025, 12.975], "texture": "#0"},
				"south": {"uv": [3.025, 12.525, 3.475, 12.975], "texture": "#0"},
				"west": {"uv": [3.025, 12.525, 3.475, 12.975], "texture": "#0"},
				"up": {"uv": [3.025, 12.525, 3.475, 12.975], "rotation": 270, "texture": "#0"}
			}
		},
		{
			"from": [6.33025, 7.33951, 7.71296],
			"to": [6.83025, 7.83951, 8.21296],
			"faces": {
				"north": {"uv": [3.475, 12.525, 3.025, 12.975], "texture": "#0"},
				"south": {"uv": [3.025, 12.525, 3.475, 12.975], "texture": "#0"},
				"west": {"uv": [3.025, 12.525, 3.475, 12.975], "texture": "#0"},
				"up": {"uv": [3.025, 12.525, 3.475, 12.975], "rotation": 270, "texture": "#0"}
			}
		},
		{
			"from": [6.83025, 7.83951, 7.71296],
			"to": [7.33025, 8.33951, 8.21296],
			"faces": {
				"north": {"uv": [3.475, 12.525, 3.025, 12.975], "texture": "#0"},
				"south": {"uv": [3.025, 12.525, 3.475, 12.975], "texture": "#0"},
				"west": {"uv": [3.025, 12.525, 3.475, 12.975], "texture": "#0"},
				"up": {"uv": [3.025, 12.525, 3.475, 12.975], "rotation": 270, "texture": "#0"}
			}
		},
		{
			"from": [7.33025, 8.33951, 7.71296],
			"to": [7.83025, 8.83951, 8.21296],
			"faces": {
				"north": {"uv": [3.475, 12.525, 3.025, 12.975], "texture": "#0"},
				"south": {"uv": [3.025, 12.525, 3.475, 12.975], "texture": "#0"},
				"west": {"uv": [3.025, 12.525, 3.475, 12.975], "texture": "#0"},
				"up": {"uv": [3.025, 12.525, 3.475, 12.975], "rotation": 270, "texture": "#0"}
			}
		},
		{
			"from": [7.83025, 8.83951, 7.71296],
			"to": [8.33025, 9.33951, 8.21296],
			"faces": {
				"north": {"uv": [3.475, 12.525, 3.025, 12.975], "texture": "#0"},
				"south": {"uv": [3.025, 12.525, 3.475, 12.975], "texture": "#0"},
				"west": {"uv": [3.025, 12.525, 3.475, 12.975], "texture": "#0"},
				"up": {"uv": [3.025, 12.525, 3.475, 12.975], "rotation": 270, "texture": "#0"}
			}
		},
		{
			"from": [8.33025, 9.33951, 7.71296],
			"to": [8.83025, 9.83951, 8.21296],
			"faces": {
				"north": {"uv": [3.475, 12.525, 3.025, 12.975], "texture": "#0"},
				"south": {"uv": [3.025, 12.525, 3.475, 12.975], "texture": "#0"},
				"west": {"uv": [3.025, 12.525, 3.475, 12.975], "texture": "#0"},
				"up": {"uv": [3.025, 12.525, 3.475, 12.975], "rotation": 270, "texture": "#0"}
			}
		},
		{
			"from": [1.83025, 3.33951, 7.71296],
			"to": [2.33025, 3.83951, 8.21296],
			"faces": {
				"north": {"uv": [2.975, 12.525, 2.525, 12.975], "texture": "#0"},
				"south": {"uv": [2.525, 12.525, 2.975, 12.975], "texture": "#0"},
				"up": {"uv": [2.525, 12.525, 2.975, 12.975], "rotation": 270, "texture": "#0"}
			}
		},
		{
			"from": [3.83025, 2.83951, 7.71296],
			"to": [4.33025, 3.33951, 8.21296],
			"faces": {
				"north": {"uv": [4.975, 13.025, 4.525, 13.475], "texture": "#0"},
				"east": {"uv": [4.975, 13.025, 4.525, 13.475], "texture": "#0"},
				"south": {"uv": [4.525, 13.025, 4.975, 13.475], "texture": "#0"},
				"down": {"uv": [4.525, 13.475, 4.975, 13.025], "rotation": 90, "texture": "#0"}
			}
		},
		{
			"from": [4.33025, 3.33951, 7.71296],
			"to": [4.83025, 3.83951, 8.21296],
			"faces": {
				"north": {"uv": [4.975, 13.025, 4.525, 13.475], "texture": "#0"},
				"east": {"uv": [4.975, 13.025, 4.525, 13.475], "texture": "#0"},
				"south": {"uv": [4.525, 13.025, 4.975, 13.475], "texture": "#0"},
				"down": {"uv": [4.525, 13.475, 4.975, 13.025], "rotation": 90, "texture": "#0"}
			}
		},
		{
			"from": [4.83025, 3.83951, 7.71296],
			"to": [5.33025, 4.33951, 8.21296],
			"faces": {
				"north": {"uv": [4.975, 13.025, 4.525, 13.475], "texture": "#0"},
				"east": {"uv": [4.975, 13.025, 4.525, 13.475], "texture": "#0"},
				"south": {"uv": [4.525, 13.025, 4.975, 13.475], "texture": "#0"},
				"down": {"uv": [4.525, 13.475, 4.975, 13.025], "rotation": 90, "texture": "#0"}
			}
		},
		{
			"from": [5.33025, 4.33951, 7.71296],
			"to": [5.83025, 4.83951, 8.21296],
			"faces": {
				"north": {"uv": [4.975, 13.025, 4.525, 13.475], "texture": "#0"},
				"east": {"uv": [4.975, 13.025, 4.525, 13.475], "texture": "#0"},
				"south": {"uv": [4.525, 13.025, 4.975, 13.475], "texture": "#0"},
				"down": {"uv": [4.525, 13.475, 4.975, 13.025], "rotation": 90, "texture": "#0"}
			}
		},
		{
			"from": [5.83025, 4.83951, 7.71296],
			"to": [6.33025, 5.33951, 8.21296],
			"faces": {
				"north": {"uv": [4.975, 13.025, 4.525, 13.475], "texture": "#0"},
				"east": {"uv": [4.975, 13.025, 4.525, 13.475], "texture": "#0"},
				"south": {"uv": [4.525, 13.025, 4.975, 13.475], "texture": "#0"},
				"down": {"uv": [4.525, 13.475, 4.975, 13.025], "rotation": 90, "texture": "#0"}
			}
		},
		{
			"from": [6.33025, 5.33951, 7.71296],
			"to": [6.83025, 5.83951, 8.21296],
			"faces": {
				"north": {"uv": [4.975, 13.025, 4.525, 13.475], "texture": "#0"},
				"east": {"uv": [4.975, 13.025, 4.525, 13.475], "texture": "#0"},
				"south": {"uv": [4.525, 13.025, 4.975, 13.475], "texture": "#0"},
				"down": {"uv": [4.525, 13.475, 4.975, 13.025], "rotation": 90, "texture": "#0"}
			}
		},
		{
			"from": [6.83025, 5.83951, 7.71296],
			"to": [7.33025, 6.33951, 8.21296],
			"faces": {
				"north": {"uv": [4.975, 13.025, 4.525, 13.475], "texture": "#0"},
				"east": {"uv": [4.975, 13.025, 4.525, 13.475], "texture": "#0"},
				"south": {"uv": [4.525, 13.025, 4.975, 13.475], "texture": "#0"},
				"down": {"uv": [4.525, 13.475, 4.975, 13.025], "rotation": 90, "texture": "#0"}
			}
		},
		{
			"from": [7.33025, 6.33951, 7.71296],
			"to": [7.83025, 6.83951, 8.21296],
			"faces": {
				"north": {"uv": [4.975, 13.025, 4.525, 13.475], "texture": "#0"},
				"east": {"uv": [4.975, 13.025, 4.525, 13.475], "texture": "#0"},
				"south": {"uv": [4.525, 13.025, 4.975, 13.475], "texture": "#0"},
				"down": {"uv": [4.525, 13.475, 4.975, 13.025], "rotation": 90, "texture": "#0"}
			}
		},
		{
			"from": [7.83025, 6.83951, 7.71296],
			"to": [8.33025, 7.33951, 8.21296],
			"faces": {
				"north": {"uv": [4.975, 13.025, 4.525, 13.475], "texture": "#0"},
				"east": {"uv": [4.975, 13.025, 4.525, 13.475], "texture": "#0"},
				"south": {"uv": [4.525, 13.025, 4.975, 13.475], "texture": "#0"},
				"down": {"uv": [4.525, 13.475, 4.975, 13.025], "rotation": 90, "texture": "#0"}
			}
		},
		{
			"from": [8.33025, 7.33951, 7.71296],
			"to": [8.83025, 7.83951, 8.21296],
			"faces": {
				"north": {"uv": [4.975, 13.025, 4.525, 13.475], "texture": "#0"},
				"east": {"uv": [4.975, 13.025, 4.525, 13.475], "texture": "#0"},
				"south": {"uv": [4.525, 13.025, 4.975, 13.475], "texture": "#0"},
				"down": {"uv": [4.525, 13.475, 4.975, 13.025], "rotation": 90, "texture": "#0"}
			}
		},
		{
			"from": [8.83025, 7.83951, 7.71296],
			"to": [9.33025, 8.33951, 8.21296],
			"faces": {
				"north": {"uv": [4.975, 13.025, 4.525, 13.475], "texture": "#0"},
				"east": {"uv": [4.975, 13.025, 4.525, 13.475], "texture": "#0"},
				"south": {"uv": [4.525, 13.025, 4.975, 13.475], "texture": "#0"},
				"down": {"uv": [4.525, 13.475, 4.975, 13.025], "rotation": 90, "texture": "#0"}
			}
		},
		{
			"from": [9.33025, 8.33951, 7.71296],
			"to": [9.83025, 8.83951, 8.21296],
			"faces": {
				"north": {"uv": [4.975, 13.025, 4.525, 13.475], "texture": "#0"},
				"east": {"uv": [4.975, 13.025, 4.525, 13.475], "texture": "#0"},
				"south": {"uv": [4.525, 13.025, 4.975, 13.475], "texture": "#0"},
				"down": {"uv": [4.525, 13.475, 4.975, 13.025], "rotation": 90, "texture": "#0"}
			}
		},
		{
			"from": [8.33025, 10.33951, 7.21296],
			"to": [8.83025, 10.83951, 8.71296],
			"faces": {
				"north": {"uv": [9.025, 5.525, 9.475, 5.975], "texture": "#0"},
				"east": {"uv": [9.025, 5.525, 9.475, 5.975], "texture": "#0"},
				"south": {"uv": [9.025, 5.525, 9.475, 5.975], "texture": "#0"},
				"west": {"uv": [9.025, 5.525, 9.475, 5.975], "texture": "#0"},
				"up": {"uv": [9.025, 5.525, 9.475, 5.975], "texture": "#0"},
				"down": {"uv": [9.025, 5.525, 9.475, 5.975], "texture": "#0"}
			}
		},
		{
			"from": [7.83025, 10.83951, 7.21296],
			"to": [8.33025, 11.33951, 8.71296],
			"faces": {
				"north": {"uv": [8.525, 5.025, 8.975, 5.475], "texture": "#0"},
				"east": {"uv": [8.525, 5.025, 8.975, 5.475], "texture": "#0"},
				"south": {"uv": [8.525, 5.025, 8.975, 5.475], "texture": "#0"},
				"west": {"uv": [8.525, 5.025, 8.975, 5.475], "texture": "#0"},
				"up": {"uv": [8.525, 5.025, 8.975, 5.475], "texture": "#0"},
				"down": {"uv": [8.525, 5.025, 8.975, 5.475], "texture": "#0"}
			}
		},
		{
			"from": [8.33025, 11.33951, 7.21296],
			"to": [8.83025, 11.83951, 8.71296],
			"faces": {
				"north": {"uv": [9.025, 4.525, 9.475, 4.975], "texture": "#0"},
				"east": {"uv": [9.025, 4.525, 9.475, 4.975], "texture": "#0"},
				"south": {"uv": [9.025, 4.525, 9.475, 4.975], "texture": "#0"},
				"west": {"uv": [9.025, 4.525, 9.475, 4.975], "texture": "#0"},
				"up": {"uv": [9.025, 4.525, 9.475, 4.975], "texture": "#0"},
				"down": {"uv": [9.025, 4.525, 9.475, 4.975], "texture": "#0"}
			}
		},
		{
			"from": [8.83025, 11.83951, 7.21296],
			"to": [9.33025, 12.33951, 8.71296],
			"faces": {
				"north": {"uv": [9.525, 4.025, 9.975, 4.475], "texture": "#0"},
				"east": {"uv": [9.525, 4.025, 9.975, 4.475], "texture": "#0"},
				"south": {"uv": [9.525, 4.025, 9.975, 4.475], "texture": "#0"},
				"west": {"uv": [9.525, 4.025, 9.975, 4.475], "texture": "#0"},
				"up": {"uv": [9.525, 4.025, 9.975, 4.475], "texture": "#0"},
				"down": {"uv": [9.525, 4.025, 9.975, 4.475], "texture": "#0"}
			}
		},
		{
			"from": [9.33025, 12.33951, 7.21296],
			"to": [9.83025, 12.83951, 8.71296],
			"faces": {
				"north": {"uv": [10.025, 3.525, 10.475, 3.975], "texture": "#0"},
				"east": {"uv": [10.025, 3.525, 10.475, 3.975], "texture": "#0"},
				"south": {"uv": [10.025, 3.525, 10.475, 3.975], "texture": "#0"},
				"west": {"uv": [10.025, 3.525, 10.475, 3.975], "texture": "#0"},
				"up": {"uv": [10.025, 3.525, 10.475, 3.975], "texture": "#0"},
				"down": {"uv": [10.025, 3.525, 10.475, 3.975], "texture": "#0"}
			}
		},
		{
			"from": [9.83025, 12.83951, 7.21296],
			"to": [10.33025, 13.33951, 8.71296],
			"faces": {
				"north": {"uv": [10.525, 3.025, 10.975, 3.475], "texture": "#0"},
				"east": {"uv": [10.525, 3.025, 10.975, 3.475], "texture": "#0"},
				"south": {"uv": [10.525, 3.025, 10.975, 3.475], "texture": "#0"},
				"west": {"uv": [10.525, 3.025, 10.975, 3.475], "texture": "#0"},
				"up": {"uv": [10.525, 3.025, 10.975, 3.475], "texture": "#0"},
				"down": {"uv": [10.525, 3.025, 10.975, 3.475], "texture": "#0"}
			}
		},
		{
			"from": [8.83025, 9.83951, 7.71296],
			"to": [9.33025, 10.33951, 8.21296],
			"faces": {
				"north": {"uv": [9.975, 6.025, 9.525, 6.475], "texture": "#0"},
				"south": {"uv": [9.525, 6.025, 9.975, 6.475], "texture": "#0"},
				"west": {"uv": [9.525, 6.025, 9.975, 6.475], "texture": "#0"}
			}
		},
		{
			"from": [9.33025, 9.33951, 7.21296],
			"to": [9.83025, 9.83951, 8.71296],
			"faces": {
				"north": {"uv": [10.025, 6.525, 10.475, 6.975], "texture": "#0"},
				"east": {"uv": [10.025, 6.525, 10.475, 6.975], "texture": "#0"},
				"south": {"uv": [10.025, 6.525, 10.475, 6.975], "texture": "#0"},
				"up": {"uv": [10.025, 6.525, 10.475, 6.975], "texture": "#0"}
			}
		},
		{
			"from": [9.83025, 8.83951, 7.71296],
			"to": [10.33025, 9.33951, 8.21296],
			"faces": {
				"north": {"uv": [10.975, 7.025, 10.525, 7.475], "texture": "#0"},
				"south": {"uv": [10.525, 7.025, 10.975, 7.475], "texture": "#0"},
				"down": {"uv": [10.525, 7.475, 10.975, 7.025], "rotation": 90, "texture": "#0"}
			}
		},
		{
			"from": [10.33025, 8.33951, 7.21296],
			"to": [10.83025, 8.83951, 8.71296],
			"faces": {
				"north": {"uv": [11.025, 7.525, 11.475, 7.975], "texture": "#0"},
				"east": {"uv": [11.025, 7.525, 11.475, 7.975], "texture": "#0"},
				"south": {"uv": [11.025, 7.525, 11.475, 7.975], "texture": "#0"},
				"west": {"uv": [11.025, 7.525, 11.475, 7.975], "texture": "#0"},
				"up": {"uv": [11.025, 7.525, 11.475, 7.975], "texture": "#0"},
				"down": {"uv": [11.025, 7.525, 11.475, 7.975], "texture": "#0"}
			}
		},
		{
			"from": [10.83025, 7.83951, 7.21296],
			"to": [11.33025, 8.33951, 8.71296],
			"faces": {
				"north": {"uv": [11.525, 8.025, 11.975, 8.475], "texture": "#0"},
				"east": {"uv": [11.525, 8.025, 11.975, 8.475], "texture": "#0"},
				"south": {"uv": [11.525, 8.025, 11.975, 8.475], "texture": "#0"},
				"west": {"uv": [11.525, 8.025, 11.975, 8.475], "texture": "#0"},
				"up": {"uv": [11.525, 8.025, 11.975, 8.475], "texture": "#0"},
				"down": {"uv": [11.525, 8.025, 11.975, 8.475], "texture": "#0"}
			}
		},
		{
			"from": [11.33025, 8.33951, 7.21296],
			"to": [11.83025, 8.83951, 8.71296],
			"faces": {
				"north": {"uv": [12.025, 7.525, 12.475, 7.975], "texture": "#0"},
				"east": {"uv": [12.025, 7.525, 12.475, 7.975], "texture": "#0"},
				"south": {"uv": [12.025, 7.525, 12.475, 7.975], "texture": "#0"},
				"west": {"uv": [12.025, 7.525, 12.475, 7.975], "texture": "#0"},
				"up": {"uv": [12.025, 7.525, 12.475, 7.975], "texture": "#0"},
				"down": {"uv": [12.025, 7.525, 12.475, 7.975], "texture": "#0"}
			}
		},
		{
			"from": [11.83025, 8.83951, 7.21296],
			"to": [12.33025, 9.33951, 8.71296],
			"faces": {
				"north": {"uv": [12.525, 7.025, 12.975, 7.475], "texture": "#0"},
				"east": {"uv": [12.525, 7.025, 12.975, 7.475], "texture": "#0"},
				"south": {"uv": [12.525, 7.025, 12.975, 7.475], "texture": "#0"},
				"west": {"uv": [12.525, 7.025, 12.975, 7.475], "texture": "#0"},
				"up": {"uv": [12.525, 7.025, 12.975, 7.475], "texture": "#0"},
				"down": {"uv": [12.525, 7.025, 12.975, 7.475], "texture": "#0"}
			}
		},
		{
			"from": [12.33025, 9.33951, 7.21296],
			"to": [12.83025, 9.83951, 8.71296],
			"faces": {
				"north": {"uv": [13.025, 6.525, 13.475, 6.975], "texture": "#0"},
				"east": {"uv": [13.025, 6.525, 13.475, 6.975], "texture": "#0"},
				"south": {"uv": [13.025, 6.525, 13.475, 6.975], "texture": "#0"},
				"west": {"uv": [13.025, 6.525, 13.475, 6.975], "texture": "#0"},
				"up": {"uv": [13.025, 6.525, 13.475, 6.975], "texture": "#0"},
				"down": {"uv": [13.025, 6.525, 13.475, 6.975], "texture": "#0"}
			}
		},
		{
			"from": [12.83025, 9.83951, 7.21296],
			"to": [13.33025, 10.33951, 8.71296],
			"faces": {
				"north": {"uv": [13.525, 6.025, 13.975, 6.475], "texture": "#0"},
				"east": {"uv": [13.525, 6.025, 13.975, 6.475], "texture": "#0"},
				"south": {"uv": [13.525, 6.025, 13.975, 6.475], "texture": "#0"},
				"west": {"uv": [13.525, 6.025, 13.975, 6.475], "texture": "#0"},
				"up": {"uv": [13.525, 6.025, 13.975, 6.475], "texture": "#0"},
				"down": {"uv": [13.525, 6.025, 13.975, 6.475], "texture": "#0"}
			}
		},
		{
			"from": [8.83025, 10.33951, 7.46296],
			"to": [9.33025, 11.83951, 8.46296],
			"faces": {
				"north": {"uv": [9.525, 4.525, 9.975, 5.975], "texture": "#0"},
				"south": {"uv": [9.525, 4.525, 9.975, 5.975], "texture": "#0"},
				"down": {"uv": [9.525, 5.975, 9.975, 5.525], "rotation": 90, "texture": "#0"}
			}
		},
		{
			"from": [9.33025, 9.83951, 7.46296],
			"to": [9.83025, 11.33951, 8.46296],
			"faces": {
				"north": {"uv": [10.475, 5.025, 10.025, 6.475], "texture": "#0"},
				"south": {"uv": [10.025, 5.025, 10.475, 6.475], "texture": "#0"},
				"west": {"uv": [10.025, 5.025, 10.475, 6.475], "texture": "#0"}
			}
		},
		{
			"from": [10.33025, 8.83951, 7.46296],
			"to": [11.83025, 9.33951, 8.46296],
			"faces": {
				"north": {"uv": [11.025, 7.025, 12.475, 7.475], "rotation": 180, "texture": "#0"},
				"south": {"uv": [11.025, 7.025, 12.475, 7.475], "texture": "#0"},
				"west": {"uv": [11.025, 7.025, 11.475, 7.475], "texture": "#0"}
			}
		},
		{
			"from": [10.83025, 8.33951, 7.46296],
			"to": [11.33025, 8.83951, 8.46296],
			"faces": {
				"north": {"uv": [11.525, 7.525, 11.975, 7.975], "texture": "#0"},
				"south": {"uv": [11.525, 7.525, 11.975, 7.975], "texture": "#0"}
			}
		},
		{
			"from": [9.83025, 9.33951, 7.46296],
			"to": [11.33025, 9.83951, 8.46296],
			"faces": {
				"north": {"uv": [11.975, 6.525, 10.525, 6.975], "texture": "#0"},
				"south": {"uv": [10.525, 6.525, 11.975, 6.975], "texture": "#0"},
				"down": {"uv": [10.525, 6.975, 10.975, 6.525], "rotation": 90, "texture": "#0"}
			}
		},
		{
			"from": [9.83025, 9.83951, 7.46296],
			"to": [10.33025, 10.33951, 8.46296],
			"faces": {
				"north": {"uv": [10.975, 6.025, 10.525, 6.475], "texture": "#0"},
				"south": {"uv": [10.525, 6.025, 10.975, 6.475], "texture": "#0"}
			}
		},
		{
			"from": [8.33025, 10.83951, 7.46296],
			"to": [8.83025, 11.33951, 8.46296],
			"faces": {
				"north": {"uv": [9.025, 5.025, 9.475, 5.475], "texture": "#0"},
				"south": {"uv": [9.025, 5.025, 9.475, 5.475], "texture": "#0"}
			}
		},
		{
			"from": [9.33025, 11.33951, 7.46296],
			"to": [9.83025, 12.33951, 8.46296],
			"faces": {
				"north": {"uv": [10.025, 4.025, 10.475, 4.975], "texture": "#0"},
				"south": {"uv": [10.025, 4.025, 10.475, 4.975], "texture": "#0"}
			}
		},
		{
			"from": [9.83025, 10.33951, 7.46296],
			"to": [10.33025, 11.33951, 8.46296],
			"faces": {
				"north": {"uv": [10.975, 5.025, 10.525, 5.975], "texture": "#0"},
				"south": {"uv": [10.525, 5.025, 10.975, 5.975], "texture": "#0"}
			}
		},
		{
			"from": [10.33025, 9.83951, 7.46296],
			"to": [11.33025, 10.33951, 8.46296],
			"faces": {
				"north": {"uv": [11.975, 6.025, 11.025, 6.475], "texture": "#0"},
				"south": {"uv": [11.025, 6.025, 11.975, 6.475], "texture": "#0"}
			}
		},
		{
			"from": [11.33025, 9.33951, 7.46296],
			"to": [12.33025, 9.83951, 8.46296],
			"faces": {
				"north": {"uv": [12.025, 6.525, 12.975, 6.975], "rotation": 180, "texture": "#0"},
				"south": {"uv": [12.025, 6.525, 12.975, 6.975], "texture": "#0"}
			}
		},
		{
			"from": [10.33025, 11.33951, 7.46296],
			"to": [13.33025, 13.33951, 8.46296],
			"faces": {
				"north": {"uv": [13.975, 3.025, 11.025, 4.975], "texture": "#0"},
				"south": {"uv": [11.025, 3.025, 13.975, 4.975], "texture": "#0"}
			}
		},
		{
			"from": [11.33025, 9.83951, 7.46296],
			"to": [12.83025, 10.33951, 8.46296],
			"faces": {
				"north": {"uv": [12.025, 6.025, 13.475, 6.475], "rotation": 180, "texture": "#0"},
				"south": {"uv": [12.025, 6.025, 13.475, 6.475], "texture": "#0"}
			}
		},
		{
			"from": [10.33025, 10.33951, 7.46296],
			"to": [11.33025, 10.83951, 8.46296],
			"faces": {
				"north": {"uv": [11.975, 5.525, 11.025, 5.975], "texture": "#0"},
				"south": {"uv": [11.025, 5.525, 11.975, 5.975], "texture": "#0"}
			}
		},
		{
			"from": [10.33025, 10.83951, 7.46296],
			"to": [10.83025, 11.33951, 8.46296],
			"faces": {
				"north": {"uv": [11.475, 5.025, 11.025, 5.475], "texture": "#0"},
				"south": {"uv": [11.025, 5.025, 11.475, 5.475], "texture": "#0"}
			}
		},
		{
			"from": [9.83025, 11.33951, 7.46296],
			"to": [10.33025, 12.83951, 8.46296],
			"faces": {
				"north": {"uv": [10.525, 3.525, 10.975, 4.975], "texture": "#0"},
				"south": {"uv": [10.525, 3.525, 10.975, 4.975], "texture": "#0"}
			}
		},
		{
			"from": [11.33025, 10.33951, 7.46296],
			"to": [13.33025, 10.83951, 8.46296],
			"faces": {
				"north": {"uv": [13.975, 5.525, 12.025, 5.975], "texture": "#0"},
				"south": {"uv": [12.025, 5.525, 13.975, 5.975], "texture": "#0"}
			}
		},
		{
			"from": [10.83025, 13.83951, 7.21296],
			"to": [12.83025, 14.33951, 8.71296],
			"faces": {
				"north": {"uv": [11.525, 2.025, 13.475, 2.475], "rotation": 270, "texture": "#0"},
				"east": {"uv": [13.025, 2.025, 13.475, 2.475], "rotation": 270, "texture": "#0"},
				"south": {"uv": [11.525, 2.025, 13.475, 2.475], "rotation": 270, "texture": "#0"},
				"west": {"uv": [11.525, 2.025, 11.975, 2.475], "rotation": 270, "texture": "#0"},
				"up": {"uv": [11.525, 2.025, 13.475, 2.475], "rotation": 270, "texture": "#0"},
				"down": {"uv": [11.525, 2.025, 13.475, 2.475], "rotation": 270, "texture": "#0"}
			}
		},
		{
			"from": [13.33025, 11.33951, 7.46296],
			"to": [13.83025, 12.83951, 8.46296],
			"faces": {
				"north": {"uv": [14.475, 3.525, 14.025, 4.975], "texture": "#0"},
				"south": {"uv": [14.025, 3.525, 14.475, 4.975], "texture": "#0"}
			}
		},
		{
			"from": [13.83025, 10.83951, 7.21296],
			"to": [14.33025, 12.83951, 8.71296],
			"faces": {
				"north": {"uv": [14.975, 3.525, 14.525, 4.975], "texture": "#0"},
				"east": {"uv": [14.975, 3.525, 14.525, 4.975], "texture": "#0"},
				"south": {"uv": [14.525, 3.525, 14.975, 5.475], "texture": "#0"},
				"west": {"uv": [14.525, 3.525, 14.975, 4.975], "texture": "#0"},
				"up": {"uv": [14.525, 3.525, 14.975, 3.975], "rotation": 270, "texture": "#0"},
				"down": {"uv": [14.525, 5.025, 14.975, 5.475], "texture": "#0"}
			}
		},
		{
			"from": [10.83025, 10.83951, 7.46296],
			"to": [13.83025, 11.33951, 8.46296],
			"faces": {
				"north": {"uv": [14.475, 5.025, 11.525, 5.475], "texture": "#0"},
				"south": {"uv": [11.525, 5.025, 14.475, 5.475], "texture": "#0"}
			}
		},
		{
			"from": [13.33025, 12.83951, 7.21296],
			"to": [13.83025, 13.33951, 8.71296],
			"faces": {
				"north": {"uv": [14.475, 3.025, 14.025, 3.475], "texture": "#0"},
				"east": {"uv": [14.475, 3.025, 14.025, 3.475], "texture": "#0"},
				"south": {"uv": [14.025, 3.025, 14.475, 3.475], "texture": "#0"},
				"west": {"uv": [14.025, 3.025, 14.475, 3.475], "texture": "#0"},
				"up": {"uv": [14.025, 3.025, 14.475, 3.475], "rotation": 270, "texture": "#0"},
				"down": {"uv": [14.025, 3.475, 14.475, 3.025], "rotation": 90, "texture": "#0"}
			}
		},
		{
			"from": [10.83025, 13.33951, 7.46296],
			"to": [12.83025, 13.83951, 8.46296],
			"faces": {
				"north": {"uv": [13.475, 2.525, 11.525, 2.975], "texture": "#0"},
				"south": {"uv": [11.525, 2.525, 13.475, 2.975], "texture": "#0"}
			}
		},
		{
			"from": [12.83025, 13.33951, 7.21296],
			"to": [13.33025, 13.83951, 8.71296],
			"faces": {
				"north": {"uv": [13.975, 2.525, 13.525, 2.975], "texture": "#0"},
				"east": {"uv": [13.975, 2.525, 13.525, 2.975], "texture": "#0"},
				"south": {"uv": [13.525, 2.525, 13.975, 2.975], "texture": "#0"},
				"west": {"uv": [13.525, 2.525, 13.975, 2.975], "texture": "#0"},
				"up": {"uv": [13.525, 2.525, 13.975, 2.975], "rotation": 270, "texture": "#0"},
				"down": {"uv": [13.525, 2.975, 13.975, 2.525], "rotation": 90, "texture": "#0"}
			}
		},
		{
			"from": [10.33025, 13.33951, 7.21296],
			"to": [10.83025, 13.83951, 8.71296],
			"faces": {
				"north": {"uv": [11.025, 2.525, 11.475, 2.975], "texture": "#0"},
				"east": {"uv": [11.025, 2.525, 11.475, 2.975], "texture": "#0"},
				"south": {"uv": [11.025, 2.525, 11.475, 2.975], "texture": "#0"},
				"west": {"uv": [11.025, 2.525, 11.475, 2.975], "texture": "#0"},
				"up": {"uv": [11.025, 2.525, 11.475, 2.975], "texture": "#0"},
				"down": {"uv": [11.025, 2.525, 11.475, 2.975], "texture": "#0"}
			}
		},
		{
			"from": [13.33025, 10.33951, 7.21296],
			"to": [13.83025, 10.83951, 8.71296],
			"faces": {
				"north": {"uv": [14.025, 5.525, 14.475, 5.975], "texture": "#0"},
				"east": {"uv": [14.025, 5.525, 14.475, 5.975], "texture": "#0"},
				"south": {"uv": [14.025, 5.525, 14.475, 5.975], "texture": "#0"},
				"west": {"uv": [14.025, 5.525, 14.475, 5.975], "texture": "#0"},
				"up": {"uv": [14.025, 5.525, 14.475, 5.975], "texture": "#0"},
				"down": {"uv": [14.025, 5.525, 14.475, 5.975], "texture": "#0"}
			}
		}
	],
	"display": {
		"thirdperson_righthand": {
			"rotation": [0, -90, 55],
			"translation": [0, 4, 0.5],
			"scale": [0.85, 0.85, 0.85]
		},
		"thirdperson_lefthand": {
			"rotation": [0, -90, 55],
			"translation": [0, 4, 0.5],
			"scale": [-0.85, 0.85, 0.85]
		},
		"firstperson_righthand": {
			"rotation": [0, -90, 25],
			"translation": [1.13, 3.2, 1.13],
			"scale": [0.68, 0.68, 0.68]
		},
		"firstperson_lefthand": {
			"rotation": [0, -90, 25],
			"translation": [1.13, 3.2, 1.13],
			"scale": [-0.68, 0.68, 0.68]
		},
		"ground": {
			"translation": [0, 2, 0],
			"scale": [0.5, 0.5, 0.5]
		},
		"head": {
			"rotation": [0, 180, 0],
			"translation": [0, 13, 7]
		},
		"fixed": {
			"rotation": [0, 180, 0]
		}
	},
	"groups": [
		{
			"name": "model_shovel",
			"origin": [8, 8, 8],
			"children": [0, 1, 2, 3, 4, 5, 6, 7, 8, 9, 10, 11, 12, 13, 14, 15, 16, 17, 18, 19, 20, 21, 22, 23, 24, 25, 26, 27, 28, 29, 30, 31, 32, 33, 34, 35, 36, 37, 38, 39, 40, 41, 42, 43, 44, 45, 46, 47, 48, 49, 50, 51, 52, 53, 54, 55, 56, 57, 58, 59, 60, 61, 62, 63, 64, 65, 66, 67, 68, 69, 70, 71, 72, 73, 74, 75, 76, 77, 78, 79, 80, 81, 82, 83, 84, 85, 86]
		}
	]
}