{
	"credit": "Made with Blockbench",
	"textures": {
		"0": "item/diamond_pickaxe",
		"particle": "item/diamond_pickaxe"
	},
	"elements": [
		{
			"from": [4.54775, 13.54775, 7.75],
			"to": [9.54775, 14.04775, 8.25],
			"faces": {
				"north": {"uv": [10.5, 2, 5.5, 2.5], "texture": "#0"},
				"east": {"uv": [10.5, 2, 10, 2.5], "texture": "#0"},
				"south": {"uv": [5.5, 2, 10.5, 2.5], "texture": "#0"},
				"west": {"uv": [5.5, 2, 6, 2.5], "texture": "#0"},
				"up": {"uv": [5.5, 2, 6, 2.5], "rotation": 270, "texture": "#0"}
			}
		},
		{
			"from": [5.04775, 12.04775, 7.75],
			"to": [9.04775, 12.54775, 8.25],
			"faces": {
				"north": {"uv": [10, 3.5, 6, 4], "texture": "#0"},
				"south": {"uv": [6, 3.5, 10, 4], "texture": "#0"},
				"west": {"uv": [6, 3.5, 6.5, 4], "texture": "#0"},
				"down": {"uv": [6, 4, 6.5, 3.5], "rotation": 90, "texture": "#0"}
			}
		},
		{
			"from": [9.04775, 11.54775, 7.75],
			"to": [10.04775, 12.04775, 8.25],
			"faces": {
				"north": {"uv": [11, 4, 10, 4.5], "texture": "#0"},
				"south": {"uv": [10, 4, 11, 4.5], "texture": "#0"},
				"west": {"uv": [10, 4, 10.5, 4.5], "texture": "#0"},
				"down": {"uv": [10, 4.5, 10.5, 4], "rotation": 90, "texture": "#0"}
			}
		},
		{
			"from": [9.54775, 13.04775, 7.75],
			"to": [11.04775, 13.54775, 8.25],
			"faces": {
				"north": {"uv": [12, 2.5, 10.5, 3], "texture": "#0"},
				"east": {"uv": [12, 2.5, 11.5, 3], "texture": "#0"},
				"south": {"uv": [10.5, 2.5, 12, 3], "texture": "#0"},
				"up": {"uv": [10.5, 2.5, 11, 3], "rotation": 270, "texture": "#0"}
			}
		},
		{
			"from": [4.04775, 13.04775, 7.75],
			"to": [4.54775, 13.54775, 8.25],
			"faces": {
				"north": {"uv": [5.5, 2.5, 5, 3], "texture": "#0"},
				"south": {"uv": [5, 2.5, 5.5, 3], "texture": "#0"},
				"west": {"uv": [5, 2.5, 5.5, 3], "texture": "#0"},
				"up": {"uv": [5, 2.5, 5.5, 3], "rotation": 270, "texture": "#0"},
				"down": {"uv": [5, 3, 5.5, 2.5], "rotation": 90, "texture": "#0"}
			}
		},
		{
			"from": [4.54775, 12.54775, 7.75],
			"to": [5.04775, 13.04775, 8.25],
			"faces": {
				"north": {"uv": [6, 3, 5.5, 3.5], "texture": "#0"},
				"south": {"uv": [5.5, 3, 6, 3.5], "texture": "#0"},
				"west": {"uv": [5.5, 3, 6, 3.5], "texture": "#0"},
				"down": {"uv": [5.5, 3.5, 6, 3], "rotation": 90, "texture": "#0"}
			}
		},
		{
			"from": [12.54775, 11.04775, 7.75],
			"to": [13.04775, 11.54775, 8.25],
			"faces": {
				"north": {"uv": [14, 4.5, 13.5, 5], "texture": "#0"},
				"east": {"uv": [14, 4.5, 13.5, 5], "texture": "#0"},
				"south": {"uv": [13.5, 4.5, 14, 5], "texture": "#0"}
			}
		},
		{
			"from": [13.04775, 9.54775, 7.75],
			"to": [13.54775, 11.04775, 8.25],
			"faces": {
				"north": {"uv": [14.5, 5, 14, 6.5], "texture": "#0"},
				"east": {"uv": [14.5, 5, 14, 6.5], "texture": "#0"},
				"south": {"uv": [14, 5, 14.5, 6.5], "texture": "#0"},
				"up": {"uv": [14, 5, 14.5, 5.5], "rotation": 270, "texture": "#0"}
			}
		},
		{
			"from": [13.54775, 4.54775, 7.75],
			"to": [14.04775, 9.54775, 8.25],
			"faces": {
				"north": {"uv": [15, 6.5, 14.5, 11.5], "texture": "#0"},
				"east": {"uv": [15, 6.5, 14.5, 11.5], "texture": "#0"},
				"south": {"uv": [14.5, 6.5, 15, 11.5], "texture": "#0"},
				"up": {"uv": [14.5, 6.5, 15, 7], "rotation": 270, "texture": "#0"},
				"down": {"uv": [14.5, 11.5, 15, 11], "rotation": 90, "texture": "#0"}
			}
		},
		{
			"from": [13.04775, 4.04775, 7.75],
			"to": [13.54775, 4.54775, 8.25],
			"faces": {
				"north": {"uv": [14.5, 11.5, 14, 12], "texture": "#0"},
				"east": {"uv": [14.5, 11.5, 14, 12], "texture": "#0"},
				"south": {"uv": [14, 11.5, 14.5, 12], "texture": "#0"},
				"west": {"uv": [14, 11.5, 14.5, 12], "texture": "#0"},
				"down": {"uv": [14, 12, 14.5, 11.5], "rotation": 90, "texture": "#0"}
			}
		},
		{
			"from": [12.54775, 4.54775, 7.75],
			"to": [13.04775, 5.04775, 8.25],
			"faces": {
				"north": {"uv": [14, 11, 13.5, 11.5], "texture": "#0"},
				"south": {"uv": [13.5, 11, 14, 11.5], "texture": "#0"},
				"west": {"uv": [13.5, 11, 14, 11.5], "texture": "#0"},
				"down": {"uv": [13.5, 11.5, 14, 11], "rotation": 90, "texture": "#0"}
			}
		},
		{
			"from": [12.04775, 5.04775, 7.75],
			"to": [12.54775, 9.04775, 8.25],
			"faces": {
				"north": {"uv": [13.5, 7, 13, 11], "texture": "#0"},
				"south": {"uv": [13, 7, 13.5, 11], "texture": "#0"},
				"west": {"uv": [13, 7, 13.5, 11], "texture": "#0"},
				"down": {"uv": [13, 11, 13.5, 10.5], "rotation": 90, "texture": "#0"}
			}
		},
		{
			"from": [11.54775, 9.04775, 7.75],
			"to": [12.04775, 10.04775, 8.25],
			"faces": {
				"north": {"uv": [13, 6, 12.5, 7], "texture": "#0"},
				"south": {"uv": [12.5, 6, 13, 7], "texture": "#0"},
				"west": {"uv": [12.5, 6, 13, 7], "texture": "#0"},
				"down": {"uv": [12.5, 7, 13, 6.5], "rotation": 90, "texture": "#0"}
			}
		},
		{
			"from": [11.04775, 12.54775, 7.75],
			"to": [11.54775, 13.04775, 8.25],
			"faces": {
				"north": {"uv": [12.5, 3, 12, 3.5], "texture": "#0"},
				"south": {"uv": [12, 3, 12.5, 3.5], "texture": "#0"},
				"up": {"uv": [12, 3, 12.5, 3.5], "rotation": 270, "texture": "#0"}
			}
		},
		{
			"from": [1.54775, 1.04775, 7.75],
			"to": [2.54775, 1.54775, 8.25],
			"faces": {
				"north": {"uv": [3.5, 14.5, 2.5, 15], "texture": "#0"},
				"east": {"uv": [3.5, 14.5, 3, 15], "texture": "#0"},
				"south": {"uv": [2.5, 14.5, 3.5, 15], "texture": "#0"},
				"west": {"uv": [2.5, 14.5, 3, 15], "texture": "#0"},
				"down": {"uv": [2.5, 15, 3, 14.5], "rotation": 90, "texture": "#0"}
			}
		},
		{
			"from": [2.54775, 1.54775, 7.75],
			"to": [3.04775, 2.04775, 8.25],
			"faces": {
				"north": {"uv": [3.5, 14.5, 2.5, 15], "texture": "#0"},
				"east": {"uv": [3.5, 14.5, 3, 15], "texture": "#0"},
				"south": {"uv": [2.5, 14.5, 3.5, 15], "texture": "#0"},
				"down": {"uv": [2.5, 15, 3, 14.5], "rotation": 90, "texture": "#0"}
			}
		},
		{
			"from": [3.04775, 2.04775, 7.75],
			"to": [3.54775, 2.54775, 8.25],
			"faces": {
				"north": {"uv": [3.5, 14.5, 2.5, 15], "texture": "#0"},
				"east": {"uv": [3.5, 14.5, 3, 15], "texture": "#0"},
				"south": {"uv": [2.5, 14.5, 3.5, 15], "texture": "#0"},
				"down": {"uv": [2.5, 15, 3, 14.5], "rotation": 90, "texture": "#0"}
			}
		},
		{
			"from": [3.54775, 2.54775, 7.75],
			"to": [4.04775, 3.04775, 8.25],
			"faces": {
				"north": {"uv": [3.5, 14.5, 2.5, 15], "texture": "#0"},
				"east": {"uv": [3.5, 14.5, 3, 15], "texture": "#0"},
				"south": {"uv": [2.5, 14.5, 3.5, 15], "texture": "#0"},
				"down": {"uv": [2.5, 15, 3, 14.5], "rotation": 90, "texture": "#0"}
			}
		},
		{
			"from": [4.04775, 3.04775, 7.75],
			"to": [4.54775, 3.54775, 8.25],
			"faces": {
				"north": {"uv": [3.5, 14.5, 2.5, 15], "texture": "#0"},
				"east": {"uv": [3.5, 14.5, 3, 15], "texture": "#0"},
				"south": {"uv": [2.5, 14.5, 3.5, 15], "texture": "#0"},
				"down": {"uv": [2.5, 15, 3, 14.5], "rotation": 90, "texture": "#0"}
			}
		},
		{
			"from": [4.54775, 3.54775, 7.75],
			"to": [5.04775, 4.04775, 8.25],
			"faces": {
				"north": {"uv": [3.5, 14.5, 2.5, 15], "texture": "#0"},
				"east": {"uv": [3.5, 14.5, 3, 15], "texture": "#0"},
				"south": {"uv": [2.5, 14.5, 3.5, 15], "texture": "#0"},
				"down": {"uv": [2.5, 15, 3, 14.5], "rotation": 90, "texture": "#0"}
			}
		},
		{
			"from": [5.04775, 4.04775, 7.75],
			"to": [5.54775, 4.54775, 8.25],
			"faces": {
				"north": {"uv": [3.5, 14.5, 2.5, 15], "texture": "#0"},
				"east": {"uv": [3.5, 14.5, 3, 15], "texture": "#0"},
				"south": {"uv": [2.5, 14.5, 3.5, 15], "texture": "#0"},
				"down": {"uv": [2.5, 15, 3, 14.5], "rotation": 90, "texture": "#0"}
			}
		},
		{
			"from": [5.54775, 4.54775, 7.75],
			"to": [6.04775, 5.04775, 8.25],
			"faces": {
				"north": {"uv": [3.5, 14.5, 2.5, 15], "texture": "#0"},
				"east": {"uv": [3.5, 14.5, 3, 15], "texture": "#0"},
				"south": {"uv": [2.5, 14.5, 3.5, 15], "texture": "#0"},
				"down": {"uv": [2.5, 15, 3, 14.5], "rotation": 90, "texture": "#0"}
			}
		},
		{
			"from": [6.04775, 5.04775, 7.75],
			"to": [6.54775, 5.54775, 8.25],
			"faces": {
				"north": {"uv": [3.5, 14.5, 2.5, 15], "texture": "#0"},
				"east": {"uv": [3.5, 14.5, 3, 15], "texture": "#0"},
				"south": {"uv": [2.5, 14.5, 3.5, 15], "texture": "#0"},
				"down": {"uv": [2.5, 15, 3, 14.5], "rotation": 90, "texture": "#0"}
			}
		},
		{
			"from": [6.54775, 5.54775, 7.75],
			"to": [7.04775, 6.04775, 8.25],
			"faces": {
				"north": {"uv": [3.5, 14.5, 2.5, 15], "texture": "#0"},
				"east": {"uv": [3.5, 14.5, 3, 15], "texture": "#0"},
				"south": {"uv": [2.5, 14.5, 3.5, 15], "texture": "#0"},
				"down": {"uv": [2.5, 15, 3, 14.5], "rotation": 90, "texture": "#0"}
			}
		},
		{
			"from": [7.04775, 6.04775, 7.75],
			"to": [7.54775, 6.54775, 8.25],
			"faces": {
				"north": {"uv": [3.5, 14.5, 2.5, 15], "texture": "#0"},
				"east": {"uv": [3.5, 14.5, 3, 15], "texture": "#0"},
				"south": {"uv": [2.5, 14.5, 3.5, 15], "texture": "#0"},
				"down": {"uv": [2.5, 15, 3, 14.5], "rotation": 90, "texture": "#0"}
			}
		},
		{
			"from": [7.54775, 6.54775, 7.75],
			"to": [8.04775, 7.04775, 8.25],
			"faces": {
				"north": {"uv": [3.5, 14.5, 2.5, 15], "texture": "#0"},
				"east": {"uv": [3.5, 14.5, 3, 15], "texture": "#0"},
				"south": {"uv": [2.5, 14.5, 3.5, 15], "texture": "#0"},
				"down": {"uv": [2.5, 15, 3, 14.5], "rotation": 90, "texture": "#0"}
			}
		},
		{
			"from": [8.04775, 7.04775, 7.75],
			"to": [8.54775, 7.54775, 8.25],
			"faces": {
				"north": {"uv": [3.5, 14.5, 2.5, 15], "texture": "#0"},
				"east": {"uv": [3.5, 14.5, 3, 15], "texture": "#0"},
				"south": {"uv": [2.5, 14.5, 3.5, 15], "texture": "#0"},
				"down": {"uv": [2.5, 15, 3, 14.5], "rotation": 90, "texture": "#0"}
			}
		},
		{
			"from": [8.54775, 7.54775, 7.75],
			"to": [9.04775, 8.04775, 8.25],
			"faces": {
				"north": {"uv": [3.5, 14.5, 2.5, 15], "texture": "#0"},
				"east": {"uv": [3.5, 14.5, 3, 15], "texture": "#0"},
				"south": {"uv": [2.5, 14.5, 3.5, 15], "texture": "#0"},
				"down": {"uv": [2.5, 15, 3, 14.5], "rotation": 90, "texture": "#0"}
			}
		},
		{
			"from": [9.04775, 8.04775, 7.75],
			"to": [9.54775, 8.54775, 8.25],
			"faces": {
				"north": {"uv": [3.5, 14.5, 2.5, 15], "texture": "#0"},
				"east": {"uv": [3.5, 14.5, 3, 15], "texture": "#0"},
				"south": {"uv": [2.5, 14.5, 3.5, 15], "texture": "#0"},
				"down": {"uv": [2.5, 15, 3, 14.5], "rotation": 90, "texture": "#0"}
			}
		},
		{
			"from": [9.54775, 8.54775, 7.75],
			"to": [10.04775, 9.04775, 8.25],
			"faces": {
				"north": {"uv": [3.5, 14.5, 2.5, 15], "texture": "#0"},
				"east": {"uv": [3.5, 14.5, 3, 15], "texture": "#0"},
				"south": {"uv": [2.5, 14.5, 3.5, 15], "texture": "#0"},
				"down": {"uv": [2.5, 15, 3, 14.5], "rotation": 90, "texture": "#0"}
			}
		},
		{
			"from": [10.04775, 9.04775, 7.75],
			"to": [10.54775, 9.54775, 8.25],
			"faces": {
				"north": {"uv": [3.5, 14.5, 2.5, 15], "texture": "#0"},
				"east": {"uv": [3.5, 14.5, 3, 15], "texture": "#0"},
				"south": {"uv": [2.5, 14.5, 3.5, 15], "texture": "#0"},
				"down": {"uv": [2.5, 15, 3, 14.5], "rotation": 90, "texture": "#0"}
			}
		},
		{
			"from": [10.54775, 9.54775, 7.75],
			"to": [11.04775, 10.04775, 8.25],
			"faces": {
				"north": {"uv": [3.5, 14.5, 2.5, 15], "texture": "#0"},
				"east": {"uv": [3.5, 14.5, 3, 15], "texture": "#0"},
				"south": {"uv": [2.5, 14.5, 3.5, 15], "texture": "#0"},
				"down": {"uv": [2.5, 15, 3, 14.5], "rotation": 90, "texture": "#0"}
			}
		},
		{
			"from": [11.04775, 10.04775, 7.75],
			"to": [11.54775, 10.54775, 8.25],
			"faces": {
				"north": {"uv": [3.5, 14.5, 2.5, 15], "texture": "#0"},
				"south": {"uv": [2.5, 14.5, 3.5, 15], "texture": "#0"},
				"down": {"uv": [2.5, 15, 3, 14.5], "rotation": 90, "texture": "#0"}
			}
		},
		{
			"from": [1.04775, 1.54775, 7.75],
			"to": [1.54775, 2.54775, 8.25],
			"faces": {
				"north": {"uv": [2.5, 13.5, 2, 14.5], "texture": "#0"},
				"south": {"uv": [2, 13.5, 2.5, 14.5], "texture": "#0"},
				"west": {"uv": [2, 13.5, 2.5, 14.5], "texture": "#0"},
				"up": {"uv": [2, 13.5, 2.5, 14], "rotation": 270, "texture": "#0"},
				"down": {"uv": [2, 14.5, 2.5, 14], "rotation": 90, "texture": "#0"}
			}
		},
		{
			"from": [1.54775, 2.54775, 7.75],
			"to": [2.04775, 3.04775, 8.25],
			"faces": {
				"north": {"uv": [3, 13, 2.5, 13.5], "texture": "#0"},
				"south": {"uv": [2.5, 13, 3, 13.5], "texture": "#0"},
				"west": {"uv": [2.5, 13, 3, 13.5], "texture": "#0"},
				"up": {"uv": [2.5, 13, 3, 13.5], "rotation": 270, "texture": "#0"}
			}
		},
		{
			"from": [2.04775, 3.04775, 7.75],
			"to": [2.54775, 3.54775, 8.25],
			"faces": {
				"north": {"uv": [3, 13, 2.5, 13.5], "texture": "#0"},
				"south": {"uv": [2.5, 13, 3, 13.5], "texture": "#0"},
				"west": {"uv": [2.5, 13, 3, 13.5], "texture": "#0"},
				"up": {"uv": [2.5, 13, 3, 13.5], "rotation": 270, "texture": "#0"}
			}
		},
		{
			"from": [2.54775, 3.54775, 7.75],
			"to": [3.04775, 4.04775, 8.25],
			"faces": {
				"north": {"uv": [3, 13, 2.5, 13.5], "texture": "#0"},
				"south": {"uv": [2.5, 13, 3, 13.5], "texture": "#0"},
				"west": {"uv": [2.5, 13, 3, 13.5], "texture": "#0"},
				"up": {"uv": [2.5, 13, 3, 13.5], "rotation": 270, "texture": "#0"}
			}
		},
		{
			"from": [3.04775, 4.04775, 7.75],
			"to": [3.54775, 4.54775, 8.25],
			"faces": {
				"north": {"uv": [3, 13, 2.5, 13.5], "texture": "#0"},
				"south": {"uv": [2.5, 13, 3, 13.5], "texture": "#0"},
				"west": {"uv": [2.5, 13, 3, 13.5], "texture": "#0"},
				"up": {"uv": [2.5, 13, 3, 13.5], "rotation": 270, "texture": "#0"}
			}
		},
		{
			"from": [3.54775, 4.54775, 7.75],
			"to": [4.04775, 5.04775, 8.25],
			"faces": {
				"north": {"uv": [3, 13, 2.5, 13.5], "texture": "#0"},
				"south": {"uv": [2.5, 13, 3, 13.5], "texture": "#0"},
				"west": {"uv": [2.5, 13, 3, 13.5], "texture": "#0"},
				"up": {"uv": [2.5, 13, 3, 13.5], "rotation": 270, "texture": "#0"}
			}
		},
		{
			"from": [4.04775, 5.04775, 7.75],
			"to": [4.54775, 5.54775, 8.25],
			"faces": {
				"north": {"uv": [3, 13, 2.5, 13.5], "texture": "#0"},
				"south": {"uv": [2.5, 13, 3, 13.5], "texture": "#0"},
				"west": {"uv": [2.5, 13, 3, 13.5], "texture": "#0"},
				"up": {"uv": [2.5, 13, 3, 13.5], "rotation": 270, "texture": "#0"}
			}
		},
		{
			"from": [4.54775, 5.54775, 7.75],
			"to": [5.04775, 6.04775, 8.25],
			"faces": {
				"north": {"uv": [3, 13, 2.5, 13.5], "texture": "#0"},
				"south": {"uv": [2.5, 13, 3, 13.5], "texture": "#0"},
				"west": {"uv": [2.5, 13, 3, 13.5], "texture": "#0"},
				"up": {"uv": [2.5, 13, 3, 13.5], "rotation": 270, "texture": "#0"}
			}
		},
		{
			"from": [5.04775, 6.04775, 7.75],
			"to": [5.54775, 6.54775, 8.25],
			"faces": {
				"north": {"uv": [3, 13, 2.5, 13.5], "texture": "#0"},
				"south": {"uv": [2.5, 13, 3, 13.5], "texture": "#0"},
				"west": {"uv": [2.5, 13, 3, 13.5], "texture": "#0"},
				"up": {"uv": [2.5, 13, 3, 13.5], "rotation": 270, "texture": "#0"}
			}
		},
		{
			"from": [5.54775, 6.54775, 7.75],
			"to": [6.04775, 7.04775, 8.25],
			"faces": {
				"north": {"uv": [3, 13, 2.5, 13.5], "texture": "#0"},
				"south": {"uv": [2.5, 13, 3, 13.5], "texture": "#0"},
				"west": {"uv": [2.5, 13, 3, 13.5], "texture": "#0"},
				"up": {"uv": [2.5, 13, 3, 13.5], "rotation": 270, "texture": "#0"}
			}
		},
		{
			"from": [6.04775, 7.04775, 7.75],
			"to": [6.54775, 7.54775, 8.25],
			"faces": {
				"north": {"uv": [3, 13, 2.5, 13.5], "texture": "#0"},
				"south": {"uv": [2.5, 13, 3, 13.5], "texture": "#0"},
				"west": {"uv": [2.5, 13, 3, 13.5], "texture": "#0"},
				"up": {"uv": [2.5, 13, 3, 13.5], "rotation": 270, "texture": "#0"}
			}
		},
		{
			"from": [6.54775, 7.54775, 7.75],
			"to": [7.04775, 8.04775, 8.25],
			"faces": {
				"north": {"uv": [3, 13, 2.5, 13.5], "texture": "#0"},
				"south": {"uv": [2.5, 13, 3, 13.5], "texture": "#0"},
				"west": {"uv": [2.5, 13, 3, 13.5], "texture": "#0"},
				"up": {"uv": [2.5, 13, 3, 13.5], "rotation": 270, "texture": "#0"}
			}
		},
		{
			"from": [7.04775, 8.04775, 7.75],
			"to": [7.54775, 8.54775, 8.25],
			"faces": {
				"north": {"uv": [3, 13, 2.5, 13.5], "texture": "#0"},
				"south": {"uv": [2.5, 13, 3, 13.5], "texture": "#0"},
				"west": {"uv": [2.5, 13, 3, 13.5], "texture": "#0"},
				"up": {"uv": [2.5, 13, 3, 13.5], "rotation": 270, "texture": "#0"}
			}
		},
		{
			"from": [7.54775, 8.54775, 7.75],
			"to": [8.04775, 9.04775, 8.25],
			"faces": {
				"north": {"uv": [3, 13, 2.5, 13.5], "texture": "#0"},
				"south": {"uv": [2.5, 13, 3, 13.5], "texture": "#0"},
				"west": {"uv": [2.5, 13, 3, 13.5], "texture": "#0"},
				"up": {"uv": [2.5, 13, 3, 13.5], "rotation": 270, "texture": "#0"}
			}
		},
		{
			"from": [8.04775, 9.04775, 7.75],
			"to": [8.54775, 9.54775, 8.25],
			"faces": {
				"north": {"uv": [3, 13, 2.5, 13.5], "texture": "#0"},
				"south": {"uv": [2.5, 13, 3, 13.5], "texture": "#0"},
				"west": {"uv": [2.5, 13, 3, 13.5], "texture": "#0"},
				"up": {"uv": [2.5, 13, 3, 13.5], "rotation": 270, "texture": "#0"}
			}
		},
		{
			"from": [8.54775, 9.54775, 7.75],
			"to": [9.04775, 10.04775, 8.25],
			"faces": {
				"north": {"uv": [3, 13, 2.5, 13.5], "texture": "#0"},
				"south": {"uv": [2.5, 13, 3, 13.5], "texture": "#0"},
				"west": {"uv": [2.5, 13, 3, 13.5], "texture": "#0"},
				"up": {"uv": [2.5, 13, 3, 13.5], "rotation": 270, "texture": "#0"}
			}
		},
		{
			"from": [9.04775, 10.04775, 7.75],
			"to": [9.54775, 10.54775, 8.25],
			"faces": {
				"north": {"uv": [3, 13, 2.5, 13.5], "texture": "#0"},
				"south": {"uv": [2.5, 13, 3, 13.5], "texture": "#0"},
				"west": {"uv": [2.5, 13, 3, 13.5], "texture": "#0"},
				"up": {"uv": [2.5, 13, 3, 13.5], "rotation": 270, "texture": "#0"}
			}
		},
		{
			"from": [9.54775, 10.54775, 7.75],
			"to": [10.04775, 11.04775, 8.25],
			"faces": {
				"north": {"uv": [3, 13, 2.5, 13.5], "texture": "#0"},
				"south": {"uv": [2.5, 13, 3, 13.5], "texture": "#0"},
				"west": {"uv": [2.5, 13, 3, 13.5], "texture": "#0"},
				"up": {"uv": [2.5, 13, 3, 13.5], "rotation": 270, "texture": "#0"}
			}
		},
		{
			"from": [10.04775, 11.04775, 7.75],
			"to": [10.54775, 11.54775, 8.25],
			"faces": {
				"north": {"uv": [11.5, 4.5, 11, 5], "texture": "#0"},
				"south": {"uv": [11, 4.5, 11.5, 5], "texture": "#0"},
				"west": {"uv": [11, 4.5, 11.5, 5], "texture": "#0"}
			}
		},
		{
			"from": [11.54775, 12.54775, 7.75],
			"to": [12.04775, 13.04775, 8.25],
			"faces": {
				"north": {"uv": [13, 3, 12.5, 3.5], "texture": "#0"},
				"south": {"uv": [12.5, 3, 13, 3.5], "texture": "#0"},
				"up": {"uv": [12.5, 3, 13, 3.5], "rotation": 270, "texture": "#0"}
			}
		},
		{
			"from": [12.04775, 13.04775, 7.75],
			"to": [12.54775, 13.54775, 8.25],
			"faces": {
				"north": {"uv": [13.5, 2.5, 13, 3], "texture": "#0"},
				"east": {"uv": [13.5, 2.5, 13, 3], "texture": "#0"},
				"south": {"uv": [13, 2.5, 13.5, 3], "texture": "#0"},
				"west": {"uv": [13, 2.5, 13.5, 3], "texture": "#0"},
				"up": {"uv": [13, 2.5, 13.5, 3], "rotation": 270, "texture": "#0"}
			}
		},
		{
			"from": [12.54775, 12.54775, 7.75],
			"to": [13.04775, 13.04775, 8.25],
			"faces": {
				"north": {"uv": [14, 3, 13.5, 3.5], "texture": "#0"},
				"east": {"uv": [14, 3, 13.5, 3.5], "texture": "#0"},
				"south": {"uv": [13.5, 3, 14, 3.5], "texture": "#0"},
				"up": {"uv": [13.5, 3, 14, 3.5], "rotation": 270, "texture": "#0"}
			}
		},
		{
			"from": [13.04775, 12.04775, 7.75],
			"to": [13.54775, 12.54775, 8.25],
			"faces": {
				"north": {"uv": [14.5, 3.5, 14, 4], "texture": "#0"},
				"east": {"uv": [14.5, 3.5, 14, 4], "texture": "#0"},
				"south": {"uv": [14, 3.5, 14.5, 4], "texture": "#0"},
				"up": {"uv": [14, 3.5, 14.5, 4], "rotation": 270, "texture": "#0"},
				"down": {"uv": [14, 4, 14.5, 3.5], "rotation": 90, "texture": "#0"}
			}
		},
		{
			"from": [12.54775, 11.54775, 7.75],
			"to": [13.04775, 12.04775, 8.25],
			"faces": {
				"north": {"uv": [14, 4, 13.5, 4.5], "texture": "#0"},
				"east": {"uv": [14, 4, 13.5, 4.5], "texture": "#0"},
				"south": {"uv": [13.5, 4, 14, 4.5], "texture": "#0"}
			}
		},
		{
			"from": [4.54775, 13.04775, 7.25],
			"to": [9.54775, 13.54775, 8.75],
			"faces": {
				"north": {"uv": [10.5, 2.5, 5.5, 3], "texture": "#0"},
				"east": {"uv": [10.5, 2.5, 10, 3], "texture": "#0"},
				"south": {"uv": [5.5, 2.5, 10.5, 3], "texture": "#0"},
				"west": {"uv": [5.5, 2.5, 6, 3], "texture": "#0"},
				"up": {"uv": [5.5, 2.5, 6, 3], "rotation": 270, "texture": "#0"},
				"down": {"uv": [5.5, 3, 6, 2.5], "rotation": 90, "texture": "#0"}
			}
		},
		{
			"from": [5.04775, 12.54775, 7.25],
			"to": [11.04775, 13.04775, 8.75],
			"faces": {
				"north": {"uv": [12, 3, 6, 3.5], "texture": "#0"},
				"east": {"uv": [12, 3, 11.5, 3.5], "texture": "#0"},
				"south": {"uv": [6, 3, 12, 3.5], "texture": "#0"},
				"west": {"uv": [6, 3, 6.5, 3.5], "texture": "#0"},
				"up": {"uv": [6, 3, 6.5, 3.5], "rotation": 270, "texture": "#0"},
				"down": {"uv": [6, 3.5, 6.5, 3], "rotation": 90, "texture": "#0"}
			}
		},
		{
			"from": [9.04775, 12.04775, 7.25],
			"to": [11.04775, 12.54775, 8.75],
			"faces": {
				"north": {"uv": [12, 3.5, 10, 4], "texture": "#0"},
				"south": {"uv": [10, 3.5, 12, 4], "texture": "#0"},
				"west": {"uv": [10, 3.5, 10.5, 4], "texture": "#0"},
				"down": {"uv": [10, 4, 10.5, 3.5], "rotation": 90, "texture": "#0"}
			}
		},
		{
			"from": [13.04775, 4.54775, 7.25],
			"to": [13.54775, 9.54775, 8.75],
			"faces": {
				"north": {"uv": [14.5, 6.5, 14, 11.5], "texture": "#0"},
				"east": {"uv": [14.5, 6.5, 14, 11.5], "texture": "#0"},
				"south": {"uv": [14, 6.5, 14.5, 11.5], "texture": "#0"},
				"west": {"uv": [14, 6.5, 14.5, 11.5], "texture": "#0"},
				"up": {"uv": [14, 6.5, 14.5, 7], "rotation": 270, "texture": "#0"},
				"down": {"uv": [14, 11.5, 14.5, 11], "rotation": 90, "texture": "#0"}
			}
		},
		{
			"from": [12.54775, 5.04775, 7.25],
			"to": [13.04775, 11.04775, 8.75],
			"faces": {
				"north": {"uv": [14, 5, 13.5, 11], "texture": "#0"},
				"east": {"uv": [14, 5, 13.5, 11], "texture": "#0"},
				"south": {"uv": [13.5, 5, 14, 11], "texture": "#0"},
				"west": {"uv": [13.5, 5, 14, 11], "texture": "#0"},
				"up": {"uv": [13.5, 5, 14, 5.5], "rotation": 270, "texture": "#0"},
				"down": {"uv": [13.5, 11, 14, 10.5], "rotation": 90, "texture": "#0"}
			}
		},
		{
			"from": [12.04775, 9.04775, 7.25],
			"to": [12.54775, 11.04775, 8.75],
			"faces": {
				"north": {"uv": [13.5, 5, 13, 7], "texture": "#0"},
				"south": {"uv": [13, 5, 13.5, 7], "texture": "#0"},
				"west": {"uv": [13, 5, 13.5, 7], "texture": "#0"},
				"down": {"uv": [13, 7, 13.5, 6.5], "rotation": 90, "texture": "#0"}
			}
		},
		{
			"from": [12.04775, 12.04775, 7.25],
			"to": [13.04775, 12.54775, 8.75],
			"faces": {
				"north": {"uv": [14, 3.5, 13, 4], "texture": "#0"},
				"east": {"uv": [14, 3.5, 13.5, 4], "texture": "#0"},
				"south": {"uv": [13, 3.5, 14, 4], "texture": "#0"},
				"up": {"uv": [13, 3.5, 13.5, 4], "rotation": 270, "texture": "#0"},
				"down": {"uv": [13, 4, 13.5, 3.5], "rotation": 90, "texture": "#0"}
			}
		},
		{
			"from": [12.04775, 12.54775, 7.25],
			"to": [12.54775, 13.04775, 8.75],
			"faces": {
				"north": {"uv": [13.5, 3, 13, 3.5], "texture": "#0"},
				"east": {"uv": [13.5, 3, 13, 3.5], "texture": "#0"},
				"south": {"uv": [13, 3, 13.5, 3.5], "texture": "#0"},
				"west": {"uv": [13, 3, 13.5, 3.5], "texture": "#0"},
				"up": {"uv": [13, 3, 13.5, 3.5], "rotation": 270, "texture": "#0"}
			}
		},
		{
			"from": [1.54775, 1.54775, 7.25],
			"to": [2.54775, 2.04775, 8.75],
			"faces": {
				"north": {"uv": [3.5, 14, 2.5, 14.5], "texture": "#0"},
				"east": {"uv": [3.5, 14, 3, 14.5], "texture": "#0"},
				"south": {"uv": [2.5, 14, 3.5, 14.5], "texture": "#0"},
				"west": {"uv": [2.5, 14, 3, 14.5], "texture": "#0"},
				"down": {"uv": [2.5, 14.5, 3, 14], "rotation": 90, "texture": "#0"}
			}
		},
		{
			"from": [1.54775, 2.04775, 7.25],
			"to": [3.04775, 2.54775, 8.75],
			"faces": {
				"north": {"uv": [4, 13.5, 2.5, 14], "texture": "#0"},
				"east": {"uv": [4, 13.5, 3.5, 14], "texture": "#0"},
				"south": {"uv": [2.5, 13.5, 4, 14], "texture": "#0"},
				"west": {"uv": [2.5, 13.5, 3, 14], "texture": "#0"},
				"up": {"uv": [2.5, 13.5, 3, 14], "rotation": 270, "texture": "#0"},
				"down": {"uv": [2.5, 14, 3, 13.5], "rotation": 90, "texture": "#0"}
			}
		},
		{
			"from": [2.04775, 2.54775, 7.25],
			"to": [3.54775, 3.04775, 8.75],
			"faces": {
				"north": {"uv": [4.5, 13, 3, 13.5], "texture": "#0"},
				"east": {"uv": [4.5, 13, 4, 13.5], "texture": "#0"},
				"south": {"uv": [3, 13, 4.5, 13.5], "texture": "#0"},
				"west": {"uv": [3, 13, 3.5, 13.5], "texture": "#0"},
				"up": {"uv": [3, 13, 3.5, 13.5], "rotation": 270, "texture": "#0"},
				"down": {"uv": [3, 13.5, 3.5, 13], "rotation": 90, "texture": "#0"}
			}
		},
		{
			"from": [2.54775, 3.04775, 7.25],
			"to": [4.04775, 3.54775, 8.75],
			"faces": {
				"north": {"uv": [5, 12.5, 3.5, 13], "texture": "#0"},
				"east": {"uv": [5, 12.5, 4.5, 13], "texture": "#0"},
				"south": {"uv": [3.5, 12.5, 5, 13], "texture": "#0"},
				"west": {"uv": [3.5, 12.5, 4, 13], "texture": "#0"},
				"up": {"uv": [3.5, 12.5, 4, 13], "rotation": 270, "texture": "#0"},
				"down": {"uv": [3.5, 13, 4, 12.5], "rotation": 90, "texture": "#0"}
			}
		},
		{
			"from": [3.04775, 3.54775, 7.25],
			"to": [4.54775, 4.04775, 8.75],
			"faces": {
				"north": {"uv": [5.5, 12, 4, 12.5], "texture": "#0"},
				"east": {"uv": [5.5, 12, 5, 12.5], "texture": "#0"},
				"south": {"uv": [4, 12, 5.5, 12.5], "texture": "#0"},
				"west": {"uv": [4, 12, 4.5, 12.5], "texture": "#0"},
				"up": {"uv": [4, 12, 4.5, 12.5], "rotation": 270, "texture": "#0"},
				"down": {"uv": [4, 12.5, 4.5, 12], "rotation": 90, "texture": "#0"}
			}
		},
		{
			"from": [3.54775, 4.04775, 7.25],
			"to": [5.04775, 4.54775, 8.75],
			"faces": {
				"north": {"uv": [6, 11.5, 4.5, 12], "texture": "#0"},
				"east": {"uv": [6, 11.5, 5.5, 12], "texture": "#0"},
				"south": {"uv": [4.5, 11.5, 6, 12], "texture": "#0"},
				"west": {"uv": [4.5, 11.5, 5, 12], "texture": "#0"},
				"up": {"uv": [4.5, 11.5, 5, 12], "rotation": 270, "texture": "#0"},
				"down": {"uv": [4.5, 12, 5, 11.5], "rotation": 90, "texture": "#0"}
			}
		},
		{
			"from": [4.04775, 4.54775, 7.25],
			"to": [5.54775, 5.04775, 8.75],
			"faces": {
				"north": {"uv": [6.5, 11, 5, 11.5], "texture": "#0"},
				"east": {"uv": [6.5, 11, 6, 11.5], "texture": "#0"},
				"south": {"uv": [5, 11, 6.5, 11.5], "texture": "#0"},
				"west": {"uv": [5, 11, 5.5, 11.5], "texture": "#0"},
				"up": {"uv": [5, 11, 5.5, 11.5], "rotation": 270, "texture": "#0"},
				"down": {"uv": [5, 11.5, 5.5, 11], "rotation": 90, "texture": "#0"}
			}
		},
		{
			"from": [4.54775, 5.04775, 7.25],
			"to": [6.04775, 5.54775, 8.75],
			"faces": {
				"north": {"uv": [7, 10.5, 5.5, 11], "texture": "#0"},
				"east": {"uv": [7, 10.5, 6.5, 11], "texture": "#0"},
				"south": {"uv": [5.5, 10.5, 7, 11], "texture": "#0"},
				"west": {"uv": [5.5, 10.5, 6, 11], "texture": "#0"},
				"up": {"uv": [5.5, 10.5, 6, 11], "rotation": 270, "texture": "#0"},
				"down": {"uv": [5.5, 11, 6, 10.5], "rotation": 90, "texture": "#0"}
			}
		},
		{
			"from": [5.04775, 5.54775, 7.25],
			"to": [6.54775, 6.04775, 8.75],
			"faces": {
				"north": {"uv": [7.5, 10, 6, 10.5], "texture": "#0"},
				"east": {"uv": [7.5, 10, 7, 10.5], "texture": "#0"},
				"south": {"uv": [6, 10, 7.5, 10.5], "texture": "#0"},
				"west": {"uv": [6, 10, 6.5, 10.5], "texture": "#0"},
				"up": {"uv": [6, 10, 6.5, 10.5], "rotation": 270, "texture": "#0"},
				"down": {"uv": [6, 10.5, 6.5, 10], "rotation": 90, "texture": "#0"}
			}
		},
		{
			"from": [5.54775, 6.04775, 7.25],
			"to": [7.04775, 6.54775, 8.75],
			"faces": {
				"north": {"uv": [8, 9.5, 6.5, 10], "texture": "#0"},
				"east": {"uv": [8, 9.5, 7.5, 10], "texture": "#0"},
				"south": {"uv": [6.5, 9.5, 8, 10], "texture": "#0"},
				"west": {"uv": [6.5, 9.5, 7, 10], "texture": "#0"},
				"up": {"uv": [6.5, 9.5, 7, 10], "rotation": 270, "texture": "#0"},
				"down": {"uv": [6.5, 10, 7, 9.5], "rotation": 90, "texture": "#0"}
			}
		},
		{
			"from": [6.04775, 6.54775, 7.25],
			"to": [7.54775, 7.04775, 8.75],
			"faces": {
				"north": {"uv": [8.5, 9, 7, 9.5], "texture": "#0"},
				"east": {"uv": [8.5, 9, 8, 9.5], "texture": "#0"},
				"south": {"uv": [7, 9, 8.5, 9.5], "texture": "#0"},
				"west": {"uv": [7, 9, 7.5, 9.5], "texture": "#0"},
				"up": {"uv": [7, 9, 7.5, 9.5], "rotation": 270, "texture": "#0"},
				"down": {"uv": [7, 9.5, 7.5, 9], "rotation": 90, "texture": "#0"}
			}
		},
		{
			"from": [6.54775, 7.04775, 7.25],
			"to": [8.04775, 7.54775, 8.75],
			"faces": {
				"north": {"uv": [9, 8.5, 7.5, 9], "texture": "#0"},
				"east": {"uv": [9, 8.5, 8.5, 9], "texture": "#0"},
				"south": {"uv": [7.5, 8.5, 9, 9], "texture": "#0"},
				"west": {"uv": [7.5, 8.5, 8, 9], "texture": "#0"},
				"up": {"uv": [7.5, 8.5, 8, 9], "rotation": 270, "texture": "#0"},
				"down": {"uv": [7.5, 9, 8, 8.5], "rotation": 90, "texture": "#0"}
			}
		},
		{
			"from": [7.04775, 7.54775, 7.25],
			"to": [8.54775, 8.04775, 8.75],
			"faces": {
				"north": {"uv": [9.5, 8, 8, 8.5], "texture": "#0"},
				"east": {"uv": [9.5, 8, 9, 8.5], "texture": "#0"},
				"south": {"uv": [8, 8, 9.5, 8.5], "texture": "#0"},
				"west": {"uv": [8, 8, 8.5, 8.5], "texture": "#0"},
				"up": {"uv": [8, 8, 8.5, 8.5], "rotation": 270, "texture": "#0"},
				"down": {"uv": [8, 8.5, 8.5, 8], "rotation": 90, "texture": "#0"}
			}
		},
		{
			"from": [7.54775, 8.04775, 7.25],
			"to": [9.04775, 8.54775, 8.75],
			"faces": {
				"north": {"uv": [10, 7.5, 8.5, 8], "texture": "#0"},
				"east": {"uv": [10, 7.5, 9.5, 8], "texture": "#0"},
				"south": {"uv": [8.5, 7.5, 10, 8], "texture": "#0"},
				"west": {"uv": [8.5, 7.5, 9, 8], "texture": "#0"},
				"up": {"uv": [8.5, 7.5, 9, 8], "rotation": 270, "texture": "#0"},
				"down": {"uv": [8.5, 8, 9, 7.5], "rotation": 90, "texture": "#0"}
			}
		},
		{
			"from": [8.04775, 8.54775, 7.25],
			"to": [9.54775, 9.04775, 8.75],
			"faces": {
				"north": {"uv": [10.5, 7, 9, 7.5], "texture": "#0"},
				"east": {"uv": [10.5, 7, 10, 7.5], "texture": "#0"},
				"south": {"uv": [9, 7, 10.5, 7.5], "texture": "#0"},
				"west": {"uv": [9, 7, 9.5, 7.5], "texture": "#0"},
				"up": {"uv": [9, 7, 9.5, 7.5], "rotation": 270, "texture": "#0"},
				"down": {"uv": [9, 7.5, 9.5, 7], "rotation": 90, "texture": "#0"}
			}
		},
		{
			"from": [8.54775, 9.04775, 7.25],
			"to": [10.04775, 9.54775, 8.75],
			"faces": {
				"north": {"uv": [11, 6.5, 9.5, 7], "texture": "#0"},
				"east": {"uv": [11, 6.5, 10.5, 7], "texture": "#0"},
				"south": {"uv": [9.5, 6.5, 11, 7], "texture": "#0"},
				"west": {"uv": [9.5, 6.5, 10, 7], "texture": "#0"},
				"up": {"uv": [9.5, 6.5, 10, 7], "rotation": 270, "texture": "#0"},
				"down": {"uv": [9.5, 7, 10, 6.5], "rotation": 90, "texture": "#0"}
			}
		},
		{
			"from": [9.04775, 9.54775, 7.25],
			"to": [10.54775, 10.04775, 8.75],
			"faces": {
				"north": {"uv": [11.5, 6, 10, 6.5], "texture": "#0"},
				"east": {"uv": [11.5, 6, 11, 6.5], "texture": "#0"},
				"south": {"uv": [10, 6, 11.5, 6.5], "texture": "#0"},
				"west": {"uv": [10, 6, 10.5, 6.5], "texture": "#0"},
				"up": {"uv": [10, 6, 10.5, 6.5], "rotation": 270, "texture": "#0"},
				"down": {"uv": [10, 6.5, 10.5, 6], "rotation": 90, "texture": "#0"}
			}
		},
		{
			"from": [9.54775, 10.04775, 7.25],
			"to": [11.04775, 10.54775, 8.75],
			"faces": {
				"north": {"uv": [12, 5.5, 10.5, 6], "texture": "#0"},
				"east": {"uv": [12, 5.5, 11.5, 6], "texture": "#0"},
				"south": {"uv": [10.5, 5.5, 12, 6], "texture": "#0"},
				"west": {"uv": [10.5, 5.5, 11, 6], "texture": "#0"},
				"up": {"uv": [10.5, 5.5, 11, 6], "rotation": 270, "texture": "#0"},
				"down": {"uv": [10.5, 6, 11, 5.5], "rotation": 90, "texture": "#0"}
			}
		},
		{
			"from": [10.04775, 10.54775, 7.25],
			"to": [11.54775, 11.04775, 8.75],
			"faces": {
				"north": {"uv": [12.5, 5, 11, 5.5], "texture": "#0"},
				"south": {"uv": [11, 5, 12.5, 5.5], "texture": "#0"},
				"west": {"uv": [11, 5, 11.5, 5.5], "texture": "#0"},
				"up": {"uv": [11, 5, 11.5, 5.5], "rotation": 270, "texture": "#0"},
				"down": {"uv": [11, 5.5, 11.5, 5], "rotation": 90, "texture": "#0"}
			}
		},
		{
			"from": [10.54775, 11.04775, 7.25],
			"to": [11.04775, 11.54775, 8.75],
			"faces": {
				"north": {"uv": [12, 4.5, 11.5, 5], "texture": "#0"},
				"south": {"uv": [11.5, 4.5, 12, 5], "texture": "#0"},
				"west": {"uv": [11.5, 4.5, 12, 5], "texture": "#0"}
			}
		},
		{
			"from": [11.04775, 12.04775, 7],
			"to": [12.04775, 12.54775, 9],
			"faces": {
				"north": {"uv": [13, 3.5, 12, 4], "texture": "#0"},
				"east": {"uv": [13, 3.5, 12.5, 4], "texture": "#0"},
				"south": {"uv": [12, 3.5, 13, 4], "texture": "#0"},
				"west": {"uv": [12, 3.5, 12.5, 4], "texture": "#0"},
				"up": {"uv": [12, 3.5, 12.5, 4], "rotation": 270, "texture": "#0"}
			}
		},
		{
			"from": [10.04775, 11.54775, 7],
			"to": [12.54775, 12.04775, 9],
			"faces": {
				"north": {"uv": [13.5, 4, 11, 4.5], "texture": "#0"},
				"east": {"uv": [13.5, 4, 13, 4.5], "texture": "#0"},
				"south": {"uv": [11, 4, 13.5, 4.5], "texture": "#0"},
				"west": {"uv": [11, 4, 11.5, 4.5], "texture": "#0"},
				"up": {"uv": [11, 4, 11.5, 4.5], "rotation": 270, "texture": "#0"},
				"down": {"uv": [11, 4.5, 11.5, 4], "rotation": 90, "texture": "#0"}
			}
		},
		{
			"from": [11.04775, 11.04775, 7],
			"to": [12.54775, 11.54775, 9],
			"faces": {
				"north": {"uv": [13.5, 4.5, 12, 5], "texture": "#0"},
				"east": {"uv": [13.5, 4.5, 13, 5], "texture": "#0"},
				"south": {"uv": [12, 4.5, 13.5, 5], "texture": "#0"},
				"west": {"uv": [12, 4.5, 12.5, 5], "texture": "#0"},
				"down": {"uv": [12, 5, 12.5, 4.5], "rotation": 90, "texture": "#0"}
			}
		},
		{
			"from": [11.54775, 10.04775, 7],
			"to": [12.04775, 11.04775, 9],
			"faces": {
				"north": {"uv": [13, 5, 12.5, 6], "texture": "#0"},
				"east": {"uv": [13, 5, 12.5, 6], "texture": "#0"},
				"south": {"uv": [12.5, 5, 13, 6], "texture": "#0"},
				"west": {"uv": [12.5, 5, 13, 6], "texture": "#0"},
				"down": {"uv": [12.5, 6, 13, 5.5], "rotation": 90, "texture": "#0"}
			}
		}
	],
	"display": {
		"thirdperson_righthand": {
			"rotation": [0, -90, 55],
			"translation": [0, 4, 0.5],
			"scale": [0.85, 0.85, 0.85]
		},
		"thirdperson_lefthand": {
			"rotation": [0, 90, -55],
			"translation": [0, 4, 0.5],
			"scale": [0.85, 0.85, 0.85]
		},
		"firstperson_righthand": {
			"rotation": [0, -90, 25],
			"translation": [1.13, 3.2, 1.13],
			"scale": [0.68, 0.68, 0.68]
		},
		"firstperson_lefthand": {
			"rotation": [0, 90, -25],
			"translation": [1.13, 3.2, 1.13],
			"scale": [0.68, 0.68, 0.68]
		},
		"ground": {
			"translation": [0, 2, 0],
			"scale": [0.5, 0.5, 0.5]
		},
		"head": {
			"rotation": [0, 180, 0],
			"translation": [0, 13, 7]
		},
		"fixed": {
			"rotation": [0, 180, 0]
		}
	},
	"groups": [
		{
			"name": "model_pickaxe",
			"origin": [8, 8, 8],
			"children": [0, 1, 2, 3, 4, 5, 6, 7, 8, 9, 10, 11, 12, 13, 14, 15, 16, 17, 18, 19, 20, 21, 22, 23, 24, 25, 26, 27, 28, 29, 30, 31, 32, 33, 34, 35, 36, 37, 38, 39, 40, 41, 42, 43, 44, 45, 46, 47, 48, 49, 50, 51, 52, 53, 54, 55, 56, 57, 58, 59, 60, 61, 62, 63, 64, 65, 66, 67, 68, 69, 70, 71, 72, 73, 74, 75, 76, 77, 78, 79, 80, 81, 82, 83, 84, 85, 86, 87, 88]
		}
	]
}
