{
	"credit": "Made in Blockbench",
	"textures": {
		"0": "item/diamond_axe",
		"particle": "item/diamond_axe"
	},
	"elements": [
		{
			"from": [9.45604, 14.24725, 7.75],
			"to": [10.95604, 14.74725, 8.25],
			"faces": {
				"north": {"uv": [11, 1, 9.5, 1.5], "texture": "#0"},
				"east": {"uv": [11, 1, 10.5, 1.5], "texture": "#0"},
				"south": {"uv": [9.5, 1, 11, 1.5], "texture": "#0"},
				"west": {"uv": [9.5, 1, 10, 1.5], "texture": "#0"},
				"up": {"uv": [9.5, 1, 10, 1.5], "rotation": 270, "texture": "#0"}
			}
		},
		{
			"from": [8.95604, 13.74725, 7.75],
			"to": [9.45604, 14.24725, 8.25],
			"faces": {
				"north": {"uv": [9.5, 1.5, 9, 2], "texture": "#0"},
				"south": {"uv": [9, 1.5, 9.5, 2], "texture": "#0"},
				"west": {"uv": [9, 1.5, 9.5, 2], "texture": "#0"},
				"up": {"uv": [9, 1.5, 9.5, 2], "rotation": 270, "texture": "#0"}
			}
		},
		{
			"from": [8.45604, 13.24725, 7.75],
			"to": [8.95604, 13.74725, 8.25],
			"faces": {
				"north": {"uv": [9, 2, 8.5, 2.5], "texture": "#0"},
				"south": {"uv": [8.5, 2, 9, 2.5], "texture": "#0"},
				"west": {"uv": [8.5, 2, 9, 2.5], "texture": "#0"},
				"up": {"uv": [8.5, 2, 9, 2.5], "rotation": 270, "texture": "#0"}
			}
		},
		{
			"from": [7.95604, 12.74725, 7.75],
			"to": [8.45604, 13.24725, 8.25],
			"faces": {
				"north": {"uv": [8.5, 2.5, 8, 3], "texture": "#0"},
				"south": {"uv": [8, 2.5, 8.5, 3], "texture": "#0"},
				"west": {"uv": [8, 2.5, 8.5, 3], "texture": "#0"},
				"up": {"uv": [8, 2.5, 8.5, 3], "rotation": 270, "texture": "#0"}
			}
		},
		{
			"from": [7.45604, 12.24725, 7.75],
			"to": [7.95604, 12.74725, 8.25],
			"faces": {
				"north": {"uv": [8, 3, 7.5, 3.5], "texture": "#0"},
				"south": {"uv": [7.5, 3, 8, 3.5], "texture": "#0"},
				"west": {"uv": [7.5, 3, 8, 3.5], "texture": "#0"},
				"up": {"uv": [7.5, 3, 8, 3.5], "rotation": 270, "texture": "#0"}
			}
		},
		{
			"from": [6.95604, 11.74725, 7.75],
			"to": [7.45604, 12.24725, 8.25],
			"faces": {
				"north": {"uv": [7.5, 3.5, 7, 4], "texture": "#0"},
				"south": {"uv": [7, 3.5, 7.5, 4], "texture": "#0"},
				"west": {"uv": [7, 3.5, 7.5, 4], "texture": "#0"},
				"up": {"uv": [7, 3.5, 7.5, 4], "rotation": 270, "texture": "#0"}
			}
		},
		{
			"from": [6.45604, 11.24725, 7.75],
			"to": [6.95604, 11.74725, 8.25],
			"faces": {
				"north": {"uv": [7, 4, 6.5, 4.5], "texture": "#0"},
				"south": {"uv": [6.5, 4, 7, 4.5], "texture": "#0"},
				"west": {"uv": [6.5, 4, 7, 4.5], "texture": "#0"},
				"up": {"uv": [6.5, 4, 7, 4.5], "rotation": 270, "texture": "#0"}
			}
		},
		{
			"from": [5.95604, 9.74725, 7.75],
			"to": [6.45604, 11.24725, 8.25],
			"faces": {
				"north": {"uv": [6.5, 4.5, 6, 6], "texture": "#0"},
				"south": {"uv": [6, 4.5, 6.5, 6], "texture": "#0"},
				"west": {"uv": [6, 4.5, 6.5, 6], "texture": "#0"},
				"up": {"uv": [6, 4.5, 6.5, 5], "rotation": 270, "texture": "#0"},
				"down": {"uv": [6, 6, 6.5, 5.5], "rotation": 90, "texture": "#0"}
			}
		},
		{
			"from": [10.95604, 10.74725, 7.25],
			"to": [11.45604, 13.24725, 8.75],
			"faces": {
				"north": {"uv": [11.5, 1.5, 11, 5], "texture": "#0"},
				"east": {"uv": [11.5, 1.5, 11, 5], "texture": "#0"},
				"south": {"uv": [11, 1.5, 11.5, 5], "texture": "#0"},
				"up": {"uv": [11, 1.5, 11.5, 2], "rotation": 270, "texture": "#0"}
			}
		},
		{
			"from": [9.45604, 13.74725, 7.5],
			"to": [10.95604, 14.24725, 8.5],
			"faces": {
				"north": {"uv": [11, 1.5, 9.5, 2], "texture": "#0"},
				"east": {"uv": [11, 1.5, 10.5, 2], "texture": "#0"},
				"south": {"uv": [9.5, 1.5, 11, 2], "texture": "#0"},
				"west": {"uv": [9.5, 1.5, 10, 2], "texture": "#0"},
				"up": {"uv": [9.5, 1.5, 10, 2], "rotation": 270, "texture": "#0"}
			}
		},
		{
			"from": [10.95604, 13.24725, 7.625],
			"to": [11.45604, 14.24725, 8.375],
			"faces": {
				"north": {"uv": [9.5, 1.5, 9, 2], "texture": "#0"},
				"east": {"uv": [9.5, 1.5, 9, 2], "texture": "#0"},
				"south": {"uv": [9, 1.5, 9.5, 2], "texture": "#0"},
				"up": {"uv": [9, 1.5, 9.5, 2], "rotation": 270, "texture": "#0"}
			}
		},
		{
			"from": [6.45604, 9.24725, 7.625],
			"to": [7.45604, 9.74725, 8.375],
			"faces": {
				"north": {"uv": [9.5, 1.5, 9, 2], "texture": "#0"},
				"south": {"uv": [9, 1.5, 9.5, 2], "texture": "#0"},
				"west": {"uv": [9, 1.5, 9.5, 2], "texture": "#0"},
				"down": {"uv": [9, 2, 9.5, 1.5], "rotation": 90, "texture": "#0"}
			}
		},
		{
			"from": [7.45604, 9.24725, 7.25],
			"to": [9.95604, 9.74725, 8.75],
			"faces": {
				"north": {"uv": [11.5, 1.5, 11, 5], "texture": "#0"},
				"south": {"uv": [11, 1.5, 11.5, 5], "texture": "#0"},
				"west": {"uv": [11, 1.5, 11.5, 5], "texture": "#0"},
				"down": {"uv": [11, 5, 11.5, 4.5], "rotation": 90, "texture": "#0"}
			}
		},
		{
			"from": [8.95604, 13.24725, 7.5],
			"to": [9.95604, 13.74725, 8.5],
			"faces": {
				"north": {"uv": [10, 2, 9, 2.5], "texture": "#0"},
				"south": {"uv": [9, 2, 10, 2.5], "texture": "#0"},
				"west": {"uv": [9, 2, 9.5, 2.5], "texture": "#0"},
				"up": {"uv": [9, 2, 9.5, 2.5], "rotation": 270, "texture": "#0"}
			}
		},
		{
			"from": [8.45604, 12.74725, 7.5],
			"to": [9.45604, 13.24725, 8.5],
			"faces": {
				"north": {"uv": [9.5, 2.5, 8.5, 3], "texture": "#0"},
				"south": {"uv": [8.5, 2.5, 9.5, 3], "texture": "#0"},
				"west": {"uv": [8.5, 2.5, 9, 3], "texture": "#0"},
				"up": {"uv": [8.5, 2.5, 9, 3], "rotation": 270, "texture": "#0"}
			}
		},
		{
			"from": [7.95604, 12.24725, 7.5],
			"to": [8.95604, 12.74725, 8.5],
			"faces": {
				"north": {"uv": [9, 3, 8, 3.5], "texture": "#0"},
				"south": {"uv": [8, 3, 9, 3.5], "texture": "#0"},
				"west": {"uv": [8, 3, 8.5, 3.5], "texture": "#0"},
				"up": {"uv": [8, 3, 8.5, 3.5], "rotation": 270, "texture": "#0"}
			}
		},
		{
			"from": [7.45604, 11.74725, 7.5],
			"to": [8.45604, 12.24725, 8.5],
			"faces": {
				"north": {"uv": [8.5, 3.5, 7.5, 4], "texture": "#0"},
				"south": {"uv": [7.5, 3.5, 8.5, 4], "texture": "#0"},
				"west": {"uv": [7.5, 3.5, 8, 4], "texture": "#0"},
				"up": {"uv": [7.5, 3.5, 8, 4], "rotation": 270, "texture": "#0"}
			}
		},
		{
			"from": [6.95604, 11.24725, 7.5],
			"to": [7.95604, 11.74725, 8.5],
			"faces": {
				"north": {"uv": [8, 4, 7, 4.5], "texture": "#0"},
				"south": {"uv": [7, 4, 8, 4.5], "texture": "#0"},
				"west": {"uv": [7, 4, 7.5, 4.5], "texture": "#0"},
				"up": {"uv": [7, 4, 7.5, 4.5], "rotation": 270, "texture": "#0"}
			}
		},
		{
			"from": [6.45604, 10.74725, 7.5],
			"to": [7.45604, 11.24725, 8.5],
			"faces": {
				"north": {"uv": [7.5, 4.5, 6.5, 5], "texture": "#0"},
				"south": {"uv": [6.5, 4.5, 7.5, 5], "texture": "#0"},
				"west": {"uv": [6.5, 4.5, 7, 5], "texture": "#0"},
				"up": {"uv": [6.5, 4.5, 7, 5], "rotation": 270, "texture": "#0"}
			}
		},
		{
			"from": [6.45604, 9.74725, 7.5],
			"to": [6.95604, 10.74725, 8.5],
			"faces": {
				"north": {"uv": [7, 5, 6.5, 6], "texture": "#0"},
				"south": {"uv": [6.5, 5, 7, 6], "texture": "#0"},
				"west": {"uv": [6.5, 5, 7, 6], "texture": "#0"},
				"down": {"uv": [6.5, 6, 7, 5.5], "rotation": 90, "texture": "#0"}
			}
		},
		{
			"from": [9.95604, 10.74725, 7.25],
			"to": [10.95604, 13.74725, 8.75],
			"faces": {
				"north": {"uv": [11, 2, 10, 5], "texture": "#0"},
				"east": {"uv": [11, 2, 10.5, 5], "texture": "#0"},
				"south": {"uv": [10, 2, 11, 5], "texture": "#0"},
				"west": {"uv": [10, 2, 10.5, 5], "texture": "#0"},
				"up": {"uv": [10, 2, 10.5, 2.5], "rotation": 270, "texture": "#0"}
			}
		},
		{
			"from": [6.95604, 9.74725, 7.25],
			"to": [7.95604, 10.74725, 8.75],
			"faces": {
				"north": {"uv": [8, 5, 7, 6], "texture": "#0"},
				"south": {"uv": [7, 5, 8, 6], "texture": "#0"},
				"west": {"uv": [7, 5, 7.5, 6], "texture": "#0"},
				"up": {"uv": [7, 5, 7.5, 5.5], "rotation": 270, "texture": "#0"},
				"down": {"uv": [7, 6, 7.5, 5.5], "rotation": 90, "texture": "#0"}
			}
		},
		{
			"from": [8.95604, 9.74725, 7.25],
			"to": [9.95604, 12.74725, 8.75],
			"faces": {
				"north": {"uv": [10, 3, 9, 6], "texture": "#0"},
				"south": {"uv": [9, 3, 10, 6], "texture": "#0"},
				"west": {"uv": [9, 3, 9.5, 6], "texture": "#0"},
				"up": {"uv": [9, 3, 9.5, 3.5], "rotation": 270, "texture": "#0"}
			}
		},
		{
			"from": [7.95604, 9.74725, 7.25],
			"to": [8.95604, 11.74725, 8.75],
			"faces": {
				"north": {"uv": [9, 4, 8, 6], "texture": "#0"},
				"south": {"uv": [8, 4, 9, 6], "texture": "#0"},
				"west": {"uv": [8, 4, 8.5, 6], "texture": "#0"},
				"up": {"uv": [8, 4, 8.5, 4.5], "rotation": 270, "texture": "#0"}
			}
		},
		{
			"from": [7.45604, 10.74725, 7.25],
			"to": [7.95604, 11.24725, 8.75],
			"faces": {
				"north": {"uv": [8, 4.5, 7.5, 5], "texture": "#0"},
				"south": {"uv": [7.5, 4.5, 8, 5], "texture": "#0"},
				"west": {"uv": [7.5, 4.5, 8, 5], "texture": "#0"},
				"up": {"uv": [7.5, 4.5, 8, 5], "rotation": 270, "texture": "#0"}
			}
		},
		{
			"from": [8.45604, 11.74725, 7.25],
			"to": [8.95604, 12.24725, 8.75],
			"faces": {
				"north": {"uv": [9, 3.5, 8.5, 4], "texture": "#0"},
				"south": {"uv": [8.5, 3.5, 9, 4], "texture": "#0"},
				"west": {"uv": [8.5, 3.5, 9, 4], "texture": "#0"},
				"up": {"uv": [8.5, 3.5, 9, 4], "rotation": 270, "texture": "#0"}
			}
		},
		{
			"from": [9.45604, 12.74725, 7.25],
			"to": [9.95604, 13.24725, 8.75],
			"faces": {
				"north": {"uv": [10, 2.5, 9.5, 3], "texture": "#0"},
				"south": {"uv": [9.5, 2.5, 10, 3], "texture": "#0"},
				"west": {"uv": [9.5, 2.5, 10, 3], "texture": "#0"},
				"up": {"uv": [9.5, 2.5, 10, 3], "rotation": 270, "texture": "#0"}
			}
		},
		{
			"from": [10.45604, 9.74725, 7],
			"to": [11.95604, 10.74725, 9],
			"faces": {
				"north": {"uv": [12, 5, 10.5, 6], "texture": "#0"},
				"east": {"uv": [12, 5, 11.5, 6], "texture": "#0"},
				"south": {"uv": [10.5, 5, 12, 6], "texture": "#0"},
				"west": {"uv": [10.5, 5, 11, 6], "texture": "#0"},
				"up": {"uv": [10.5, 5, 11, 5.5], "rotation": 270, "texture": "#0"}
			}
		},
		{
			"from": [9.95604, 8.74725, 7],
			"to": [10.95604, 9.74725, 9],
			"faces": {
				"north": {"uv": [11, 6, 10, 7], "texture": "#0"},
				"south": {"uv": [10, 6, 11, 7], "texture": "#0"},
				"west": {"uv": [10, 6, 10.5, 7], "texture": "#0"},
				"down": {"uv": [10, 7, 10.5, 6.5], "rotation": 90, "texture": "#0"}
			}
		},
		{
			"from": [9.95604, 10.24725, 7.25],
			"to": [10.45604, 10.74725, 8.75],
			"faces": {
				"north": {"uv": [10.5, 5, 10, 5.5], "texture": "#0"},
				"south": {"uv": [10, 5, 10.5, 5.5], "texture": "#0"}
			}
		},
		{
			"from": [9.95604, 9.74725, 7],
			"to": [10.45604, 10.24725, 9],
			"faces": {
				"north": {"uv": [10.5, 5.5, 10, 6], "texture": "#0"},
				"south": {"uv": [10, 5.5, 10.5, 6], "texture": "#0"},
				"west": {"uv": [10, 5.5, 10.5, 6], "texture": "#0"},
				"up": {"uv": [10, 5.5, 10.5, 6], "rotation": 270, "texture": "#0"}
			}
		},
		{
			"from": [10.95604, 9.24725, 7],
			"to": [11.95604, 9.74725, 9],
			"faces": {
				"north": {"uv": [12, 6, 11, 6.5], "texture": "#0"},
				"east": {"uv": [12, 6, 11.5, 6.5], "texture": "#0"},
				"south": {"uv": [11, 6, 12, 6.5], "texture": "#0"},
				"down": {"uv": [11, 6.5, 11.5, 6], "rotation": 90, "texture": "#0"}
			}
		},
		{
			"from": [10.95604, 8.74725, 7],
			"to": [11.45604, 9.24725, 9],
			"faces": {
				"north": {"uv": [11.5, 6.5, 11, 7], "texture": "#0"},
				"east": {"uv": [11.5, 6.5, 11, 7], "texture": "#0"},
				"south": {"uv": [11, 6.5, 11.5, 7], "texture": "#0"},
				"down": {"uv": [11, 7, 11.5, 6.5], "rotation": 90, "texture": "#0"}
			}
		},
		{
			"from": [11.45604, 7.74725, 7.25],
			"to": [12.95604, 9.24725, 8.75],
			"faces": {
				"north": {"uv": [13, 6.5, 11.5, 8], "texture": "#0"},
				"east": {"uv": [13, 6.5, 12.5, 8], "texture": "#0"},
				"south": {"uv": [11.5, 6.5, 13, 8], "texture": "#0"},
				"west": {"uv": [11.5, 6.5, 12, 8], "texture": "#0"},
				"up": {"uv": [11.5, 6.5, 12, 7], "rotation": 270, "texture": "#0"},
				"down": {"uv": [11.5, 8, 12, 7.5], "rotation": 90, "texture": "#0"}
			}
		},
		{
			"from": [10.95604, 8.24725, 7.25],
			"to": [11.45604, 8.74725, 8.75],
			"faces": {
				"north": {"uv": [11.5, 7, 11, 7.5], "texture": "#0"},
				"south": {"uv": [11, 7, 11.5, 7.5], "texture": "#0"},
				"west": {"uv": [11, 7, 11.5, 7.5], "texture": "#0"},
				"down": {"uv": [11, 7.5, 11.5, 7], "rotation": 90, "texture": "#0"}
			}
		},
		{
			"from": [11.95604, 9.24725, 7.25],
			"to": [12.45604, 9.74725, 8.75],
			"faces": {
				"north": {"uv": [12.5, 6, 12, 6.5], "texture": "#0"},
				"east": {"uv": [12.5, 6, 12, 6.5], "texture": "#0"},
				"south": {"uv": [12, 6, 12.5, 6.5], "texture": "#0"},
				"up": {"uv": [12, 6, 12.5, 6.5], "rotation": 270, "texture": "#0"}
			}
		},
		{
			"from": [11.95604, 9.74725, 7.75],
			"to": [12.45604, 10.24725, 8.25],
			"faces": {
				"north": {"uv": [9.5, 1.5, 9, 2], "texture": "#0"},
				"east": {"uv": [9.5, 1.5, 9, 2], "texture": "#0"},
				"south": {"uv": [9, 1.5, 9.5, 2], "texture": "#0"}
			}
		},
		{
			"from": [12.45604, 9.24725, 7.75],
			"to": [12.95604, 9.74725, 8.25],
			"faces": {
				"north": {"uv": [9.5, 1.5, 9, 2], "texture": "#0"},
				"east": {"uv": [9.5, 1.5, 9, 2], "texture": "#0"},
				"south": {"uv": [9, 1.5, 9.5, 2], "texture": "#0"},
				"up": {"uv": [9, 1.5, 9.5, 2], "rotation": 270, "texture": "#0"}
			}
		},
		{
			"from": [12.95604, 7.74725, 7.75],
			"to": [13.45604, 9.24725, 8.25],
			"faces": {
				"north": {"uv": [9.5, 1.5, 9, 2], "texture": "#0"},
				"east": {"uv": [9.5, 1.5, 9, 2], "texture": "#0"},
				"south": {"uv": [9, 1.5, 9.5, 2], "texture": "#0"},
				"up": {"uv": [9, 1.5, 9.5, 2], "rotation": 270, "texture": "#0"},
				"down": {"uv": [9, 2, 9.5, 1.5], "rotation": 90, "texture": "#0"}
			}
		},
		{
			"from": [11.45604, 7.24725, 7.75],
			"to": [12.95604, 7.74725, 8.25],
			"faces": {
				"north": {"uv": [9.5, 1.5, 9, 2], "texture": "#0"},
				"east": {"uv": [9.5, 1.5, 9, 2], "texture": "#0"},
				"south": {"uv": [9, 1.5, 9.5, 2], "texture": "#0"},
				"west": {"uv": [9, 1.5, 9.5, 2], "texture": "#0"},
				"down": {"uv": [9, 2, 9.5, 1.5], "rotation": 90, "texture": "#0"}
			}
		},
		{
			"from": [10.95604, 7.74725, 7.75],
			"to": [11.45604, 8.24725, 8.25],
			"faces": {
				"north": {"uv": [9.5, 1.5, 9, 2], "texture": "#0"},
				"south": {"uv": [9, 1.5, 9.5, 2], "texture": "#0"},
				"west": {"uv": [9, 1.5, 9.5, 2], "texture": "#0"},
				"down": {"uv": [9, 2, 9.5, 1.5], "rotation": 90, "texture": "#0"}
			}
		},
		{
			"from": [10.45604, 8.24725, 7.75],
			"to": [10.95604, 8.74725, 8.25],
			"faces": {
				"north": {"uv": [9.5, 1.5, 9, 2], "texture": "#0"},
				"south": {"uv": [9, 1.5, 9.5, 2], "texture": "#0"},
				"down": {"uv": [9, 2, 9.5, 1.5], "rotation": 90, "texture": "#0"}
			}
		},
		{
			"from": [11.95604, 10.24725, 7.25],
			"to": [12.95604, 10.74725, 8.75],
			"faces": {
				"north": {"uv": [13, 5, 12, 5.5], "texture": "#0"},
				"east": {"uv": [13, 5, 12.5, 5.5], "texture": "#0"},
				"south": {"uv": [12, 5, 13, 5.5], "texture": "#0"},
				"up": {"uv": [12, 5, 13, 5.5], "texture": "#0"},
				"down": {"uv": [12, 5, 13, 5.5], "texture": "#0"}
			}
		},
		{
			"from": [11.45604, 10.74725, 7.25],
			"to": [12.45604, 11.24725, 8.75],
			"faces": {
				"north": {"uv": [12.5, 4.5, 11.5, 5], "texture": "#0"},
				"east": {"uv": [12.5, 4.5, 12, 5], "texture": "#0"},
				"south": {"uv": [11.5, 4.5, 12.5, 5], "texture": "#0"},
				"up": {"uv": [11.5, 4.5, 12, 5], "rotation": 270, "texture": "#0"}
			}
		},
		{
			"from": [11.45604, 11.24725, 7.25],
			"to": [11.95604, 11.74725, 8.75],
			"faces": {
				"north": {"uv": [12, 4, 11.5, 4.5], "texture": "#0"},
				"east": {"uv": [12, 4, 11.5, 4.5], "texture": "#0"},
				"south": {"uv": [11.5, 4, 12, 4.5], "texture": "#0"},
				"up": {"uv": [11.5, 4, 12, 4.5], "rotation": 270, "texture": "#0"}
			}
		},
		{
			"from": [8.95604, 8.24725, 7.25],
			"to": [10.45604, 8.74725, 8.75],
			"faces": {
				"north": {"uv": [10.5, 7, 9, 7.5], "texture": "#0"},
				"east": {"uv": [10.5, 7, 10, 7.5], "texture": "#0"},
				"south": {"uv": [9, 7, 10.5, 7.5], "texture": "#0"},
				"west": {"uv": [9, 7, 9.5, 7.5], "texture": "#0"},
				"up": {"uv": [9, 7, 9.5, 7.5], "rotation": 270, "texture": "#0"},
				"down": {"uv": [9, 7.5, 9.5, 7], "rotation": 90, "texture": "#0"}
			}
		},
		{
			"from": [8.45604, 7.74725, 7.25],
			"to": [9.95604, 8.24725, 8.75],
			"faces": {
				"north": {"uv": [10, 7.5, 8.5, 8], "texture": "#0"},
				"east": {"uv": [10, 7.5, 9.5, 8], "texture": "#0"},
				"south": {"uv": [8.5, 7.5, 10, 8], "texture": "#0"},
				"west": {"uv": [8.5, 7.5, 9, 8], "texture": "#0"},
				"up": {"uv": [8.5, 7.5, 9, 8], "rotation": 270, "texture": "#0"},
				"down": {"uv": [8.5, 8, 9, 7.5], "rotation": 90, "texture": "#0"}
			}
		},
		{
			"from": [7.95604, 7.24725, 7.25],
			"to": [9.45604, 7.74725, 8.75],
			"faces": {
				"north": {"uv": [9.5, 8, 8, 8.5], "texture": "#0"},
				"east": {"uv": [9.5, 8, 9, 8.5], "texture": "#0"},
				"south": {"uv": [8, 8, 9.5, 8.5], "texture": "#0"},
				"west": {"uv": [8, 8, 8.5, 8.5], "texture": "#0"},
				"up": {"uv": [8, 8, 8.5, 8.5], "rotation": 270, "texture": "#0"},
				"down": {"uv": [8, 8.5, 8.5, 8], "rotation": 90, "texture": "#0"}
			}
		},
		{
			"from": [7.45604, 6.74725, 7.25],
			"to": [8.95604, 7.24725, 8.75],
			"faces": {
				"north": {"uv": [9, 8.5, 7.5, 9], "texture": "#0"},
				"east": {"uv": [9, 8.5, 8.5, 9], "texture": "#0"},
				"south": {"uv": [7.5, 8.5, 9, 9], "texture": "#0"},
				"west": {"uv": [7.5, 8.5, 8, 9], "texture": "#0"},
				"up": {"uv": [7.5, 8.5, 8, 9], "rotation": 270, "texture": "#0"},
				"down": {"uv": [7.5, 9, 8, 8.5], "rotation": 90, "texture": "#0"}
			}
		},
		{
			"from": [6.95604, 6.24725, 7.25],
			"to": [8.45604, 6.74725, 8.75],
			"faces": {
				"north": {"uv": [8.5, 9, 7, 9.5], "texture": "#0"},
				"east": {"uv": [8.5, 9, 8, 9.5], "texture": "#0"},
				"south": {"uv": [7, 9, 8.5, 9.5], "texture": "#0"},
				"west": {"uv": [7, 9, 7.5, 9.5], "texture": "#0"},
				"up": {"uv": [7, 9, 7.5, 9.5], "rotation": 270, "texture": "#0"},
				"down": {"uv": [7, 9.5, 7.5, 9], "rotation": 90, "texture": "#0"}
			}
		},
		{
			"from": [6.45604, 5.74725, 7.25],
			"to": [7.95604, 6.24725, 8.75],
			"faces": {
				"north": {"uv": [8, 9.5, 6.5, 10], "texture": "#0"},
				"east": {"uv": [8, 9.5, 7.5, 10], "texture": "#0"},
				"south": {"uv": [6.5, 9.5, 8, 10], "texture": "#0"},
				"west": {"uv": [6.5, 9.5, 7, 10], "texture": "#0"},
				"up": {"uv": [6.5, 9.5, 7, 10], "rotation": 270, "texture": "#0"},
				"down": {"uv": [6.5, 10, 7, 9.5], "rotation": 90, "texture": "#0"}
			}
		},
		{
			"from": [5.95604, 5.24725, 7.25],
			"to": [7.45604, 5.74725, 8.75],
			"faces": {
				"north": {"uv": [7.5, 10, 6, 10.5], "texture": "#0"},
				"east": {"uv": [7.5, 10, 7, 10.5], "texture": "#0"},
				"south": {"uv": [6, 10, 7.5, 10.5], "texture": "#0"},
				"west": {"uv": [6, 10, 6.5, 10.5], "texture": "#0"},
				"up": {"uv": [6, 10, 6.5, 10.5], "rotation": 270, "texture": "#0"},
				"down": {"uv": [6, 10.5, 6.5, 10], "rotation": 90, "texture": "#0"}
			}
		},
		{
			"from": [5.45604, 4.74725, 7.25],
			"to": [6.95604, 5.24725, 8.75],
			"faces": {
				"north": {"uv": [7, 10.5, 5.5, 11], "texture": "#0"},
				"east": {"uv": [7, 10.5, 6.5, 11], "texture": "#0"},
				"south": {"uv": [5.5, 10.5, 7, 11], "texture": "#0"},
				"west": {"uv": [5.5, 10.5, 6, 11], "texture": "#0"},
				"up": {"uv": [5.5, 10.5, 6, 11], "rotation": 270, "texture": "#0"},
				"down": {"uv": [5.5, 11, 6, 10.5], "rotation": 90, "texture": "#0"}
			}
		},
		{
			"from": [4.95604, 4.24725, 7.25],
			"to": [6.45604, 4.74725, 8.75],
			"faces": {
				"north": {"uv": [6.5, 11, 5, 11.5], "texture": "#0"},
				"east": {"uv": [6.5, 11, 6, 11.5], "texture": "#0"},
				"south": {"uv": [5, 11, 6.5, 11.5], "texture": "#0"},
				"west": {"uv": [5, 11, 5.5, 11.5], "texture": "#0"},
				"up": {"uv": [5, 11, 5.5, 11.5], "rotation": 270, "texture": "#0"},
				"down": {"uv": [5, 11.5, 5.5, 11], "rotation": 90, "texture": "#0"}
			}
		},
		{
			"from": [4.45604, 3.74725, 7.25],
			"to": [5.95604, 4.24725, 8.75],
			"faces": {
				"north": {"uv": [6, 11.5, 4.5, 12], "texture": "#0"},
				"east": {"uv": [6, 11.5, 5.5, 12], "texture": "#0"},
				"south": {"uv": [4.5, 11.5, 6, 12], "texture": "#0"},
				"west": {"uv": [4.5, 11.5, 5, 12], "texture": "#0"},
				"up": {"uv": [4.5, 11.5, 5, 12], "rotation": 270, "texture": "#0"},
				"down": {"uv": [4.5, 12, 5, 11.5], "rotation": 90, "texture": "#0"}
			}
		},
		{
			"from": [3.95604, 3.24725, 7.25],
			"to": [5.45604, 3.74725, 8.75],
			"faces": {
				"north": {"uv": [5.5, 12, 4, 12.5], "texture": "#0"},
				"east": {"uv": [5.5, 12, 5, 12.5], "texture": "#0"},
				"south": {"uv": [4, 12, 5.5, 12.5], "texture": "#0"},
				"west": {"uv": [4, 12, 4.5, 12.5], "texture": "#0"},
				"up": {"uv": [4, 12, 4.5, 12.5], "rotation": 270, "texture": "#0"},
				"down": {"uv": [4, 12.5, 4.5, 12], "rotation": 90, "texture": "#0"}
			}
		},
		{
			"from": [3.45604, 2.74725, 7.25],
			"to": [4.95604, 3.24725, 8.75],
			"faces": {
				"north": {"uv": [5, 12.5, 3.5, 13], "texture": "#0"},
				"east": {"uv": [5, 12.5, 4.5, 13], "texture": "#0"},
				"south": {"uv": [3.5, 12.5, 5, 13], "texture": "#0"},
				"west": {"uv": [3.5, 12.5, 4, 13], "texture": "#0"},
				"up": {"uv": [3.5, 12.5, 4, 13], "rotation": 270, "texture": "#0"},
				"down": {"uv": [3.5, 13, 4, 12.5], "rotation": 90, "texture": "#0"}
			}
		},
		{
			"from": [2.95604, 2.24725, 7.25],
			"to": [4.45604, 2.74725, 8.75],
			"faces": {
				"north": {"uv": [4.5, 13, 3, 13.5], "texture": "#0"},
				"east": {"uv": [4.5, 13, 4, 13.5], "texture": "#0"},
				"south": {"uv": [3, 13, 4.5, 13.5], "texture": "#0"},
				"west": {"uv": [3, 13, 3.5, 13.5], "texture": "#0"},
				"up": {"uv": [3, 13, 3.5, 13.5], "rotation": 270, "texture": "#0"},
				"down": {"uv": [3, 13.5, 3.5, 13], "rotation": 90, "texture": "#0"}
			}
		},
		{
			"from": [2.45604, 1.74725, 7.25],
			"to": [3.95604, 2.24725, 8.75],
			"faces": {
				"north": {"uv": [4, 13.5, 2.5, 14], "texture": "#0"},
				"east": {"uv": [4, 13.5, 3.5, 14], "texture": "#0"},
				"south": {"uv": [2.5, 13.5, 4, 14], "texture": "#0"},
				"west": {"uv": [2.5, 13.5, 3, 14], "texture": "#0"},
				"up": {"uv": [2.5, 13.5, 3, 14], "rotation": 270, "texture": "#0"},
				"down": {"uv": [2.5, 14, 3, 13.5], "rotation": 90, "texture": "#0"}
			}
		},
		{
			"from": [2.45604, 1.24725, 7.25],
			"to": [3.45604, 1.74725, 8.75],
			"faces": {
				"north": {"uv": [3.5, 14, 2.5, 14.5], "texture": "#0"},
				"east": {"uv": [3.5, 14, 3, 14.5], "texture": "#0"},
				"south": {"uv": [2.5, 14, 3.5, 14.5], "texture": "#0"},
				"west": {"uv": [2.5, 14, 3, 14.5], "texture": "#0"},
				"down": {"uv": [2.5, 14.5, 3, 14], "rotation": 90, "texture": "#0"}
			}
		},
		{
			"from": [8.45604, 8.24725, 7.75],
			"to": [8.95604, 8.74725, 8.25],
			"faces": {
				"north": {"uv": [9, 7, 8.5, 7.5], "texture": "#0"},
				"south": {"uv": [8.5, 7, 9, 7.5], "texture": "#0"},
				"west": {"uv": [8.5, 7, 9, 7.5], "texture": "#0"},
				"up": {"uv": [8.5, 7, 9, 7.5], "rotation": 270, "texture": "#0"}
			}
		},
		{
			"from": [8.95604, 8.74725, 7.75],
			"to": [9.45604, 9.24725, 8.25],
			"faces": {
				"north": {"uv": [9.5, 6.5, 9, 7], "texture": "#0"},
				"south": {"uv": [9, 6.5, 9.5, 7], "texture": "#0"},
				"west": {"uv": [9, 6.5, 9.5, 7], "texture": "#0"}
			}
		},
		{
			"from": [9.45604, 8.74725, 7.25],
			"to": [9.95604, 9.24725, 8.75],
			"faces": {
				"north": {"uv": [10, 6.5, 9.5, 7], "texture": "#0"},
				"south": {"uv": [9.5, 6.5, 10, 7], "texture": "#0"},
				"west": {"uv": [9.5, 6.5, 10, 7], "texture": "#0"}
			}
		},
		{
			"from": [7.95604, 7.74725, 7.75],
			"to": [8.45604, 8.24725, 8.25],
			"faces": {
				"north": {"uv": [8.5, 7.5, 8, 8], "texture": "#0"},
				"south": {"uv": [8, 7.5, 8.5, 8], "texture": "#0"},
				"west": {"uv": [8, 7.5, 8.5, 8], "texture": "#0"},
				"up": {"uv": [8, 7.5, 8.5, 8], "rotation": 270, "texture": "#0"}
			}
		},
		{
			"from": [7.45604, 7.24725, 7.75],
			"to": [7.95604, 7.74725, 8.25],
			"faces": {
				"north": {"uv": [8, 8, 7.5, 8.5], "texture": "#0"},
				"south": {"uv": [7.5, 8, 8, 8.5], "texture": "#0"},
				"west": {"uv": [7.5, 8, 8, 8.5], "texture": "#0"},
				"up": {"uv": [7.5, 8, 8, 8.5], "rotation": 270, "texture": "#0"}
			}
		},
		{
			"from": [6.95604, 6.74725, 7.75],
			"to": [7.45604, 7.24725, 8.25],
			"faces": {
				"north": {"uv": [7.5, 8.5, 7, 9], "texture": "#0"},
				"south": {"uv": [7, 8.5, 7.5, 9], "texture": "#0"},
				"west": {"uv": [7, 8.5, 7.5, 9], "texture": "#0"},
				"up": {"uv": [7, 8.5, 7.5, 9], "rotation": 270, "texture": "#0"}
			}
		},
		{
			"from": [6.45604, 6.24725, 7.75],
			"to": [6.95604, 6.74725, 8.25],
			"faces": {
				"north": {"uv": [7, 9, 6.5, 9.5], "texture": "#0"},
				"south": {"uv": [6.5, 9, 7, 9.5], "texture": "#0"},
				"west": {"uv": [6.5, 9, 7, 9.5], "texture": "#0"},
				"up": {"uv": [6.5, 9, 7, 9.5], "rotation": 270, "texture": "#0"}
			}
		},
		{
			"from": [5.95604, 5.74725, 7.75],
			"to": [6.45604, 6.24725, 8.25],
			"faces": {
				"north": {"uv": [6.5, 9.5, 6, 10], "texture": "#0"},
				"south": {"uv": [6, 9.5, 6.5, 10], "texture": "#0"},
				"west": {"uv": [6, 9.5, 6.5, 10], "texture": "#0"},
				"up": {"uv": [6, 9.5, 6.5, 10], "rotation": 270, "texture": "#0"}
			}
		},
		{
			"from": [5.45604, 5.24725, 7.75],
			"to": [5.95604, 5.74725, 8.25],
			"faces": {
				"north": {"uv": [6, 10, 5.5, 10.5], "texture": "#0"},
				"south": {"uv": [5.5, 10, 6, 10.5], "texture": "#0"},
				"west": {"uv": [5.5, 10, 6, 10.5], "texture": "#0"},
				"up": {"uv": [5.5, 10, 6, 10.5], "rotation": 270, "texture": "#0"}
			}
		},
		{
			"from": [4.95604, 4.74725, 7.75],
			"to": [5.45604, 5.24725, 8.25],
			"faces": {
				"north": {"uv": [5.5, 10.5, 5, 11], "texture": "#0"},
				"south": {"uv": [5, 10.5, 5.5, 11], "texture": "#0"},
				"west": {"uv": [5, 10.5, 5.5, 11], "texture": "#0"},
				"up": {"uv": [5, 10.5, 5.5, 11], "rotation": 270, "texture": "#0"}
			}
		},
		{
			"from": [4.45604, 4.24725, 7.75],
			"to": [4.95604, 4.74725, 8.25],
			"faces": {
				"north": {"uv": [5, 11, 4.5, 11.5], "texture": "#0"},
				"south": {"uv": [4.5, 11, 5, 11.5], "texture": "#0"},
				"west": {"uv": [4.5, 11, 5, 11.5], "texture": "#0"},
				"up": {"uv": [4.5, 11, 5, 11.5], "rotation": 270, "texture": "#0"}
			}
		},
		{
			"from": [3.95604, 3.74725, 7.75],
			"to": [4.45604, 4.24725, 8.25],
			"faces": {
				"north": {"uv": [4.5, 11.5, 4, 12], "texture": "#0"},
				"south": {"uv": [4, 11.5, 4.5, 12], "texture": "#0"},
				"west": {"uv": [4, 11.5, 4.5, 12], "texture": "#0"},
				"up": {"uv": [4, 11.5, 4.5, 12], "rotation": 270, "texture": "#0"}
			}
		},
		{
			"from": [3.45604, 3.24725, 7.75],
			"to": [3.95604, 3.74725, 8.25],
			"faces": {
				"north": {"uv": [4, 12, 3.5, 12.5], "texture": "#0"},
				"south": {"uv": [3.5, 12, 4, 12.5], "texture": "#0"},
				"west": {"uv": [3.5, 12, 4, 12.5], "texture": "#0"},
				"up": {"uv": [3.5, 12, 4, 12.5], "rotation": 270, "texture": "#0"}
			}
		},
		{
			"from": [2.95604, 2.74725, 7.75],
			"to": [3.45604, 3.24725, 8.25],
			"faces": {
				"north": {"uv": [3.5, 12.5, 3, 13], "texture": "#0"},
				"south": {"uv": [3, 12.5, 3.5, 13], "texture": "#0"},
				"west": {"uv": [3, 12.5, 3.5, 13], "texture": "#0"},
				"up": {"uv": [3, 12.5, 3.5, 13], "rotation": 270, "texture": "#0"}
			}
		},
		{
			"from": [2.45604, 2.24725, 7.75],
			"to": [2.95604, 2.74725, 8.25],
			"faces": {
				"north": {"uv": [3, 13, 2.5, 13.5], "texture": "#0"},
				"south": {"uv": [2.5, 13, 3, 13.5], "texture": "#0"},
				"west": {"uv": [2.5, 13, 3, 13.5], "texture": "#0"},
				"up": {"uv": [2.5, 13, 3, 13.5], "rotation": 270, "texture": "#0"}
			}
		},
		{
			"from": [1.95604, 1.24725, 7.75],
			"to": [2.45604, 2.24725, 8.25],
			"faces": {
				"north": {"uv": [2.5, 13.5, 2, 14.5], "texture": "#0"},
				"south": {"uv": [2, 13.5, 2.5, 14.5], "texture": "#0"},
				"west": {"uv": [2, 13.5, 2.5, 14.5], "texture": "#0"},
				"up": {"uv": [2, 13.5, 2.5, 14], "rotation": 270, "texture": "#0"},
				"down": {"uv": [2, 14.5, 2.5, 14], "rotation": 90, "texture": "#0"}
			}
		},
		{
			"from": [2.45604, 0.74725, 7.75],
			"to": [3.45604, 1.24725, 8.25],
			"faces": {
				"north": {"uv": [3.5, 14.5, 2.5, 15], "texture": "#0"},
				"east": {"uv": [3.5, 14.5, 3, 15], "texture": "#0"},
				"south": {"uv": [2.5, 14.5, 3.5, 15], "texture": "#0"},
				"west": {"uv": [2.5, 14.5, 3, 15], "texture": "#0"},
				"down": {"uv": [2.5, 15, 3, 14.5], "rotation": 90, "texture": "#0"}
			}
		},
		{
			"from": [3.45604, 1.24725, 7.75],
			"to": [3.95604, 1.74725, 8.25],
			"faces": {
				"north": {"uv": [4, 14, 3.5, 14.5], "texture": "#0"},
				"east": {"uv": [4, 14, 3.5, 14.5], "texture": "#0"},
				"south": {"uv": [3.5, 14, 4, 14.5], "texture": "#0"},
				"down": {"uv": [3.5, 14.5, 4, 14], "rotation": 90, "texture": "#0"}
			}
		},
		{
			"from": [3.95604, 1.74725, 7.75],
			"to": [4.45604, 2.24725, 8.25],
			"faces": {
				"north": {"uv": [4.5, 13.5, 4, 14], "texture": "#0"},
				"east": {"uv": [4.5, 13.5, 4, 14], "texture": "#0"},
				"south": {"uv": [4, 13.5, 4.5, 14], "texture": "#0"},
				"down": {"uv": [4, 14, 4.5, 13.5], "rotation": 90, "texture": "#0"}
			}
		},
		{
			"from": [4.45604, 2.24725, 7.75],
			"to": [4.95604, 2.74725, 8.25],
			"faces": {
				"north": {"uv": [5, 13, 4.5, 13.5], "texture": "#0"},
				"east": {"uv": [5, 13, 4.5, 13.5], "texture": "#0"},
				"south": {"uv": [4.5, 13, 5, 13.5], "texture": "#0"},
				"down": {"uv": [4.5, 13.5, 5, 13], "rotation": 90, "texture": "#0"}
			}
		},
		{
			"from": [4.95604, 2.74725, 7.75],
			"to": [5.45604, 3.24725, 8.25],
			"faces": {
				"north": {"uv": [5.5, 12.5, 5, 13], "texture": "#0"},
				"east": {"uv": [5.5, 12.5, 5, 13], "texture": "#0"},
				"south": {"uv": [5, 12.5, 5.5, 13], "texture": "#0"},
				"down": {"uv": [5, 13, 5.5, 12.5], "rotation": 90, "texture": "#0"}
			}
		},
		{
			"from": [5.45604, 3.24725, 7.75],
			"to": [5.95604, 3.74725, 8.25],
			"faces": {
				"north": {"uv": [6, 12, 5.5, 12.5], "texture": "#0"},
				"east": {"uv": [6, 12, 5.5, 12.5], "texture": "#0"},
				"south": {"uv": [5.5, 12, 6, 12.5], "texture": "#0"},
				"down": {"uv": [5.5, 12.5, 6, 12], "rotation": 90, "texture": "#0"}
			}
		},
		{
			"from": [5.95604, 3.74725, 7.75],
			"to": [6.45604, 4.24725, 8.25],
			"faces": {
				"north": {"uv": [6.5, 11.5, 6, 12], "texture": "#0"},
				"east": {"uv": [6.5, 11.5, 6, 12], "texture": "#0"},
				"south": {"uv": [6, 11.5, 6.5, 12], "texture": "#0"},
				"down": {"uv": [6, 12, 6.5, 11.5], "rotation": 90, "texture": "#0"}
			}
		},
		{
			"from": [6.45604, 4.24725, 7.75],
			"to": [6.95604, 4.74725, 8.25],
			"faces": {
				"north": {"uv": [7, 11, 6.5, 11.5], "texture": "#0"},
				"east": {"uv": [7, 11, 6.5, 11.5], "texture": "#0"},
				"south": {"uv": [6.5, 11, 7, 11.5], "texture": "#0"},
				"down": {"uv": [6.5, 11.5, 7, 11], "rotation": 90, "texture": "#0"}
			}
		},
		{
			"from": [6.95604, 4.74725, 7.75],
			"to": [7.45604, 5.24725, 8.25],
			"faces": {
				"north": {"uv": [7.5, 10.5, 7, 11], "texture": "#0"},
				"east": {"uv": [7.5, 10.5, 7, 11], "texture": "#0"},
				"south": {"uv": [7, 10.5, 7.5, 11], "texture": "#0"},
				"down": {"uv": [7, 11, 7.5, 10.5], "rotation": 90, "texture": "#0"}
			}
		},
		{
			"from": [7.45604, 5.24725, 7.75],
			"to": [7.95604, 5.74725, 8.25],
			"faces": {
				"north": {"uv": [8, 10, 8.5, 10.5], "texture": "#0"},
				"east": {"uv": [7.5, 10, 8, 10.5], "texture": "#0"},
				"south": {"uv": [7.5, 10, 8, 10.5], "texture": "#0"},
				"down": {"uv": [8.5, 8, 8, 7.5], "rotation": 90, "texture": "#0"}
			}
		},
		{
			"from": [7.95604, 5.74725, 7.75],
			"to": [8.45604, 6.24725, 8.25],
			"faces": {
				"north": {"uv": [8.5, 9.5, 8, 10], "texture": "#0"},
				"east": {"uv": [8.5, 9.5, 8, 10], "texture": "#0"},
				"south": {"uv": [8, 9.5, 8.5, 10], "texture": "#0"},
				"down": {"uv": [8, 10, 8.5, 9.5], "rotation": 90, "texture": "#0"}
			}
		},
		{
			"from": [8.45604, 6.24725, 7.75],
			"to": [8.95604, 6.74725, 8.25],
			"faces": {
				"north": {"uv": [9, 9, 8.5, 9.5], "texture": "#0"},
				"east": {"uv": [9, 9, 8.5, 9.5], "texture": "#0"},
				"south": {"uv": [8.5, 9, 9, 9.5], "texture": "#0"},
				"down": {"uv": [8.5, 9.5, 9, 9], "rotation": 90, "texture": "#0"}
			}
		},
		{
			"from": [8.95604, 6.74725, 7.75],
			"to": [9.45604, 7.24725, 8.25],
			"faces": {
				"north": {"uv": [9.5, 8.5, 9, 9], "texture": "#0"},
				"east": {"uv": [9.5, 8.5, 9, 9], "texture": "#0"},
				"south": {"uv": [9, 8.5, 9.5, 9], "texture": "#0"},
				"down": {"uv": [9, 9, 9.5, 8.5], "rotation": 90, "texture": "#0"}
			}
		},
		{
			"from": [9.45604, 7.24725, 7.75],
			"to": [9.95604, 7.74725, 8.25],
			"faces": {
				"north": {"uv": [10, 8, 9.5, 8.5], "texture": "#0"},
				"east": {"uv": [10, 8, 9.5, 8.5], "texture": "#0"},
				"south": {"uv": [9.5, 8, 10, 8.5], "texture": "#0"},
				"down": {"uv": [9.5, 8.5, 10, 8], "rotation": 90, "texture": "#0"}
			}
		},
		{
			"from": [9.95604, 7.74725, 7.75],
			"to": [10.45604, 8.24725, 8.25],
			"faces": {
				"north": {"uv": [10.5, 7.5, 10, 8], "texture": "#0"},
				"east": {"uv": [10.5, 7.5, 10, 8], "texture": "#0"},
				"south": {"uv": [10, 7.5, 10.5, 8], "texture": "#0"},
				"down": {"uv": [10, 8, 10.5, 7.5], "rotation": 90, "texture": "#0"}
			}
		}
	],
	"display": {
		"thirdperson_righthand": {
			"rotation": [0, -90, 55],
			"translation": [0, 4, 0.5],
			"scale": [0.85, 0.85, 0.85]
		},
		"thirdperson_lefthand": {
			"rotation": [0, 90, -55],
			"translation": [0, 4, 0.5],
			"scale": [0.85, 0.85, 0.85]
		},
		"firstperson_righthand": {
			"rotation": [0, -90, 25],
			"translation": [1.13, 3.2, 1.13],
			"scale": [0.68, 0.68, 0.68]
		},
		"firstperson_lefthand": {
			"rotation": [0, 90, -25],
			"translation": [1.13, 3.2, 1.13],
			"scale": [0.68, 0.68, 0.68]
		},
		"ground": {
			"translation": [0, 2, 0],
			"scale": [0.5, 0.5, 0.5]
		},
		"head": {
			"rotation": [0, 180, 0],
			"translation": [0, 13, 7]
		},
		"fixed": {
			"rotation": [0, 180, 0]
		}
	},
	"groups": [
		{
			"name": "model_axe",
			"origin": [8, 8, 8],
			"children": [0, 1, 2, 3, 4, 5, 6, 7, 8, 9, 10, 11, 12, 13, 14, 15, 16, 17, 18, 19, 20, 21, 22, 23, 24, 25, 26, 27, 28, 29, 30, 31, 32, 33, 34, 35, 36, 37, 38, 39, 40, 41, 42, 43, 44, 45, 46, 47, 48, 49, 50, 51, 52, 53, 54, 55, 56, 57, 58, 59, 60, 61, 62, 63, 64, 65, 66, 67, 68, 69, 70, 71, 72, 73, 74, 75, 76, 77, 78, 79, 80, 81, 82, 83, 84, 85, 86, 87, 88, 89, 90]
		}
	]
}
