{
	"credit": "Made with Blockbench",
	"parent": "item/fishing_rod",
	"textures": {
		"texture": "item/fishing_rod_cast"
	},
	"elements": [
		{
			"from": [1.2797, 1.80693, 7.375],
			"to": [1.7797, 2.80693, 8.625],
			"faces": {
				"north": {"uv": [2.5, 13.5, 2, 14.5], "texture": "#texture"},
				"south": {"uv": [2, 13.5, 2.5, 14.5], "texture": "#texture"},
				"west": {"uv": [2, 13.5, 2.5, 14.5], "texture": "#texture"},
				"up": {"uv": [2, 13.5, 2.5, 14], "rotation": 270, "texture": "#texture"},
				"down": {"uv": [2, 14.5, 2.5, 14], "rotation": 90, "texture": "#texture"}
			}
		},
		{
			"from": [12.7797, 13.80693, 7.375],
			"to": [13.7797, 14.30693, 8.625],
			"faces": {
				"north": {"uv": [14.5, 2, 13.5, 2.5], "texture": "#texture"},
				"east": {"uv": [14.5, 2, 14, 2.5], "texture": "#texture"},
				"south": {"uv": [13.5, 2, 14.5, 2.5], "texture": "#texture"},
				"west": {"uv": [13.5, 2, 14, 2.5], "texture": "#texture"},
				"up": {"uv": [13.5, 2, 14, 2.5], "rotation": 270, "texture": "#texture"}
			}
		},
		{
			"from": [1.7797, 1.30693, 7.375],
			"to": [2.7797, 1.80693, 8.625],
			"faces": {
				"north": {"uv": [3.5, 14.5, 2.5, 15], "texture": "#texture"},
				"east": {"uv": [3.5, 14.5, 3, 15], "texture": "#texture"},
				"south": {"uv": [2.5, 14.5, 3.5, 15], "texture": "#texture"},
				"west": {"uv": [2.5, 14.5, 3, 15], "texture": "#texture"},
				"down": {"uv": [2.5, 15, 3, 14.5], "rotation": 90, "texture": "#texture"}
			}
		},
		{
			"from": [1.7797, 2.80693, 7.375],
			"to": [2.2797, 3.30693, 8.625],
			"faces": {
				"north": {"uv": [3, 13, 2.5, 13.5], "texture": "#texture"},
				"south": {"uv": [2.5, 13, 3, 13.5], "texture": "#texture"},
				"west": {"uv": [2.5, 13, 3, 13.5], "texture": "#texture"},
				"up": {"uv": [2.5, 13, 3, 13.5], "rotation": 270, "texture": "#texture"}
			}
		},
		{
			"from": [2.2797, 3.30693, 7.375],
			"to": [2.7797, 3.80693, 8.625],
			"faces": {
				"north": {"uv": [3.5, 12.5, 3, 13], "texture": "#texture"},
				"south": {"uv": [3, 12.5, 3.5, 13], "texture": "#texture"},
				"west": {"uv": [3, 12.5, 3.5, 13], "texture": "#texture"},
				"up": {"uv": [3, 12.5, 3.5, 13], "rotation": 270, "texture": "#texture"}
			}
		},
		{
			"from": [2.7797, 3.80693, 7.375],
			"to": [3.2797, 4.30693, 8.625],
			"faces": {
				"north": {"uv": [4, 12, 3.5, 12.5], "texture": "#texture"},
				"south": {"uv": [3.5, 12, 4, 12.5], "texture": "#texture"},
				"west": {"uv": [3.5, 12, 4, 12.5], "texture": "#texture"},
				"up": {"uv": [3.5, 12, 4, 12.5], "rotation": 270, "texture": "#texture"}
			}
		},
		{
			"from": [3.2797, 4.30693, 7.375],
			"to": [3.7797, 4.80693, 8.625],
			"faces": {
				"north": {"uv": [4.5, 11.5, 4, 12], "texture": "#texture"},
				"south": {"uv": [4, 11.5, 4.5, 12], "texture": "#texture"},
				"west": {"uv": [4, 11.5, 4.5, 12], "texture": "#texture"},
				"up": {"uv": [4, 11.5, 4.5, 12], "rotation": 270, "texture": "#texture"}
			}
		},
		{
			"from": [3.7797, 4.80693, 7.375],
			"to": [4.2797, 5.30693, 8.625],
			"faces": {
				"north": {"uv": [5, 11, 4.5, 11.5], "texture": "#texture"},
				"south": {"uv": [4.5, 11, 5, 11.5], "texture": "#texture"},
				"west": {"uv": [4.5, 11, 5, 11.5], "texture": "#texture"},
				"up": {"uv": [4.5, 11, 5, 11.5], "rotation": 270, "texture": "#texture"}
			}
		},
		{
			"from": [4.2797, 5.30693, 7.375],
			"to": [4.7797, 5.80693, 8.625],
			"faces": {
				"north": {"uv": [5.5, 10.5, 5, 11], "texture": "#texture"},
				"south": {"uv": [5, 10.5, 5.5, 11], "texture": "#texture"},
				"west": {"uv": [5, 10.5, 5.5, 11], "texture": "#texture"},
				"up": {"uv": [5, 10.5, 5.5, 11], "rotation": 270, "texture": "#texture"}
			}
		},
		{
			"from": [4.7797, 5.80693, 7.375],
			"to": [5.2797, 6.30693, 8.625],
			"faces": {
				"north": {"uv": [6, 10, 5.5, 10.5], "texture": "#texture"},
				"south": {"uv": [5.5, 10, 6, 10.5], "texture": "#texture"},
				"west": {"uv": [5.5, 10, 6, 10.5], "texture": "#texture"},
				"up": {"uv": [5.5, 10, 6, 10.5], "rotation": 270, "texture": "#texture"}
			}
		},
		{
			"from": [5.2797, 6.30693, 7.375],
			"to": [5.7797, 6.80693, 8.625],
			"faces": {
				"north": {"uv": [6.5, 9.5, 6, 10], "texture": "#texture"},
				"south": {"uv": [6, 9.5, 6.5, 10], "texture": "#texture"},
				"west": {"uv": [6, 9.5, 6.5, 10], "texture": "#texture"},
				"up": {"uv": [6, 9.5, 6.5, 10], "rotation": 270, "texture": "#texture"}
			}
		},
		{
			"from": [5.7797, 6.80693, 7.375],
			"to": [6.2797, 7.30693, 8.625],
			"faces": {
				"north": {"uv": [7, 9, 6.5, 9.5], "texture": "#texture"},
				"south": {"uv": [6.5, 9, 7, 9.5], "texture": "#texture"},
				"west": {"uv": [6.5, 9, 7, 9.5], "texture": "#texture"},
				"up": {"uv": [6.5, 9, 7, 9.5], "rotation": 270, "texture": "#texture"}
			}
		},
		{
			"from": [6.2797, 7.30693, 7.375],
			"to": [6.7797, 7.80693, 8.625],
			"faces": {
				"north": {"uv": [7.5, 8.5, 7, 9], "texture": "#texture"},
				"south": {"uv": [7, 8.5, 7.5, 9], "texture": "#texture"},
				"west": {"uv": [7, 8.5, 7.5, 9], "texture": "#texture"},
				"up": {"uv": [7, 8.5, 7.5, 9], "rotation": 270, "texture": "#texture"}
			}
		},
		{
			"from": [6.7797, 7.80693, 7.375],
			"to": [7.2797, 8.30693, 8.625],
			"faces": {
				"north": {"uv": [8, 8, 7.5, 8.5], "texture": "#texture"},
				"south": {"uv": [7.5, 8, 8, 8.5], "texture": "#texture"},
				"west": {"uv": [7.5, 8, 8, 8.5], "texture": "#texture"},
				"up": {"uv": [7.5, 8, 8, 8.5], "rotation": 270, "texture": "#texture"}
			}
		},
		{
			"from": [7.2797, 8.30693, 7.375],
			"to": [7.7797, 8.80693, 8.625],
			"faces": {
				"north": {"uv": [8.5, 7.5, 8, 8], "texture": "#texture"},
				"south": {"uv": [8, 7.5, 8.5, 8], "texture": "#texture"},
				"west": {"uv": [8, 7.5, 8.5, 8], "texture": "#texture"},
				"up": {"uv": [8, 7.5, 8.5, 8], "rotation": 270, "texture": "#texture"}
			}
		},
		{
			"from": [7.7797, 8.80693, 7.375],
			"to": [8.2797, 9.30693, 8.625],
			"faces": {
				"north": {"uv": [9, 7, 8.5, 7.5], "texture": "#texture"},
				"south": {"uv": [8.5, 7, 9, 7.5], "texture": "#texture"},
				"west": {"uv": [8.5, 7, 9, 7.5], "texture": "#texture"},
				"up": {"uv": [8.5, 7, 9, 7.5], "rotation": 270, "texture": "#texture"}
			}
		},
		{
			"from": [8.2797, 9.30693, 7.375],
			"to": [8.7797, 9.80693, 8.625],
			"faces": {
				"north": {"uv": [9.5, 6.5, 9, 7], "texture": "#texture"},
				"south": {"uv": [9, 6.5, 9.5, 7], "texture": "#texture"},
				"west": {"uv": [9, 6.5, 9.5, 7], "texture": "#texture"},
				"up": {"uv": [9, 6.5, 9.5, 7], "rotation": 270, "texture": "#texture"}
			}
		},
		{
			"from": [8.7797, 9.80693, 7.375],
			"to": [9.2797, 10.30693, 8.625],
			"faces": {
				"north": {"uv": [10, 6, 9.5, 6.5], "texture": "#texture"},
				"south": {"uv": [9.5, 6, 10, 6.5], "texture": "#texture"},
				"west": {"uv": [9.5, 6, 10, 6.5], "texture": "#texture"},
				"up": {"uv": [9.5, 6, 10, 6.5], "rotation": 270, "texture": "#texture"}
			}
		},
		{
			"from": [9.2797, 10.30693, 7.375],
			"to": [9.7797, 10.80693, 8.625],
			"faces": {
				"north": {"uv": [10.5, 5.5, 10, 6], "texture": "#texture"},
				"south": {"uv": [10, 5.5, 10.5, 6], "texture": "#texture"},
				"west": {"uv": [10, 5.5, 10.5, 6], "texture": "#texture"},
				"up": {"uv": [10, 5.5, 10.5, 6], "rotation": 270, "texture": "#texture"}
			}
		},
		{
			"from": [9.7797, 10.80693, 7.375],
			"to": [10.2797, 11.30693, 8.625],
			"faces": {
				"north": {"uv": [11, 5, 10.5, 5.5], "texture": "#texture"},
				"south": {"uv": [10.5, 5, 11, 5.5], "texture": "#texture"},
				"west": {"uv": [10.5, 5, 11, 5.5], "texture": "#texture"},
				"up": {"uv": [10.5, 5, 11, 5.5], "rotation": 270, "texture": "#texture"}
			}
		},
		{
			"from": [10.2797, 11.30693, 7.375],
			"to": [10.7797, 11.80693, 8.625],
			"faces": {
				"north": {"uv": [11.5, 4.5, 11, 5], "texture": "#texture"},
				"south": {"uv": [11, 4.5, 11.5, 5], "texture": "#texture"},
				"west": {"uv": [11, 4.5, 11.5, 5], "texture": "#texture"},
				"up": {"uv": [11, 4.5, 11.5, 5], "rotation": 270, "texture": "#texture"}
			}
		},
		{
			"from": [10.7797, 11.80693, 7.375],
			"to": [11.2797, 12.30693, 8.625],
			"faces": {
				"north": {"uv": [12, 4, 11.5, 4.5], "texture": "#texture"},
				"south": {"uv": [11.5, 4, 12, 4.5], "texture": "#texture"},
				"west": {"uv": [11.5, 4, 12, 4.5], "texture": "#texture"},
				"up": {"uv": [11.5, 4, 12, 4.5], "rotation": 270, "texture": "#texture"}
			}
		},
		{
			"from": [11.2797, 12.30693, 7.375],
			"to": [11.7797, 12.80693, 8.625],
			"faces": {
				"north": {"uv": [12.5, 3.5, 12, 4], "texture": "#texture"},
				"south": {"uv": [12, 3.5, 12.5, 4], "texture": "#texture"},
				"west": {"uv": [12, 3.5, 12.5, 4], "texture": "#texture"},
				"up": {"uv": [12, 3.5, 12.5, 4], "rotation": 270, "texture": "#texture"}
			}
		},
		{
			"from": [11.7797, 12.80693, 7.375],
			"to": [12.2797, 13.30693, 8.625],
			"faces": {
				"north": {"uv": [13, 3, 12.5, 3.5], "texture": "#texture"},
				"south": {"uv": [12.5, 3, 13, 3.5], "texture": "#texture"},
				"west": {"uv": [12.5, 3, 13, 3.5], "texture": "#texture"},
				"up": {"uv": [12.5, 3, 13, 3.5], "rotation": 270, "texture": "#texture"}
			}
		},
		{
			"from": [12.2797, 13.30693, 7.375],
			"to": [12.7797, 13.80693, 8.625],
			"faces": {
				"north": {"uv": [13.5, 2.5, 13, 3], "texture": "#texture"},
				"south": {"uv": [13, 2.5, 13.5, 3], "texture": "#texture"},
				"west": {"uv": [13, 2.5, 13.5, 3], "texture": "#texture"},
				"up": {"uv": [13, 2.5, 13.5, 3], "rotation": 270, "texture": "#texture"}
			}
		},
		{
			"from": [13.2797, 12.30693, 7.375],
			"to": [13.7797, 12.80693, 8.625],
			"faces": {
				"north": {"uv": [14.5, 3.5, 14, 4], "texture": "#texture"},
				"east": {"uv": [14.5, 3.5, 14, 4], "texture": "#texture"},
				"south": {"uv": [14, 3.5, 14.5, 4], "texture": "#texture"},
				"down": {"uv": [14, 4, 14.5, 3.5], "rotation": 90, "texture": "#texture"}
			}
		},
		{
			"from": [12.7797, 11.80693, 7.375],
			"to": [13.2797, 12.30693, 8.625],
			"faces": {
				"north": {"uv": [14, 4, 13.5, 4.5], "texture": "#texture"},
				"east": {"uv": [14, 4, 13.5, 4.5], "texture": "#texture"},
				"south": {"uv": [13.5, 4, 14, 4.5], "texture": "#texture"},
				"down": {"uv": [13.5, 4.5, 14, 4], "rotation": 90, "texture": "#texture"}
			}
		},
		{
			"from": [12.2797, 11.30693, 7.375],
			"to": [12.7797, 11.80693, 8.625],
			"faces": {
				"north": {"uv": [13.5, 4.5, 13, 5], "texture": "#texture"},
				"east": {"uv": [13.5, 4.5, 13, 5], "texture": "#texture"},
				"south": {"uv": [13, 4.5, 13.5, 5], "texture": "#texture"},
				"down": {"uv": [13, 5, 13.5, 4.5], "rotation": 90, "texture": "#texture"}
			}
		},
		{
			"from": [11.7797, 10.80693, 7.375],
			"to": [12.2797, 11.30693, 8.625],
			"faces": {
				"north": {"uv": [13, 5, 12.5, 5.5], "texture": "#texture"},
				"east": {"uv": [13, 5, 12.5, 5.5], "texture": "#texture"},
				"south": {"uv": [12.5, 5, 13, 5.5], "texture": "#texture"},
				"down": {"uv": [12.5, 5.5, 13, 5], "rotation": 90, "texture": "#texture"}
			}
		},
		{
			"from": [11.2797, 10.30693, 7.375],
			"to": [11.7797, 10.80693, 8.625],
			"faces": {
				"north": {"uv": [12.5, 5.5, 12, 6], "texture": "#texture"},
				"east": {"uv": [12.5, 5.5, 12, 6], "texture": "#texture"},
				"south": {"uv": [12, 5.5, 12.5, 6], "texture": "#texture"},
				"down": {"uv": [12, 6, 12.5, 5.5], "rotation": 90, "texture": "#texture"}
			}
		},
		{
			"from": [10.7797, 9.80693, 7.375],
			"to": [11.2797, 10.30693, 8.625],
			"faces": {
				"north": {"uv": [12, 6, 11.5, 6.5], "texture": "#texture"},
				"east": {"uv": [12, 6, 11.5, 6.5], "texture": "#texture"},
				"south": {"uv": [11.5, 6, 12, 6.5], "texture": "#texture"},
				"down": {"uv": [11.5, 6.5, 12, 6], "rotation": 90, "texture": "#texture"}
			}
		},
		{
			"from": [10.2797, 9.30693, 7.375],
			"to": [10.7797, 9.80693, 8.625],
			"faces": {
				"north": {"uv": [11.5, 6.5, 11, 7], "texture": "#texture"},
				"east": {"uv": [11.5, 6.5, 11, 7], "texture": "#texture"},
				"south": {"uv": [11, 6.5, 11.5, 7], "texture": "#texture"},
				"down": {"uv": [11, 7, 11.5, 6.5], "rotation": 90, "texture": "#texture"}
			}
		},
		{
			"from": [9.7797, 8.80693, 7.375],
			"to": [10.2797, 9.30693, 8.625],
			"faces": {
				"north": {"uv": [11, 7, 10.5, 7.5], "texture": "#texture"},
				"east": {"uv": [11, 7, 10.5, 7.5], "texture": "#texture"},
				"south": {"uv": [10.5, 7, 11, 7.5], "texture": "#texture"},
				"down": {"uv": [10.5, 7.5, 11, 7], "rotation": 90, "texture": "#texture"}
			}
		},
		{
			"from": [9.2797, 8.30693, 7.375],
			"to": [9.7797, 8.80693, 8.625],
			"faces": {
				"north": {"uv": [10.5, 7.5, 10, 8], "texture": "#texture"},
				"east": {"uv": [10.5, 7.5, 10, 8], "texture": "#texture"},
				"south": {"uv": [10, 7.5, 10.5, 8], "texture": "#texture"},
				"down": {"uv": [10, 8, 10.5, 7.5], "rotation": 90, "texture": "#texture"}
			}
		},
		{
			"from": [8.7797, 7.80693, 7.375],
			"to": [9.2797, 8.30693, 8.625],
			"faces": {
				"north": {"uv": [10, 8, 9.5, 8.5], "texture": "#texture"},
				"east": {"uv": [10, 8, 9.5, 8.5], "texture": "#texture"},
				"south": {"uv": [9.5, 8, 10, 8.5], "texture": "#texture"},
				"down": {"uv": [9.5, 8.5, 10, 8], "rotation": 90, "texture": "#texture"}
			}
		},
		{
			"from": [8.2797, 7.30693, 7.375],
			"to": [8.7797, 7.80693, 8.625],
			"faces": {
				"north": {"uv": [9.5, 8.5, 9, 9], "texture": "#texture"},
				"east": {"uv": [9.5, 8.5, 9, 9], "texture": "#texture"},
				"south": {"uv": [9, 8.5, 9.5, 9], "texture": "#texture"},
				"down": {"uv": [9, 9, 9.5, 8.5], "rotation": 90, "texture": "#texture"}
			}
		},
		{
			"from": [7.7797, 6.80693, 7.375],
			"to": [8.2797, 7.30693, 8.625],
			"faces": {
				"north": {"uv": [9, 9, 8.5, 9.5], "texture": "#texture"},
				"east": {"uv": [9, 9, 8.5, 9.5], "texture": "#texture"},
				"south": {"uv": [8.5, 9, 9, 9.5], "texture": "#texture"},
				"down": {"uv": [8.5, 9.5, 9, 9], "rotation": 90, "texture": "#texture"}
			}
		},
		{
			"from": [7.2797, 6.30693, 7.375],
			"to": [7.7797, 6.80693, 8.625],
			"faces": {
				"north": {"uv": [8.5, 9.5, 8, 10], "texture": "#texture"},
				"east": {"uv": [8.5, 9.5, 8, 10], "texture": "#texture"},
				"south": {"uv": [8, 9.5, 8.5, 10], "texture": "#texture"},
				"down": {"uv": [8, 10, 8.5, 9.5], "rotation": 90, "texture": "#texture"}
			}
		},
		{
			"from": [6.7797, 5.80693, 7.375],
			"to": [7.2797, 6.30693, 8.625],
			"faces": {
				"north": {"uv": [8, 10, 7.5, 10.5], "texture": "#texture"},
				"east": {"uv": [8, 10, 7.5, 10.5], "texture": "#texture"},
				"south": {"uv": [7.5, 10, 8, 10.5], "texture": "#texture"},
				"down": {"uv": [7.5, 10.5, 8, 10], "rotation": 90, "texture": "#texture"}
			}
		},
		{
			"from": [4.2797, 3.30693, 7.375],
			"to": [4.7797, 3.80693, 8.625],
			"faces": {
				"north": {"uv": [5.5, 12.5, 5, 13], "texture": "#texture"},
				"east": {"uv": [5.5, 12.5, 5, 13], "texture": "#texture"},
				"south": {"uv": [5, 12.5, 5.5, 13], "texture": "#texture"},
				"down": {"uv": [5, 13, 5.5, 12.5], "rotation": 90, "texture": "#texture"}
			}
		},
		{
			"from": [3.7797, 2.80693, 7.375],
			"to": [4.2797, 3.30693, 8.625],
			"faces": {
				"north": {"uv": [5, 13, 4.5, 13.5], "texture": "#texture"},
				"east": {"uv": [5, 13, 4.5, 13.5], "texture": "#texture"},
				"south": {"uv": [4.5, 13, 5, 13.5], "texture": "#texture"},
				"down": {"uv": [4.5, 13.5, 5, 13], "rotation": 90, "texture": "#texture"}
			}
		},
		{
			"from": [3.2797, 2.30693, 7.375],
			"to": [3.7797, 2.80693, 8.625],
			"faces": {
				"north": {"uv": [4.5, 13.5, 4, 14], "texture": "#texture"},
				"east": {"uv": [4.5, 13.5, 4, 14], "texture": "#texture"},
				"south": {"uv": [4, 13.5, 4.5, 14], "texture": "#texture"},
				"down": {"uv": [4, 14, 4.5, 13.5], "rotation": 90, "texture": "#texture"}
			}
		},
		{
			"from": [2.7797, 1.80693, 7.375],
			"to": [3.2797, 2.30693, 8.625],
			"faces": {
				"north": {"uv": [4, 14, 3.5, 14.5], "texture": "#texture"},
				"east": {"uv": [4, 14, 3.5, 14.5], "texture": "#texture"},
				"south": {"uv": [3.5, 14, 4, 14.5], "texture": "#texture"},
				"down": {"uv": [3.5, 14.5, 4, 14], "rotation": 90, "texture": "#texture"}
			}
		},
		{
			"from": [4.7797, 6.30693, 7.75],
			"to": [5.2797, 6.80693, 8.25],
			"faces": {
				"north": {"uv": [6, 9.5, 5.5, 10], "texture": "#texture"},
				"south": {"uv": [5.5, 9.5, 6, 10], "texture": "#texture"},
				"west": {"uv": [5.5, 9.5, 6, 10], "texture": "#texture"},
				"up": {"uv": [5.5, 9.5, 6, 10], "rotation": 270, "texture": "#texture"}
			}
		},
		{
			"from": [5.2797, 6.80693, 7.75],
			"to": [5.7797, 7.30693, 8.25],
			"faces": {
				"north": {"uv": [6.5, 9, 6, 9.5], "texture": "#texture"},
				"south": {"uv": [6, 9, 6.5, 9.5], "texture": "#texture"},
				"west": {"uv": [6, 9, 6.5, 9.5], "texture": "#texture"},
				"up": {"uv": [6, 9, 6.5, 9.5], "rotation": 270, "texture": "#texture"}
			}
		},
		{
			"from": [5.7797, 7.30693, 7.75],
			"to": [6.2797, 7.80693, 8.25],
			"faces": {
				"north": {"uv": [7, 8.5, 6.5, 9], "texture": "#texture"},
				"south": {"uv": [6.5, 8.5, 7, 9], "texture": "#texture"},
				"west": {"uv": [6.5, 8.5, 7, 9], "texture": "#texture"},
				"up": {"uv": [6.5, 8.5, 7, 9], "rotation": 270, "texture": "#texture"}
			}
		},
		{
			"from": [6.2797, 7.80693, 7.75],
			"to": [6.7797, 8.30693, 8.25],
			"faces": {
				"north": {"uv": [7.5, 8, 7, 8.5], "texture": "#texture"},
				"south": {"uv": [7, 8, 7.5, 8.5], "texture": "#texture"},
				"west": {"uv": [7, 8, 7.5, 8.5], "texture": "#texture"},
				"up": {"uv": [7, 8, 7.5, 8.5], "rotation": 270, "texture": "#texture"}
			}
		},
		{
			"from": [6.7797, 8.30693, 7.75],
			"to": [7.2797, 8.80693, 8.25],
			"faces": {
				"north": {"uv": [8, 7.5, 7.5, 8], "texture": "#texture"},
				"south": {"uv": [7.5, 7.5, 8, 8], "texture": "#texture"},
				"west": {"uv": [7.5, 7.5, 8, 8], "texture": "#texture"},
				"up": {"uv": [7.5, 7.5, 8, 8], "rotation": 270, "texture": "#texture"}
			}
		},
		{
			"from": [7.2797, 8.80693, 7.75],
			"to": [7.7797, 9.30693, 8.25],
			"faces": {
				"north": {"uv": [8.5, 7, 8, 7.5], "texture": "#texture"},
				"south": {"uv": [8, 7, 8.5, 7.5], "texture": "#texture"},
				"west": {"uv": [8, 7, 8.5, 7.5], "texture": "#texture"},
				"up": {"uv": [8, 7, 8.5, 7.5], "rotation": 270, "texture": "#texture"}
			}
		},
		{
			"from": [7.7797, 9.30693, 7.75],
			"to": [8.2797, 9.80693, 8.25],
			"faces": {
				"north": {"uv": [9, 6.5, 8.5, 7], "texture": "#texture"},
				"south": {"uv": [8.5, 6.5, 9, 7], "texture": "#texture"},
				"west": {"uv": [8.5, 6.5, 9, 7], "texture": "#texture"},
				"up": {"uv": [8.5, 6.5, 9, 7], "rotation": 270, "texture": "#texture"}
			}
		},
		{
			"from": [8.2797, 9.80693, 7.75],
			"to": [8.7797, 10.30693, 8.25],
			"faces": {
				"north": {"uv": [9.5, 6, 9, 6.5], "texture": "#texture"},
				"south": {"uv": [9, 6, 9.5, 6.5], "texture": "#texture"},
				"west": {"uv": [9, 6, 9.5, 6.5], "texture": "#texture"},
				"up": {"uv": [9, 6, 9.5, 6.5], "rotation": 270, "texture": "#texture"}
			}
		},
		{
			"from": [8.7797, 10.30693, 7.75],
			"to": [9.2797, 10.80693, 8.25],
			"faces": {
				"north": {"uv": [10, 5.5, 9.5, 6], "texture": "#texture"},
				"south": {"uv": [9.5, 5.5, 10, 6], "texture": "#texture"},
				"west": {"uv": [9.5, 5.5, 10, 6], "texture": "#texture"},
				"up": {"uv": [9.5, 5.5, 10, 6], "rotation": 270, "texture": "#texture"}
			}
		},
		{
			"from": [9.2797, 10.80693, 7.75],
			"to": [9.7797, 11.30693, 8.25],
			"faces": {
				"north": {"uv": [10.5, 5, 10, 5.5], "texture": "#texture"},
				"south": {"uv": [10, 5, 10.5, 5.5], "texture": "#texture"},
				"west": {"uv": [10, 5, 10.5, 5.5], "texture": "#texture"},
				"up": {"uv": [10, 5, 10.5, 5.5], "rotation": 270, "texture": "#texture"}
			}
		},
		{
			"from": [9.7797, 11.30693, 7.75],
			"to": [10.2797, 11.80693, 8.25],
			"faces": {
				"north": {"uv": [11, 4.5, 10.5, 5], "texture": "#texture"},
				"south": {"uv": [10.5, 4.5, 11, 5], "texture": "#texture"},
				"west": {"uv": [10.5, 4.5, 11, 5], "texture": "#texture"},
				"up": {"uv": [10.5, 4.5, 11, 5], "rotation": 270, "texture": "#texture"}
			}
		},
		{
			"from": [10.2797, 11.80693, 7.75],
			"to": [10.7797, 12.30693, 8.25],
			"faces": {
				"north": {"uv": [11.5, 4, 11, 4.5], "texture": "#texture"},
				"south": {"uv": [11, 4, 11.5, 4.5], "texture": "#texture"},
				"west": {"uv": [11, 4, 11.5, 4.5], "texture": "#texture"},
				"up": {"uv": [11, 4, 11.5, 4.5], "rotation": 270, "texture": "#texture"}
			}
		},
		{
			"from": [10.7797, 12.30693, 7.75],
			"to": [11.2797, 12.80693, 8.25],
			"faces": {
				"north": {"uv": [12, 3.5, 11.5, 4], "texture": "#texture"},
				"south": {"uv": [11.5, 3.5, 12, 4], "texture": "#texture"},
				"west": {"uv": [11.5, 3.5, 12, 4], "texture": "#texture"},
				"up": {"uv": [11.5, 3.5, 12, 4], "rotation": 270, "texture": "#texture"}
			}
		},
		{
			"from": [11.2797, 12.80693, 7.75],
			"to": [11.7797, 13.30693, 8.25],
			"faces": {
				"north": {"uv": [12.5, 3, 12, 3.5], "texture": "#texture"},
				"south": {"uv": [12, 3, 12.5, 3.5], "texture": "#texture"},
				"west": {"uv": [12, 3, 12.5, 3.5], "texture": "#texture"},
				"up": {"uv": [12, 3, 12.5, 3.5], "rotation": 270, "texture": "#texture"}
			}
		},
		{
			"from": [11.7797, 13.30693, 7.75],
			"to": [12.2797, 13.80693, 8.25],
			"faces": {
				"north": {"uv": [13, 2.5, 12.5, 3], "texture": "#texture"},
				"south": {"uv": [12.5, 2.5, 13, 3], "texture": "#texture"},
				"west": {"uv": [12.5, 2.5, 13, 3], "texture": "#texture"},
				"up": {"uv": [12.5, 2.5, 13, 3], "rotation": 270, "texture": "#texture"}
			}
		},
		{
			"from": [12.2797, 13.80693, 7.75],
			"to": [12.7797, 14.30693, 8.25],
			"faces": {
				"north": {"uv": [13.5, 2, 13, 2.5], "texture": "#texture"},
				"south": {"uv": [13, 2, 13.5, 2.5], "texture": "#texture"},
				"west": {"uv": [13, 2, 13.5, 2.5], "texture": "#texture"},
				"up": {"uv": [13, 2, 13.5, 2.5], "rotation": 270, "texture": "#texture"}
			}
		},
		{
			"from": [12.7797, 14.30693, 7.75],
			"to": [13.7797, 14.80693, 8.25],
			"faces": {
				"north": {"uv": [14.5, 1.5, 13.5, 2], "texture": "#texture"},
				"east": {"uv": [14.5, 1.5, 14, 2], "texture": "#texture"},
				"south": {"uv": [13.5, 1.5, 14.5, 2], "texture": "#texture"},
				"west": {"uv": [13.5, 1.5, 14, 2], "texture": "#texture"},
				"up": {"uv": [13.5, 1.5, 14, 2], "rotation": 270, "texture": "#texture"}
			}
		},
		{
			"from": [12.7797, 12.80693, 7.125],
			"to": [13.7797, 13.80693, 8.875],
			"faces": {
				"north": {"uv": [14.5, 2.5, 13.5, 3.5], "texture": "#texture"},
				"east": {"uv": [14.5, 2.5, 14, 3.5], "texture": "#texture"},
				"south": {"uv": [13.5, 2.5, 14.5, 3.5], "texture": "#texture"},
				"west": {"uv": [13.5, 2.5, 14, 3.5], "texture": "#texture"},
				"up": {"uv": [13.5, 2.5, 14, 3], "rotation": 270, "texture": "#texture"},
				"down": {"uv": [13.5, 3.5, 14, 3], "rotation": 90, "texture": "#texture"}
			}
		},
		{
			"from": [11.7797, 12.30693, 7.125],
			"to": [13.2797, 12.80693, 8.875],
			"faces": {
				"north": {"uv": [14, 3.5, 12.5, 4], "texture": "#texture"},
				"east": {"uv": [14, 3.5, 13.5, 4], "texture": "#texture"},
				"south": {"uv": [12.5, 3.5, 14, 4], "texture": "#texture"},
				"west": {"uv": [12.5, 3.5, 13, 4], "texture": "#texture"},
				"up": {"uv": [12.5, 3.5, 13, 4], "rotation": 270, "texture": "#texture"},
				"down": {"uv": [12.5, 4, 13, 3.5], "rotation": 90, "texture": "#texture"}
			}
		},
		{
			"from": [12.2797, 12.80693, 7.125],
			"to": [12.7797, 13.30693, 8.875],
			"faces": {
				"north": {"uv": [13.5, 3, 13, 3.5], "texture": "#texture"},
				"south": {"uv": [13, 3, 13.5, 3.5], "texture": "#texture"},
				"west": {"uv": [13, 3, 13.5, 3.5], "texture": "#texture"},
				"up": {"uv": [13, 3, 13.5, 3.5], "rotation": 270, "texture": "#texture"}
			}
		},
		{
			"from": [11.2797, 11.80693, 7.125],
			"to": [12.7797, 12.30693, 8.875],
			"faces": {
				"north": {"uv": [13.5, 4, 12, 4.5], "texture": "#texture"},
				"east": {"uv": [13.5, 4, 13, 4.5], "texture": "#texture"},
				"south": {"uv": [12, 4, 13.5, 4.5], "texture": "#texture"},
				"west": {"uv": [12, 4, 12.5, 4.5], "texture": "#texture"},
				"up": {"uv": [12, 4, 12.5, 4.5], "rotation": 270, "texture": "#texture"},
				"down": {"uv": [12, 4.5, 12.5, 4], "rotation": 90, "texture": "#texture"}
			}
		},
		{
			"from": [10.7797, 11.30693, 7.125],
			"to": [12.2797, 11.80693, 8.875],
			"faces": {
				"north": {"uv": [13, 4.5, 11.5, 5], "texture": "#texture"},
				"east": {"uv": [13, 4.5, 12.5, 5], "texture": "#texture"},
				"south": {"uv": [11.5, 4.5, 13, 5], "texture": "#texture"},
				"west": {"uv": [11.5, 4.5, 12, 5], "texture": "#texture"},
				"up": {"uv": [11.5, 4.5, 12, 5], "rotation": 270, "texture": "#texture"},
				"down": {"uv": [11.5, 5, 12, 4.5], "rotation": 90, "texture": "#texture"}
			}
		},
		{
			"from": [10.2797, 10.80693, 7.125],
			"to": [11.7797, 11.30693, 8.875],
			"faces": {
				"north": {"uv": [12.5, 5, 11, 5.5], "texture": "#texture"},
				"east": {"uv": [12.5, 5, 12, 5.5], "texture": "#texture"},
				"south": {"uv": [11, 5, 12.5, 5.5], "texture": "#texture"},
				"west": {"uv": [11, 5, 11.5, 5.5], "texture": "#texture"},
				"up": {"uv": [11, 5, 11.5, 5.5], "rotation": 270, "texture": "#texture"},
				"down": {"uv": [11, 5.5, 11.5, 5], "rotation": 90, "texture": "#texture"}
			}
		},
		{
			"from": [9.7797, 10.30693, 7.125],
			"to": [11.2797, 10.80693, 8.875],
			"faces": {
				"north": {"uv": [12, 5.5, 10.5, 6], "texture": "#texture"},
				"east": {"uv": [12, 5.5, 11.5, 6], "texture": "#texture"},
				"south": {"uv": [10.5, 5.5, 12, 6], "texture": "#texture"},
				"west": {"uv": [10.5, 5.5, 11, 6], "texture": "#texture"},
				"up": {"uv": [10.5, 5.5, 11, 6], "rotation": 270, "texture": "#texture"},
				"down": {"uv": [10.5, 6, 11, 5.5], "rotation": 90, "texture": "#texture"}
			}
		},
		{
			"from": [9.2797, 9.80693, 7.125],
			"to": [10.7797, 10.30693, 8.875],
			"faces": {
				"north": {"uv": [11.5, 6, 10, 6.5], "texture": "#texture"},
				"east": {"uv": [11.5, 6, 11, 6.5], "texture": "#texture"},
				"south": {"uv": [10, 6, 11.5, 6.5], "texture": "#texture"},
				"west": {"uv": [10, 6, 10.5, 6.5], "texture": "#texture"},
				"up": {"uv": [10, 6, 10.5, 6.5], "rotation": 270, "texture": "#texture"},
				"down": {"uv": [10, 6.5, 10.5, 6], "rotation": 90, "texture": "#texture"}
			}
		},
		{
			"from": [8.7797, 9.30693, 7.125],
			"to": [10.2797, 9.80693, 8.875],
			"faces": {
				"north": {"uv": [11, 6.5, 9.5, 7], "texture": "#texture"},
				"east": {"uv": [11, 6.5, 10.5, 7], "texture": "#texture"},
				"south": {"uv": [9.5, 6.5, 11, 7], "texture": "#texture"},
				"west": {"uv": [9.5, 6.5, 10, 7], "texture": "#texture"},
				"up": {"uv": [9.5, 6.5, 10, 7], "rotation": 270, "texture": "#texture"},
				"down": {"uv": [9.5, 7, 10, 6.5], "rotation": 90, "texture": "#texture"}
			}
		},
		{
			"from": [8.2797, 8.80693, 7.125],
			"to": [9.7797, 9.30693, 8.875],
			"faces": {
				"north": {"uv": [10.5, 7, 9, 7.5], "texture": "#texture"},
				"east": {"uv": [10.5, 7, 10, 7.5], "texture": "#texture"},
				"south": {"uv": [9, 7, 10.5, 7.5], "texture": "#texture"},
				"west": {"uv": [9, 7, 9.5, 7.5], "texture": "#texture"},
				"up": {"uv": [9, 7, 9.5, 7.5], "rotation": 270, "texture": "#texture"},
				"down": {"uv": [9, 7.5, 9.5, 7], "rotation": 90, "texture": "#texture"}
			}
		},
		{
			"from": [7.7797, 8.30693, 7.125],
			"to": [9.2797, 8.80693, 8.875],
			"faces": {
				"north": {"uv": [10, 7.5, 8.5, 8], "texture": "#texture"},
				"east": {"uv": [10, 7.5, 9.5, 8], "texture": "#texture"},
				"south": {"uv": [8.5, 7.5, 10, 8], "texture": "#texture"},
				"west": {"uv": [8.5, 7.5, 9, 8], "texture": "#texture"},
				"up": {"uv": [8.5, 7.5, 9, 8], "rotation": 270, "texture": "#texture"},
				"down": {"uv": [8.5, 8, 9, 7.5], "rotation": 90, "texture": "#texture"}
			}
		},
		{
			"from": [7.2797, 7.80693, 7.125],
			"to": [8.7797, 8.30693, 8.875],
			"faces": {
				"north": {"uv": [9.5, 8, 8, 8.5], "texture": "#texture"},
				"east": {"uv": [9.5, 8, 9, 8.5], "texture": "#texture"},
				"south": {"uv": [8, 8, 9.5, 8.5], "texture": "#texture"},
				"west": {"uv": [8, 8, 8.5, 8.5], "texture": "#texture"},
				"up": {"uv": [8, 8, 8.5, 8.5], "rotation": 270, "texture": "#texture"},
				"down": {"uv": [8, 8.5, 8.5, 8], "rotation": 90, "texture": "#texture"}
			}
		},
		{
			"from": [6.7797, 7.30693, 7.125],
			"to": [8.2797, 7.80693, 8.875],
			"faces": {
				"north": {"uv": [9, 8.5, 7.5, 9], "texture": "#texture"},
				"east": {"uv": [9, 8.5, 8.5, 9], "texture": "#texture"},
				"south": {"uv": [7.5, 8.5, 9, 9], "texture": "#texture"},
				"west": {"uv": [7.5, 8.5, 8, 9], "texture": "#texture"},
				"up": {"uv": [7.5, 8.5, 8, 9], "rotation": 270, "texture": "#texture"},
				"down": {"uv": [7.5, 9, 8, 8.5], "rotation": 90, "texture": "#texture"}
			}
		},
		{
			"from": [6.2797, 6.80693, 7.125],
			"to": [7.7797, 7.30693, 8.875],
			"faces": {
				"north": {"uv": [8.5, 9, 7, 9.5], "texture": "#texture"},
				"east": {"uv": [8.5, 9, 8, 9.5], "texture": "#texture"},
				"south": {"uv": [7, 9, 8.5, 9.5], "texture": "#texture"},
				"west": {"uv": [7, 9, 7.5, 9.5], "texture": "#texture"},
				"up": {"uv": [7, 9, 7.5, 9.5], "rotation": 270, "texture": "#texture"},
				"down": {"uv": [7, 9.5, 7.5, 9], "rotation": 90, "texture": "#texture"}
			}
		},
		{
			"from": [5.7797, 6.30693, 7.125],
			"to": [7.2797, 6.80693, 8.875],
			"faces": {
				"north": {"uv": [8, 9.5, 6.5, 10], "texture": "#texture"},
				"east": {"uv": [8, 9.5, 7.5, 10], "texture": "#texture"},
				"south": {"uv": [6.5, 9.5, 8, 10], "texture": "#texture"},
				"west": {"uv": [6.5, 9.5, 7, 10], "texture": "#texture"},
				"up": {"uv": [6.5, 9.5, 7, 10], "rotation": 270, "texture": "#texture"},
				"down": {"uv": [6.5, 10, 7, 9.5], "rotation": 90, "texture": "#texture"}
			}
		},
		{
			"from": [5.2797, 5.80693, 7.125],
			"to": [6.7797, 6.30693, 8.875],
			"faces": {
				"north": {"uv": [7.5, 10, 6, 10.5], "texture": "#texture"},
				"east": {"uv": [7.5, 10, 7, 10.5], "texture": "#texture"},
				"south": {"uv": [6, 10, 7.5, 10.5], "texture": "#texture"},
				"west": {"uv": [6, 10, 6.5, 10.5], "texture": "#texture"},
				"up": {"uv": [6, 10, 6.5, 10.5], "rotation": 270, "texture": "#texture"},
				"down": {"uv": [6, 10.5, 6.5, 10], "rotation": 90, "texture": "#texture"}
			}
		},
		{
			"from": [4.7797, 5.30693, 7.125],
			"to": [6.2797, 5.80693, 8.875],
			"faces": {
				"north": {"uv": [7, 10.5, 5.5, 11], "texture": "#texture"},
				"east": {"uv": [7, 10.5, 6.5, 11], "texture": "#texture"},
				"south": {"uv": [5.5, 10.5, 7, 11], "texture": "#texture"},
				"west": {"uv": [5.5, 10.5, 6, 11], "texture": "#texture"},
				"up": {"uv": [5.5, 10.5, 6, 11], "rotation": 270, "texture": "#texture"}
			}
		},
		{
			"from": [4.2797, 4.80693, 7.125],
			"to": [5.7797, 5.30693, 8.875],
			"faces": {
				"north": {"uv": [6.5, 11, 5, 11.5], "texture": "#texture"},
				"south": {"uv": [5, 11, 6.5, 11.5], "texture": "#texture"},
				"west": {"uv": [5, 11, 5.5, 11.5], "texture": "#texture"},
				"up": {"uv": [5, 11, 5.5, 11.5], "rotation": 270, "texture": "#texture"}
			}
		},
		{
			"from": [3.7797, 4.30693, 7.125],
			"to": [5.2797, 4.80693, 8.875],
			"faces": {
				"north": {"uv": [6, 11.5, 4.5, 12], "texture": "#texture"},
				"south": {"uv": [4.5, 11.5, 6, 12], "texture": "#texture"},
				"west": {"uv": [4.5, 11.5, 5, 12], "texture": "#texture"},
				"up": {"uv": [4.5, 11.5, 5, 12], "rotation": 270, "texture": "#texture"},
				"down": {"uv": [4.5, 12, 5, 11.5], "rotation": 90, "texture": "#texture"}
			}
		},
		{
			"from": [3.2797, 3.80693, 7.125],
			"to": [4.7797, 4.30693, 8.875],
			"faces": {
				"north": {"uv": [5.5, 12, 4, 12.5], "texture": "#texture"},
				"east": {"uv": [5.5, 12, 5, 12.5], "texture": "#texture"},
				"south": {"uv": [4, 12, 5.5, 12.5], "texture": "#texture"},
				"west": {"uv": [4, 12, 4.5, 12.5], "texture": "#texture"},
				"up": {"uv": [4, 12, 4.5, 12.5], "rotation": 270, "texture": "#texture"},
				"down": {"uv": [4, 12.5, 4.5, 12], "rotation": 90, "texture": "#texture"}
			}
		},
		{
			"from": [2.7797, 3.30693, 7.125],
			"to": [4.2797, 3.80693, 8.875],
			"faces": {
				"north": {"uv": [5, 12.5, 3.5, 13], "texture": "#texture"},
				"east": {"uv": [5, 12.5, 4.5, 13], "texture": "#texture"},
				"south": {"uv": [3.5, 12.5, 5, 13], "texture": "#texture"},
				"west": {"uv": [3.5, 12.5, 4, 13], "texture": "#texture"},
				"up": {"uv": [3.5, 12.5, 4, 13], "rotation": 270, "texture": "#texture"},
				"down": {"uv": [3.5, 13, 4, 12.5], "rotation": 90, "texture": "#texture"}
			}
		},
		{
			"from": [2.2797, 2.80693, 7.125],
			"to": [3.7797, 3.30693, 8.875],
			"faces": {
				"north": {"uv": [4.5, 13, 3, 13.5], "texture": "#texture"},
				"east": {"uv": [4.5, 13, 4, 13.5], "texture": "#texture"},
				"south": {"uv": [3, 13, 4.5, 13.5], "texture": "#texture"},
				"west": {"uv": [3, 13, 3.5, 13.5], "texture": "#texture"},
				"up": {"uv": [3, 13, 3.5, 13.5], "rotation": 270, "texture": "#texture"},
				"down": {"uv": [3, 13.5, 3.5, 13], "rotation": 90, "texture": "#texture"}
			}
		},
		{
			"from": [1.7797, 2.30693, 7.125],
			"to": [3.2797, 2.80693, 8.875],
			"faces": {
				"north": {"uv": [4, 13.5, 2.5, 14], "texture": "#texture"},
				"east": {"uv": [4, 13.5, 3.5, 14], "texture": "#texture"},
				"south": {"uv": [2.5, 13.5, 4, 14], "texture": "#texture"},
				"west": {"uv": [2.5, 13.5, 3, 14], "texture": "#texture"},
				"up": {"uv": [2.5, 13.5, 3, 14], "rotation": 270, "texture": "#texture"},
				"down": {"uv": [2.5, 14, 3, 13.5], "rotation": 90, "texture": "#texture"}
			}
		},
		{
			"from": [1.7797, 1.80693, 7.125],
			"to": [2.7797, 2.30693, 8.875],
			"faces": {
				"north": {"uv": [3.5, 14, 2.5, 14.5], "texture": "#texture"},
				"east": {"uv": [3.5, 14, 3, 14.5], "texture": "#texture"},
				"south": {"uv": [2.5, 14, 3.5, 14.5], "texture": "#texture"},
				"west": {"uv": [2.5, 14, 3, 14.5], "texture": "#texture"},
				"down": {"uv": [2.5, 14.5, 3, 14], "rotation": 90, "texture": "#texture"}
			}
		},
		{
			"from": [6.2797, 5.30693, 8.875],
			"to": [7.2797, 5.80693, 9.125],
			"faces": {
				"north": {"uv": [8, 10.5, 7, 11], "texture": "#texture"},
				"east": {"uv": [8, 10.5, 7.5, 11], "texture": "#texture"},
				"south": {"uv": [7, 10.5, 8, 11], "texture": "#texture"},
				"west": {"uv": [7, 10.5, 7.5, 11], "texture": "#texture"},
				"up": {"uv": [7, 10.5, 7.5, 11], "rotation": 270, "texture": "#texture"},
				"down": {"uv": [7, 11, 7.5, 10.5], "rotation": 90, "texture": "#texture"}
			}
		},
		{
			"from": [6.2797, 5.30693, 6.875],
			"to": [7.2797, 5.80693, 7.125],
			"faces": {
				"north": {"uv": [8, 10.5, 7, 11], "texture": "#texture"},
				"east": {"uv": [8, 10.5, 7.5, 11], "texture": "#texture"},
				"south": {"uv": [7, 10.5, 8, 11], "texture": "#texture"},
				"west": {"uv": [7, 10.5, 7.5, 11], "texture": "#texture"},
				"up": {"uv": [7, 10.5, 7.5, 11], "rotation": 270, "texture": "#texture"},
				"down": {"uv": [7, 11, 7.5, 10.5], "rotation": 90, "texture": "#texture"}
			}
		},
		{
			"from": [7.2797, 3.30693, 8.875],
			"to": [7.7797, 5.30693, 9.125],
			"faces": {
				"north": {"uv": [8.5, 11, 8, 13], "texture": "#texture"},
				"east": {"uv": [8.5, 11, 8, 13], "texture": "#texture"},
				"south": {"uv": [8, 11, 8.5, 13], "texture": "#texture"},
				"west": {"uv": [8, 11, 8.5, 13], "texture": "#texture"},
				"up": {"uv": [8, 11, 8.5, 11.5], "rotation": 270, "texture": "#texture"},
				"down": {"uv": [8, 13, 8.5, 12.5], "rotation": 90, "texture": "#texture"}
			}
		},
		{
			"from": [7.2797, 3.30693, 6.875],
			"to": [7.7797, 5.30693, 7.125],
			"faces": {
				"north": {"uv": [8.5, 11, 8, 13], "texture": "#texture"},
				"east": {"uv": [8.5, 11, 8, 13], "texture": "#texture"},
				"south": {"uv": [8, 11, 8.5, 13], "texture": "#texture"},
				"west": {"uv": [8, 11, 8.5, 13], "texture": "#texture"},
				"up": {"uv": [8, 11, 8.5, 11.5], "rotation": 270, "texture": "#texture"},
				"down": {"uv": [8, 13, 8.5, 12.5], "rotation": 90, "texture": "#texture"}
			}
		},
		{
			"from": [4.7797, 3.30693, 6.875],
			"to": [5.2797, 4.30693, 7.125],
			"faces": {
				"north": {"uv": [6, 12, 5.5, 13], "texture": "#texture"},
				"east": {"uv": [6, 12, 5.5, 13], "texture": "#texture"},
				"south": {"uv": [5.5, 12, 6, 13], "texture": "#texture"},
				"west": {"uv": [5.5, 12, 6, 13], "texture": "#texture"},
				"up": {"uv": [5.5, 12, 6, 12.5], "rotation": 270, "texture": "#texture"},
				"down": {"uv": [5.5, 13, 6, 12.5], "rotation": 90, "texture": "#texture"}
			}
		},
		{
			"from": [4.7797, 3.30693, 8.875],
			"to": [5.2797, 4.30693, 9.125],
			"faces": {
				"north": {"uv": [6, 12, 5.5, 13], "texture": "#texture"},
				"east": {"uv": [6, 12, 5.5, 13], "texture": "#texture"},
				"south": {"uv": [5.5, 12, 6, 13], "texture": "#texture"},
				"west": {"uv": [5.5, 12, 6, 13], "texture": "#texture"},
				"up": {"uv": [5.5, 12, 6, 12.5], "rotation": 270, "texture": "#texture"},
				"down": {"uv": [5.5, 13, 6, 12.5], "rotation": 90, "texture": "#texture"}
			}
		},
		{
			"from": [5.2797, 2.80693, 8.875],
			"to": [7.2797, 3.30693, 9.125],
			"faces": {
				"north": {"uv": [8, 13, 6, 13.5], "texture": "#texture"},
				"east": {"uv": [8, 13, 7.5, 13.5], "texture": "#texture"},
				"south": {"uv": [6, 13, 8, 13.5], "texture": "#texture"},
				"west": {"uv": [6, 13, 6.5, 13.5], "texture": "#texture"},
				"up": {"uv": [6, 13, 6.5, 13.5], "rotation": 270, "texture": "#texture"},
				"down": {"uv": [6, 13.5, 6.5, 13], "rotation": 90, "texture": "#texture"}
			}
		},
		{
			"from": [5.2797, 2.80693, 6.875],
			"to": [7.2797, 3.30693, 7.125],
			"faces": {
				"north": {"uv": [8, 13, 6, 13.5], "texture": "#texture"},
				"east": {"uv": [8, 13, 7.5, 13.5], "texture": "#texture"},
				"south": {"uv": [6, 13, 8, 13.5], "texture": "#texture"},
				"west": {"uv": [6, 13, 6.5, 13.5], "texture": "#texture"},
				"up": {"uv": [6, 13, 6.5, 13.5], "rotation": 270, "texture": "#texture"},
				"down": {"uv": [6, 13.5, 6.5, 13], "rotation": 90, "texture": "#texture"}
			}
		},
		{
			"from": [6.7797, 4.80693, 7.125],
			"to": [7.2797, 5.30693, 8.875],
			"faces": {
				"north": {"uv": [8, 11, 7.5, 11.5], "texture": "#texture"},
				"east": {"uv": [8, 11, 7.5, 11.5], "texture": "#texture"},
				"south": {"uv": [7.5, 11, 8, 11.5], "texture": "#texture"},
				"up": {"uv": [7.5, 11, 8, 11.5], "rotation": 270, "texture": "#texture"}
			}
		},
		{
			"from": [5.2797, 3.30693, 7.125],
			"to": [5.7797, 3.80693, 8.875],
			"faces": {
				"north": {"uv": [6.5, 12.5, 6, 13], "texture": "#texture"},
				"south": {"uv": [6, 12.5, 6.5, 13], "texture": "#texture"},
				"west": {"uv": [6, 12.5, 6.5, 13], "texture": "#texture"},
				"down": {"uv": [6, 13, 6.5, 12.5], "rotation": 90, "texture": "#texture"}
			}
		},
		{
			"from": [6.7797, 3.30693, 7.125],
			"to": [7.2797, 3.80693, 8.875],
			"faces": {
				"north": {"uv": [8, 12.5, 7.5, 13], "texture": "#texture"},
				"east": {"uv": [8, 12.5, 7.5, 13], "texture": "#texture"},
				"south": {"uv": [7.5, 12.5, 8, 13], "texture": "#texture"},
				"down": {"uv": [7.5, 13, 8, 12.5], "rotation": 90, "texture": "#texture"}
			}
		},
		{
			"from": [6.7797, 3.80693, 7.125],
			"to": [7.2797, 4.80693, 8.875],
			"faces": {
				"north": {"uv": [8, 11.5, 7.5, 12.5], "texture": "#texture"},
				"east": {"uv": [8, 11.5, 7.5, 12.5], "texture": "#texture"},
				"south": {"uv": [7.5, 11.5, 8, 12.5], "texture": "#texture"}
			}
		},
		{
			"from": [5.7797, 3.30693, 7.125],
			"to": [6.7797, 5.30693, 8.875],
			"faces": {
				"north": {"uv": [6.5, 11, 7.5, 13], "texture": "#texture"},
				"south": {"uv": [6.5, 11, 7.5, 13], "texture": "#texture"},
				"up": {"uv": [6.5, 11, 7.5, 13], "rotation": 270, "texture": "#texture"},
				"down": {"uv": [6.5, 11, 7.5, 13], "rotation": 90, "texture": "#texture"}
			}
		},
		{
			"from": [5.2797, 3.80693, 7.125],
			"to": [5.7797, 4.80693, 8.875],
			"faces": {
				"north": {"uv": [6.5, 11.5, 6, 12.5], "texture": "#texture"},
				"south": {"uv": [6, 11.5, 6.5, 12.5], "texture": "#texture"},
				"west": {"uv": [6, 11.5, 6.5, 12.5], "texture": "#texture"}
			}
		},
		{
			"from": [13.7797, 12.80693, 8.25],
			"to": [14.2797, 13.80693, 8.75],
			"faces": {
				"north": {"uv": [14.5, 2.5, 15, 3.5], "texture": "#texture"},
				"east": {"uv": [14.5, 2.5, 15, 3.5], "texture": "#texture"},
				"south": {"uv": [14.5, 2.5, 15, 3.5], "texture": "#texture"},
				"up": {"uv": [14.5, 2.5, 15, 3.5], "rotation": 270, "texture": "#texture"},
				"down": {"uv": [14.5, 2.5, 15, 3.5], "rotation": 90, "texture": "#texture"}
			}
		},
		{
			"from": [13.7797, 12.80693, 7.25],
			"to": [14.2797, 13.80693, 7.75],
			"faces": {
				"north": {"uv": [14.5, 2.5, 15, 3.5], "texture": "#texture"},
				"east": {"uv": [14.5, 2.5, 15, 3.5], "texture": "#texture"},
				"south": {"uv": [14.5, 2.5, 15, 3.5], "texture": "#texture"},
				"up": {"uv": [14.5, 2.5, 15, 3.5], "rotation": 270, "texture": "#texture"},
				"down": {"uv": [14.5, 2.5, 15, 3.5], "rotation": 90, "texture": "#texture"}
			}
		},
		{
			"from": [13.7797, 13.80693, 7.75],
			"to": [14.2797, 14.30693, 8.25],
			"faces": {
				"north": {"uv": [14.5, 2, 15, 2.5], "texture": "#texture"},
				"east": {"uv": [14.5, 2, 15, 2.5], "texture": "#texture"},
				"south": {"uv": [14.5, 2, 15, 2.5], "texture": "#texture"},
				"up": {"uv": [14.5, 2, 15, 2.5], "rotation": 270, "texture": "#texture"},
				"down": {"uv": [14.5, 2, 15, 2.5], "rotation": 90, "texture": "#texture"}
			}
		}
	],
	"groups": [
		{
			"name": "model_rod",
			"origin": [8, 8, 8],
			"children": [0, 1, 2, 3, 4, 5, 6, 7, 8, 9, 10, 11, 12, 13, 14, 15, 16, 17, 18, 19, 20, 21, 22, 23, 24, 25, 26, 27, 28, 29, 30, 31, 32, 33, 34, 35, 36, 37, 38, 39, 40, 41, 42, 43, 44, 45, 46, 47, 48, 49, 50, 51, 52, 53, 54, 55, 56, 57, 58, 59, 60, 61, 62, 63, 64, 65, 66, 67, 68, 69, 70, 71, 72, 73, 74, 75, 76, 77, 78, 79, 80, 81, 82, 83, 84, 85, 86, 87, 88, 89, 90, 91, 92, 93, 94, 95, 96, 97, 98, 99, 100]
		}
	]
}