{
	"credit": "Made with Blockbench",
	"parent": "block/block",
	"textures": {
		"2": "item/glass_bottle_bottom",
		"3": "item/glass_bottle_top",
		"4": "item/glass_bottle_extra",
		"texture": "item/glass_bottle"
	},
	"elements": [
		{
			"name": "cork",
			"from": [6.5, 11.01, 6.5],
			"to": [9.5, 13.5, 9.5],
			"faces": {
				"north": {"uv": [6.5, 2.5, 9.5, 3.5], "rotation": 180, "texture": "#texture"},
				"east": {"uv": [9, 2.5, 9.5, 3.5], "texture": "#texture"},
				"south": {"uv": [6.5, 2.5, 9.5, 3.5], "texture": "#texture"},
				"west": {"uv": [6.5, 2.5, 7, 3.5], "texture": "#texture"},
				"up": {"uv": [6.5, 2.5, 9.5, 3], "texture": "#texture"},
				"down": {"uv": [9.5, 3, 6.5, 2.5], "rotation": 180, "texture": "#texture"}
			}
		},
		{
			"name": "glass",
			"from": [7, 9.5, 7],
			"to": [9, 10.5, 9],
			"faces": {
				"north": {"uv": [7, 5.5, 9, 6.5], "texture": "#texture"},
				"east": {"uv": [7, 5.5, 9, 6.5], "texture": "#texture"},
				"south": {"uv": [7, 5.5, 9, 6.5], "texture": "#texture"},
				"west": {"uv": [7, 5.5, 9, 6.5], "texture": "#texture"}
			}
		},
		{
			"name": "glass",
			"from": [6, 1.5, 6],
			"to": [10, 2, 10],
			"faces": {
				"north": {"uv": [6, 14, 10, 14.5], "texture": "#texture"},
				"east": {"uv": [6, 14, 10, 14.5], "texture": "#texture"},
				"south": {"uv": [6, 14, 10, 14.5], "texture": "#texture"},
				"west": {"uv": [6, 14, 10, 14.5], "texture": "#texture"},
				"down": {"uv": [6, 8, 10, 12], "texture": "#2"}
			}
		},
		{
			"name": "glass",
			"from": [6, 12, 6],
			"to": [10, 12.5, 10],
			"faces": {
				"north": {"uv": [6, 3.5, 10, 4], "texture": "#texture"},
				"east": {"uv": [6, 3.5, 10, 4], "texture": "#texture"},
				"south": {"uv": [6, 3.5, 10, 4], "texture": "#texture"},
				"west": {"uv": [6, 3.5, 10, 4], "texture": "#texture"},
				"up": {"uv": [4, 0, 8, 4], "texture": "#4"}
			}
		},
		{
			"name": "glass",
			"from": [6, 11, 6],
			"to": [10, 12, 10],
			"faces": {
				"north": {"uv": [0, 0, 4, 1], "texture": "#4"},
				"east": {"uv": [0, 0, 4, 1], "texture": "#4"},
				"south": {"uv": [0, 0, 4, 1], "texture": "#4"},
				"west": {"uv": [0, 0, 4, 1], "texture": "#4"},
				"down": {"uv": [8, 0, 12, 4], "texture": "#4"}
			}
		},
		{
			"name": "glass",
			"from": [6.5, 10.5, 6.5],
			"to": [9.5, 11, 9.5],
			"faces": {
				"north": {"uv": [6.5, 5, 9.5, 5.5], "texture": "#texture"},
				"east": {"uv": [6.5, 5, 9.5, 5.5], "texture": "#texture"},
				"south": {"uv": [6.5, 5, 9.5, 5.5], "texture": "#texture"},
				"west": {"uv": [6.5, 5, 9.5, 5.5], "texture": "#texture"},
				"up": {"uv": [6, 13, 9, 16], "texture": "#3"},
				"down": {"uv": [0.5, 1, 3.5, 4], "texture": "#4"}
			}
		},
		{
			"name": "glass",
			"from": [6.5, 9, 6.5],
			"to": [9.5, 9.5, 9.5],
			"faces": {
				"north": {"uv": [6.5, 6.5, 9.5, 7], "texture": "#texture"},
				"east": {"uv": [6.5, 6.5, 9.5, 7], "texture": "#texture"},
				"south": {"uv": [6.5, 6.5, 9.5, 7], "texture": "#texture"},
				"west": {"uv": [6.5, 6.5, 9.5, 7], "texture": "#texture"},
				"up": {"uv": [6, 13, 9, 16], "texture": "#3"}
			}
		},
		{
			"name": "glass",
			"from": [6, 8.5, 6],
			"to": [10, 9, 10],
			"faces": {
				"north": {"uv": [6, 7, 10, 7.5], "texture": "#texture"},
				"east": {"uv": [6, 7, 10, 7.5], "texture": "#texture"},
				"south": {"uv": [6, 7, 10, 7.5], "texture": "#texture"},
				"west": {"uv": [6, 7, 10, 7.5], "texture": "#texture"},
				"up": {"uv": [11, 8, 15, 12], "texture": "#3"}
			}
		},
		{
			"name": "glass",
			"from": [5.5, 8, 5.5],
			"to": [10.5, 8.5, 10.5],
			"faces": {
				"north": {"uv": [5.5, 7.5, 10.5, 8], "texture": "#texture"},
				"east": {"uv": [5.5, 7.5, 10.5, 8], "texture": "#texture"},
				"south": {"uv": [5.5, 7.5, 10.5, 8], "texture": "#texture"},
				"west": {"uv": [5.5, 7.5, 10.5, 8], "texture": "#texture"},
				"up": {"uv": [6, 8, 11, 13], "texture": "#3"}
			}
		},
		{
			"name": "glass",
			"from": [5, 2, 5],
			"to": [11, 2.5, 11],
			"faces": {
				"north": {"uv": [5, 13.5, 11, 14], "texture": "#texture"},
				"east": {"uv": [5, 13.5, 11, 14], "texture": "#texture"},
				"south": {"uv": [5, 13.5, 11, 14], "texture": "#texture"},
				"west": {"uv": [5, 13.5, 11, 14], "texture": "#texture"},
				"down": {"uv": [0, 8, 6, 14], "texture": "#2"}
			}
		},
		{
			"name": "glass",
			"from": [5, 7.5, 5],
			"to": [11, 8, 11],
			"faces": {
				"north": {"uv": [5, 8, 11, 8.5], "texture": "#texture"},
				"east": {"uv": [5, 8, 11, 8.5], "texture": "#texture"},
				"south": {"uv": [5, 8, 11, 8.5], "texture": "#texture"},
				"west": {"uv": [5, 8, 11, 8.5], "texture": "#texture"},
				"up": {"uv": [0, 8, 6, 14], "texture": "#3"}
			}
		},
		{
			"name": "glass",
			"from": [4.5, 6.5, 4.5],
			"to": [11.5, 7.5, 11.5],
			"faces": {
				"north": {"uv": [4.5, 8.5, 11.5, 9.5], "texture": "#texture"},
				"east": {"uv": [4.5, 8.5, 11.5, 9.5], "texture": "#texture"},
				"south": {"uv": [4.5, 8.5, 11.5, 9.5], "texture": "#texture"},
				"west": {"uv": [4.5, 8.5, 11.5, 9.5], "texture": "#texture"},
				"up": {"uv": [8, 0, 15, 7], "texture": "#3"}
			}
		},
		{
			"name": "glass",
			"from": [4.5, 2.5, 4.5],
			"to": [11.5, 3, 11.5],
			"faces": {
				"north": {"uv": [4.5, 13, 11.5, 13.5], "texture": "#texture"},
				"east": {"uv": [4.5, 13, 11.5, 13.5], "texture": "#texture"},
				"south": {"uv": [4.5, 13, 11.5, 13.5], "texture": "#texture"},
				"west": {"uv": [4.5, 13, 11.5, 13.5], "texture": "#texture"},
				"down": {"uv": [8, 0, 15, 7], "texture": "#2"}
			}
		},
		{
			"name": "glass",
			"from": [4, 3, 4],
			"to": [12, 6.5, 12],
			"faces": {
				"north": {"uv": [4, 9.5, 12, 13], "texture": "#texture"},
				"east": {"uv": [4, 9.5, 12, 13], "texture": "#texture"},
				"south": {"uv": [4, 9.5, 12, 13], "texture": "#texture"},
				"west": {"uv": [4, 9.5, 12, 13], "texture": "#texture"},
				"up": {"uv": [0, 0, 8, 8], "texture": "#3"},
				"down": {"uv": [0, 0, 8, 8], "texture": "#2"}
			}
		}
	],
	"display": {
		"thirdperson_righthand": {
			"translation": [0, 3, 1],
			"scale": [0.55, 0.55, 0.55]
		},
		"thirdperson_lefthand": {
			"translation": [0, 3, 1],
			"scale": [0.55, 0.55, 0.55]
		},
		"firstperson_righthand": {
			"rotation": [0, -90, 25],
			"translation": [1.13, 3.2, 1.13],
			"scale": [0.68, 0.68, 0.68]
		},
		"firstperson_lefthand": {
			"rotation": [0, 90, -25],
			"translation": [1.13, 3.2, 1.13],
			"scale": [0.68, 0.68, 0.68]
		},
		"ground": {
			"translation": [0, 2, 0],
			"scale": [0.5, 0.5, 0.5]
		},
		"gui": {
			"rotation": [15, 45, 0],
			"scale": [0.75, 0.75, 0.75]
		},
		"head": {
			"rotation": [0, 180, 0],
			"translation": [0, 13, 0]
		},
		"fixed": {
			"rotation": [0, 180, 0]
		}
	},
	"groups": [
		{
			"name": "cork",
			"origin": [8, 8, 8],
			"children": [0]
		},
		{
			"name": "model_glass_bottle",
			"origin": [8, 8, 8],
			"children": [1, 2, 3, 4, 5, 6, 7, 8, 9, 10, 11, 12, 13]
		}
	]
}