{
	"credit": "Made with Blockbench",
	"textures": {
		"0": "item/golden_sword",
		"particle": "item/golden_sword"
	},
	"elements": [
		{
			"from": [14.10135, 15.58378, 7.875],
			"to": [16.10135, 16.08378, 8.125],
			"rotation": {"angle": 0, "axis": "y", "origin": [7.92812, 7.9279, 7.9985]},
			"faces": {
				"north": {"uv": [14, 0, 16, 0.5], "texture": "#0"},
				"east": {"uv": [14, 0, 16, 0.5], "texture": "#0"},
				"south": {"uv": [14, 0, 16, 0.5], "texture": "#0"},
				"west": {"uv": [14, 0, 16, 0.5], "texture": "#0"},
				"up": {"uv": [14, 0, 16, 0.5], "texture": "#0"}
			}
		},
		{
			"from": [15.60135, 14.08378, 7.875],
			"to": [16.10135, 15.58378, 8.125],
			"rotation": {"angle": 0, "axis": "y", "origin": [7.92812, 7.9279, 7.9985]},
			"faces": {
				"north": {"uv": [15.5, 0.5, 16, 2], "texture": "#0"},
				"east": {"uv": [15.5, 0.5, 16, 2], "texture": "#0"},
				"south": {"uv": [15.5, 0.5, 16, 2], "texture": "#0"},
				"down": {"uv": [15.5, 0.5, 16, 2], "texture": "#0"}
			}
		},
		{
			"from": [15.10135, 13.58378, 7.875],
			"to": [15.60135, 14.08378, 8.125],
			"rotation": {"angle": 0, "axis": "y", "origin": [7.92812, 7.9279, 7.9985]},
			"faces": {
				"north": {"uv": [15, 2, 15.5, 2.5], "texture": "#0"},
				"east": {"uv": [15, 2, 15.5, 2.5], "texture": "#0"},
				"south": {"uv": [15, 2, 15.5, 2.5], "texture": "#0"},
				"down": {"uv": [15, 2, 15.5, 2.5], "texture": "#0"}
			}
		},
		{
			"from": [14.60135, 13.08378, 7.875],
			"to": [15.10135, 13.58378, 8.125],
			"rotation": {"angle": 0, "axis": "y", "origin": [7.92812, 7.9279, 7.9985]},
			"faces": {
				"north": {"uv": [14.5, 2.5, 15, 3], "texture": "#0"},
				"east": {"uv": [14.5, 2.5, 15, 3], "texture": "#0"},
				"south": {"uv": [14.5, 2.5, 15, 3], "texture": "#0"},
				"down": {"uv": [14.5, 2.5, 15, 3], "texture": "#0"}
			}
		},
		{
			"from": [14.10135, 12.58378, 7.875],
			"to": [14.60135, 13.08378, 8.125],
			"rotation": {"angle": 0, "axis": "y", "origin": [7.92812, 7.9279, 7.9985]},
			"faces": {
				"north": {"uv": [14, 3, 14.5, 3.5], "texture": "#0"},
				"east": {"uv": [14, 3, 14.5, 3.5], "texture": "#0"},
				"south": {"uv": [14, 3, 14.5, 3.5], "texture": "#0"},
				"down": {"uv": [14, 3, 14.5, 3.5], "texture": "#0"}
			}
		},
		{
			"from": [13.60135, 12.08378, 7.875],
			"to": [14.10135, 12.58378, 8.125],
			"rotation": {"angle": 0, "axis": "y", "origin": [7.92812, 7.9279, 7.9985]},
			"faces": {
				"north": {"uv": [13.5, 3.5, 14, 4], "texture": "#0"},
				"east": {"uv": [13.5, 3.5, 14, 4], "texture": "#0"},
				"south": {"uv": [13.5, 3.5, 14, 4], "texture": "#0"},
				"down": {"uv": [13.5, 3.5, 14, 4], "texture": "#0"}
			}
		},
		{
			"from": [13.10135, 11.58378, 7.875],
			"to": [13.60135, 12.08378, 8.125],
			"rotation": {"angle": 0, "axis": "y", "origin": [7.92812, 7.9279, 7.9985]},
			"faces": {
				"north": {"uv": [13, 4, 13.5, 4.5], "texture": "#0"},
				"east": {"uv": [13, 4, 13.5, 4.5], "texture": "#0"},
				"south": {"uv": [13, 4, 13.5, 4.5], "texture": "#0"},
				"down": {"uv": [13, 4, 13.5, 4.5], "texture": "#0"}
			}
		},
		{
			"from": [12.60135, 11.08378, 7.875],
			"to": [13.10135, 11.58378, 8.125],
			"rotation": {"angle": 0, "axis": "y", "origin": [7.92812, 7.9279, 7.9985]},
			"faces": {
				"north": {"uv": [12.5, 4.5, 13, 5], "texture": "#0"},
				"east": {"uv": [12.5, 4.5, 13, 5], "texture": "#0"},
				"south": {"uv": [12.5, 4.5, 13, 5], "texture": "#0"},
				"down": {"uv": [12.5, 4.5, 13, 5], "texture": "#0"}
			}
		},
		{
			"from": [12.10135, 10.58378, 7.875],
			"to": [12.60135, 11.08378, 8.125],
			"rotation": {"angle": 0, "axis": "y", "origin": [7.92812, 7.9279, 7.9985]},
			"faces": {
				"north": {"uv": [12, 5, 12.5, 5.5], "texture": "#0"},
				"east": {"uv": [12, 5, 12.5, 5.5], "texture": "#0"},
				"south": {"uv": [12, 5, 12.5, 5.5], "texture": "#0"},
				"down": {"uv": [12, 5, 12.5, 5.5], "texture": "#0"}
			}
		},
		{
			"from": [11.60135, 10.08378, 7.875],
			"to": [12.10135, 10.58378, 8.125],
			"rotation": {"angle": 0, "axis": "y", "origin": [7.92812, 7.9279, 7.9985]},
			"faces": {
				"north": {"uv": [11.5, 5.5, 12, 6], "texture": "#0"},
				"east": {"uv": [11.5, 5.5, 12, 6], "texture": "#0"},
				"south": {"uv": [11.5, 5.5, 12, 6], "texture": "#0"},
				"down": {"uv": [11.5, 5.5, 12, 6], "texture": "#0"}
			}
		},
		{
			"from": [11.10135, 9.58378, 7.875],
			"to": [11.60135, 10.08378, 8.125],
			"rotation": {"angle": 0, "axis": "y", "origin": [7.92812, 7.9279, 7.9985]},
			"faces": {
				"north": {"uv": [11, 6, 11.5, 6.5], "texture": "#0"},
				"east": {"uv": [11, 6, 11.5, 6.5], "texture": "#0"},
				"south": {"uv": [11, 6, 11.5, 6.5], "texture": "#0"},
				"down": {"uv": [11, 6, 11.5, 6.5], "texture": "#0"}
			}
		},
		{
			"from": [10.60135, 9.08378, 7.875],
			"to": [11.10135, 9.58378, 8.125],
			"rotation": {"angle": 0, "axis": "y", "origin": [7.92812, 7.9279, 7.9985]},
			"faces": {
				"north": {"uv": [10.5, 6.5, 11, 7], "texture": "#0"},
				"east": {"uv": [10.5, 6.5, 11, 7], "texture": "#0"},
				"south": {"uv": [10.5, 6.5, 11, 7], "texture": "#0"},
				"down": {"uv": [10.5, 6.5, 11, 7], "texture": "#0"}
			}
		},
		{
			"from": [13.60135, 15.08378, 7.875],
			"to": [14.10135, 15.58378, 8.125],
			"rotation": {"angle": 0, "axis": "y", "origin": [7.92812, 7.9279, 7.9985]},
			"faces": {
				"north": {"uv": [13.5, 0.5, 14, 1], "texture": "#0"},
				"south": {"uv": [13.5, 0.5, 14, 1], "texture": "#0"},
				"west": {"uv": [13.5, 0.5, 14, 1], "texture": "#0"},
				"up": {"uv": [13.5, 0.5, 14, 1], "texture": "#0"}
			}
		},
		{
			"from": [13.10135, 14.58378, 7.875],
			"to": [13.60135, 15.08378, 8.125],
			"rotation": {"angle": 0, "axis": "y", "origin": [7.92812, 7.9279, 7.9985]},
			"faces": {
				"north": {"uv": [13, 1, 13.5, 1.5], "texture": "#0"},
				"south": {"uv": [13, 1, 13.5, 1.5], "texture": "#0"},
				"west": {"uv": [13, 1, 13.5, 1.5], "texture": "#0"},
				"up": {"uv": [13, 1, 13.5, 1.5], "texture": "#0"}
			}
		},
		{
			"from": [12.60135, 14.08378, 7.875],
			"to": [13.10135, 14.58378, 8.125],
			"rotation": {"angle": 0, "axis": "y", "origin": [7.92812, 7.9279, 7.9985]},
			"faces": {
				"north": {"uv": [12.5, 1.5, 13, 2], "texture": "#0"},
				"south": {"uv": [12.5, 1.5, 13, 2], "texture": "#0"},
				"west": {"uv": [12.5, 1.5, 13, 2], "texture": "#0"},
				"up": {"uv": [12.5, 1.5, 13, 2], "texture": "#0"}
			}
		},
		{
			"from": [12.10135, 13.58378, 7.875],
			"to": [12.60135, 14.08378, 8.125],
			"rotation": {"angle": 0, "axis": "y", "origin": [7.92812, 7.9279, 7.9985]},
			"faces": {
				"north": {"uv": [12, 2, 12.5, 2.5], "texture": "#0"},
				"south": {"uv": [12, 2, 12.5, 2.5], "texture": "#0"},
				"west": {"uv": [12, 2, 12.5, 2.5], "texture": "#0"},
				"up": {"uv": [12, 2, 12.5, 2.5], "texture": "#0"}
			}
		},
		{
			"from": [11.60135, 13.08378, 7.875],
			"to": [12.10135, 13.58378, 8.125],
			"rotation": {"angle": 0, "axis": "y", "origin": [7.92812, 7.9279, 7.9985]},
			"faces": {
				"north": {"uv": [11.5, 2.5, 12, 3], "texture": "#0"},
				"south": {"uv": [11.5, 2.5, 12, 3], "texture": "#0"},
				"west": {"uv": [11.5, 2.5, 12, 3], "texture": "#0"},
				"up": {"uv": [11.5, 2.5, 12, 3], "texture": "#0"}
			}
		},
		{
			"from": [11.10135, 12.58378, 7.875],
			"to": [11.60135, 13.08378, 8.125],
			"rotation": {"angle": 0, "axis": "y", "origin": [7.92812, 7.9279, 7.9985]},
			"faces": {
				"north": {"uv": [11, 3, 11.5, 3.5], "texture": "#0"},
				"south": {"uv": [11, 3, 11.5, 3.5], "texture": "#0"},
				"west": {"uv": [11, 3, 11.5, 3.5], "texture": "#0"},
				"up": {"uv": [11, 3, 11.5, 3.5], "texture": "#0"}
			}
		},
		{
			"from": [10.60135, 12.08378, 7.875],
			"to": [11.10135, 12.58378, 8.125],
			"rotation": {"angle": 0, "axis": "y", "origin": [7.92812, 7.9279, 7.9985]},
			"faces": {
				"north": {"uv": [10.5, 3.5, 11, 4], "texture": "#0"},
				"south": {"uv": [10.5, 3.5, 11, 4], "texture": "#0"},
				"west": {"uv": [10.5, 3.5, 11, 4], "texture": "#0"},
				"up": {"uv": [10.5, 3.5, 11, 4], "texture": "#0"}
			}
		},
		{
			"from": [10.10135, 11.58378, 7.875],
			"to": [10.60135, 12.08378, 8.125],
			"rotation": {"angle": 0, "axis": "y", "origin": [7.92812, 7.9279, 7.9985]},
			"faces": {
				"north": {"uv": [10, 4, 10.5, 4.5], "texture": "#0"},
				"south": {"uv": [10, 4, 10.5, 4.5], "texture": "#0"},
				"west": {"uv": [10, 4, 10.5, 4.5], "texture": "#0"},
				"up": {"uv": [10, 4, 10.5, 4.5], "texture": "#0"}
			}
		},
		{
			"from": [9.60135, 11.08378, 7.875],
			"to": [10.10135, 11.58378, 8.125],
			"rotation": {"angle": 0, "axis": "y", "origin": [7.92812, 7.9279, 7.9985]},
			"faces": {
				"north": {"uv": [9.5, 4.5, 10, 5], "texture": "#0"},
				"south": {"uv": [9.5, 4.5, 10, 5], "texture": "#0"},
				"west": {"uv": [9.5, 4.5, 10, 5], "texture": "#0"},
				"up": {"uv": [9.5, 4.5, 10, 5], "texture": "#0"}
			}
		},
		{
			"from": [9.10135, 10.58378, 7.875],
			"to": [9.60135, 11.08378, 8.125],
			"rotation": {"angle": 0, "axis": "y", "origin": [7.92812, 7.9279, 7.9985]},
			"faces": {
				"north": {"uv": [9, 5, 9.5, 5.5], "texture": "#0"},
				"south": {"uv": [9, 5, 9.5, 5.5], "texture": "#0"},
				"west": {"uv": [9, 5, 9.5, 5.5], "texture": "#0"},
				"up": {"uv": [9, 5, 9.5, 5.5], "texture": "#0"}
			}
		},
		{
			"from": [8.60135, 10.08378, 7.875],
			"to": [9.10135, 10.58378, 8.125],
			"rotation": {"angle": 0, "axis": "y", "origin": [7.92812, 7.9279, 7.9985]},
			"faces": {
				"north": {"uv": [8.5, 5.5, 9, 6], "texture": "#0"},
				"south": {"uv": [8.5, 5.5, 9, 6], "texture": "#0"},
				"west": {"uv": [8.5, 5.5, 9, 6], "texture": "#0"},
				"up": {"uv": [8.5, 5.5, 9, 6], "texture": "#0"}
			}
		},
		{
			"from": [8.10135, 9.58378, 7.875],
			"to": [8.60135, 10.08378, 8.125],
			"rotation": {"angle": 0, "axis": "y", "origin": [7.92812, 7.9279, 7.9985]},
			"faces": {
				"north": {"uv": [8, 6, 8.5, 6.5], "texture": "#0"},
				"south": {"uv": [8, 6, 8.5, 6.5], "texture": "#0"},
				"west": {"uv": [8, 6, 8.5, 6.5], "texture": "#0"},
				"up": {"uv": [8, 6, 8.5, 6.5], "texture": "#0"}
			}
		},
		{
			"from": [7.60135, 9.08378, 7.875],
			"to": [8.10135, 9.58378, 8.125],
			"rotation": {"angle": 0, "axis": "y", "origin": [7.92812, 7.9279, 7.9985]},
			"faces": {
				"north": {"uv": [7.5, 6.5, 8, 7], "texture": "#0"},
				"south": {"uv": [7.5, 6.5, 8, 7], "texture": "#0"},
				"west": {"uv": [7.5, 6.5, 8, 7], "texture": "#0"},
				"up": {"uv": [7.5, 6.5, 8, 7], "texture": "#0"}
			}
		},
		{
			"from": [7.10135, 8.58378, 7.875],
			"to": [7.60135, 9.08378, 8.125],
			"rotation": {"angle": 0, "axis": "y", "origin": [7.92812, 7.9279, 7.9985]},
			"faces": {
				"north": {"uv": [7, 7, 7.5, 7.5], "texture": "#0"},
				"south": {"uv": [7, 7, 7.5, 7.5], "texture": "#0"},
				"west": {"uv": [7, 7, 7.5, 7.5], "texture": "#0"},
				"up": {"uv": [7, 7, 7.5, 7.5], "texture": "#0"}
			}
		},
		{
			"from": [6.60135, 8.08378, 7.875],
			"to": [7.10135, 8.58378, 8.125],
			"rotation": {"angle": 0, "axis": "y", "origin": [7.92812, 7.9279, 7.9985]},
			"faces": {
				"north": {"uv": [6.5, 7.5, 7, 8], "texture": "#0"},
				"south": {"uv": [6.5, 7.5, 7, 8], "texture": "#0"},
				"west": {"uv": [6.5, 7.5, 7, 8], "texture": "#0"},
				"up": {"uv": [6.5, 7.5, 7, 8], "texture": "#0"}
			}
		},
		{
			"from": [6.10135, 7.58378, 7.875],
			"to": [6.60135, 8.08378, 8.125],
			"rotation": {"angle": 0, "axis": "y", "origin": [7.92812, 7.9279, 7.9985]},
			"faces": {
				"north": {"uv": [6, 8, 6.5, 8.5], "texture": "#0"},
				"south": {"uv": [6, 8, 6.5, 8.5], "texture": "#0"},
				"west": {"uv": [6, 8, 6.5, 8.5], "texture": "#0"},
				"up": {"uv": [6, 8, 6.5, 8.5], "texture": "#0"}
			}
		},
		{
			"from": [5.60135, 7.08378, 7.875],
			"to": [6.10135, 7.58378, 8.125],
			"rotation": {"angle": 0, "axis": "y", "origin": [7.92812, 7.9279, 7.9985]},
			"faces": {
				"north": {"uv": [5.5, 8.5, 6, 9], "texture": "#0"},
				"south": {"uv": [5.5, 8.5, 6, 9], "texture": "#0"},
				"up": {"uv": [5.5, 8.5, 6, 9], "texture": "#0"}
			}
		},
		{
			"from": [10.10135, 8.58378, 7.875],
			"to": [10.60135, 9.08378, 8.125],
			"rotation": {"angle": 0, "axis": "y", "origin": [7.92812, 7.9279, 7.9985]},
			"faces": {
				"north": {"uv": [10, 7, 10.5, 7.5], "texture": "#0"},
				"east": {"uv": [10, 7, 10.5, 7.5], "texture": "#0"},
				"south": {"uv": [10, 7, 10.5, 7.5], "texture": "#0"},
				"down": {"uv": [10, 7, 10.5, 7.5], "texture": "#0"}
			}
		},
		{
			"from": [9.60135, 8.08378, 7.875],
			"to": [10.10135, 8.58378, 8.125],
			"rotation": {"angle": 0, "axis": "y", "origin": [7.92812, 7.9279, 7.9985]},
			"faces": {
				"north": {"uv": [9.5, 7.5, 10, 8], "texture": "#0"},
				"east": {"uv": [9.5, 7.5, 10, 8], "texture": "#0"},
				"south": {"uv": [9.5, 7.5, 10, 8], "texture": "#0"},
				"down": {"uv": [9.5, 7.5, 10, 8], "texture": "#0"}
			}
		},
		{
			"from": [9.10135, 7.58378, 7.875],
			"to": [9.60135, 8.08378, 8.125],
			"rotation": {"angle": 0, "axis": "y", "origin": [7.92812, 7.9279, 7.9985]},
			"faces": {
				"north": {"uv": [9, 8, 9.5, 8.5], "texture": "#0"},
				"east": {"uv": [9, 8, 9.5, 8.5], "texture": "#0"},
				"south": {"uv": [9, 8, 9.5, 8.5], "texture": "#0"},
				"down": {"uv": [9, 8, 9.5, 8.5], "texture": "#0"}
			}
		},
		{
			"from": [8.60135, 7.08378, 7.875],
			"to": [9.10135, 7.58378, 8.125],
			"rotation": {"angle": 0, "axis": "y", "origin": [7.92812, 7.9279, 7.9985]},
			"faces": {
				"north": {"uv": [8.5, 8.5, 9, 9], "texture": "#0"},
				"east": {"uv": [8.5, 8.5, 9, 9], "texture": "#0"},
				"south": {"uv": [8.5, 8.5, 9, 9], "texture": "#0"},
				"down": {"uv": [8.5, 8.5, 9, 9], "texture": "#0"}
			}
		},
		{
			"from": [8.10135, 6.58378, 7.875],
			"to": [8.60135, 7.08378, 8.125],
			"rotation": {"angle": 0, "axis": "y", "origin": [7.92812, 7.9279, 7.9985]},
			"faces": {
				"north": {"uv": [8, 9, 8.5, 9.5], "texture": "#0"},
				"east": {"uv": [8, 9, 8.5, 9.5], "texture": "#0"},
				"south": {"uv": [8, 9, 8.5, 9.5], "texture": "#0"},
				"down": {"uv": [8, 9, 8.5, 9.5], "texture": "#0"}
			}
		},
		{
			"from": [7.60135, 6.08378, 7.875],
			"to": [8.10135, 6.58378, 8.125],
			"rotation": {"angle": 0, "axis": "y", "origin": [7.92812, 7.9279, 7.9985]},
			"faces": {
				"north": {"uv": [7.5, 9.5, 8, 10], "texture": "#0"},
				"east": {"uv": [7.5, 9.5, 8, 10], "texture": "#0"},
				"south": {"uv": [7.5, 9.5, 8, 10], "texture": "#0"},
				"down": {"uv": [7.5, 9.5, 8, 10], "texture": "#0"}
			}
		},
		{
			"from": [7.10135, 5.58378, 7.875],
			"to": [7.60135, 6.08378, 8.125],
			"rotation": {"angle": 0, "axis": "y", "origin": [7.92812, 7.9279, 7.9985]},
			"faces": {
				"north": {"uv": [7, 10, 7.5, 10.5], "texture": "#0"},
				"east": {"uv": [7, 10, 7.5, 10.5], "texture": "#0"},
				"south": {"uv": [7, 10, 7.5, 10.5], "texture": "#0"}
			}
		},
		{
			"from": [14.10135, 15.08378, 7.625],
			"to": [15.60135, 15.58378, 8.375],
			"rotation": {"angle": 0, "axis": "y", "origin": [7.92812, 7.9279, 7.9985]},
			"faces": {
				"north": {"uv": [15.5, 0.5, 14, 1], "texture": "#0"},
				"east": {"uv": [15.5, 0.5, 15, 1], "texture": "#0"},
				"south": {"uv": [14, 0.5, 15.5, 1], "texture": "#0"},
				"west": {"uv": [14, 0.5, 14.5, 1], "texture": "#0"},
				"up": {"uv": [14, 0.5, 14.5, 1], "rotation": 270, "texture": "#0"}
			}
		},
		{
			"from": [13.60135, 14.58378, 7.625],
			"to": [14.10135, 15.08378, 8.375],
			"rotation": {"angle": 0, "axis": "y", "origin": [7.92812, 7.9279, 7.9985]},
			"faces": {
				"north": {"uv": [13.5, 1, 14, 1.5], "texture": "#0"},
				"south": {"uv": [13.5, 1, 14, 1.5], "texture": "#0"},
				"west": {"uv": [13.5, 1, 14, 1.5], "texture": "#0"},
				"up": {"uv": [13.5, 1, 14, 1.5], "texture": "#0"}
			}
		},
		{
			"from": [13.10135, 14.08378, 7.625],
			"to": [13.60135, 14.58378, 8.375],
			"rotation": {"angle": 0, "axis": "y", "origin": [7.92812, 7.9279, 7.9985]},
			"faces": {
				"north": {"uv": [13, 1.5, 13.5, 2], "texture": "#0"},
				"south": {"uv": [13, 1.5, 13.5, 2], "texture": "#0"},
				"west": {"uv": [13, 1.5, 13.5, 2], "texture": "#0"},
				"up": {"uv": [13, 1.5, 13.5, 2], "texture": "#0"}
			}
		},
		{
			"from": [15.10135, 14.08378, 7.625],
			"to": [15.60135, 15.08378, 8.375],
			"rotation": {"angle": 0, "axis": "y", "origin": [7.92812, 7.9279, 7.9985]},
			"faces": {
				"north": {"uv": [15, 1, 15.5, 2], "texture": "#0"},
				"east": {"uv": [15, 1, 15.5, 2], "texture": "#0"},
				"south": {"uv": [15, 1, 15.5, 2], "texture": "#0"},
				"down": {"uv": [15, 1, 15.5, 2], "texture": "#0"}
			}
		},
		{
			"from": [14.60135, 13.58378, 7.625],
			"to": [15.10135, 14.08378, 8.375],
			"rotation": {"angle": 0, "axis": "y", "origin": [7.92812, 7.9279, 7.9985]},
			"faces": {
				"north": {"uv": [14.5, 2, 15, 2.5], "texture": "#0"},
				"east": {"uv": [14.5, 2, 15, 2.5], "texture": "#0"},
				"south": {"uv": [14.5, 2, 15, 2.5], "texture": "#0"},
				"down": {"uv": [14.5, 2, 15, 2.5], "texture": "#0"}
			}
		},
		{
			"from": [14.10135, 13.08378, 7.625],
			"to": [14.60135, 13.58378, 8.375],
			"rotation": {"angle": 0, "axis": "y", "origin": [7.92812, 7.9279, 7.9985]},
			"faces": {
				"north": {"uv": [14, 2.5, 14.5, 3], "texture": "#0"},
				"east": {"uv": [14, 2.5, 14.5, 3], "texture": "#0"},
				"south": {"uv": [14, 2.5, 14.5, 3], "texture": "#0"},
				"down": {"uv": [14, 2.5, 14.5, 3], "texture": "#0"}
			}
		},
		{
			"from": [13.60135, 12.58378, 7.625],
			"to": [14.10135, 13.08378, 8.375],
			"rotation": {"angle": 0, "axis": "y", "origin": [7.92812, 7.9279, 7.9985]},
			"faces": {
				"north": {"uv": [13.5, 3, 14, 3.5], "texture": "#0"},
				"east": {"uv": [13.5, 3, 14, 3.5], "texture": "#0"},
				"south": {"uv": [13.5, 3, 14, 3.5], "texture": "#0"},
				"down": {"uv": [13.5, 3, 14, 3.5], "texture": "#0"}
			}
		},
		{
			"from": [13.10135, 12.08378, 7.625],
			"to": [13.60135, 12.58378, 8.375],
			"rotation": {"angle": 0, "axis": "y", "origin": [7.92812, 7.9279, 7.9985]},
			"faces": {
				"north": {"uv": [13, 3.5, 13.5, 4], "texture": "#0"},
				"east": {"uv": [13, 3.5, 13.5, 4], "texture": "#0"},
				"south": {"uv": [13, 3.5, 13.5, 4], "texture": "#0"},
				"down": {"uv": [13, 3.5, 13.5, 4], "texture": "#0"}
			}
		},
		{
			"from": [12.60135, 11.58378, 7.625],
			"to": [13.10135, 12.08378, 8.375],
			"rotation": {"angle": 0, "axis": "y", "origin": [7.92812, 7.9279, 7.9985]},
			"faces": {
				"north": {"uv": [12.5, 4, 13, 4.5], "texture": "#0"},
				"east": {"uv": [12.5, 4, 13, 4.5], "texture": "#0"},
				"south": {"uv": [12.5, 4, 13, 4.5], "texture": "#0"},
				"down": {"uv": [12.5, 4, 13, 4.5], "texture": "#0"}
			}
		},
		{
			"from": [12.10135, 11.08378, 7.625],
			"to": [12.60135, 11.58378, 8.375],
			"rotation": {"angle": 0, "axis": "y", "origin": [7.92812, 7.9279, 7.9985]},
			"faces": {
				"north": {"uv": [12, 4.5, 12.5, 5], "texture": "#0"},
				"east": {"uv": [12, 4.5, 12.5, 5], "texture": "#0"},
				"south": {"uv": [12, 4.5, 12.5, 5], "texture": "#0"},
				"down": {"uv": [12, 4.5, 12.5, 5], "texture": "#0"}
			}
		},
		{
			"from": [11.60135, 10.58378, 7.625],
			"to": [12.10135, 11.08378, 8.375],
			"rotation": {"angle": 0, "axis": "y", "origin": [7.92812, 7.9279, 7.9985]},
			"faces": {
				"north": {"uv": [11.5, 5, 12, 5.5], "texture": "#0"},
				"east": {"uv": [11.5, 5, 12, 5.5], "texture": "#0"},
				"south": {"uv": [11.5, 5, 12, 5.5], "texture": "#0"},
				"down": {"uv": [11.5, 5, 12, 5.5], "texture": "#0"}
			}
		},
		{
			"from": [11.10135, 10.08378, 7.625],
			"to": [11.60135, 10.58378, 8.375],
			"rotation": {"angle": 0, "axis": "y", "origin": [7.92812, 7.9279, 7.9985]},
			"faces": {
				"north": {"uv": [11, 5.5, 11.5, 6], "texture": "#0"},
				"east": {"uv": [11, 5.5, 11.5, 6], "texture": "#0"},
				"south": {"uv": [11, 5.5, 11.5, 6], "texture": "#0"},
				"down": {"uv": [11, 5.5, 11.5, 6], "texture": "#0"}
			}
		},
		{
			"from": [10.60135, 9.58378, 7.625],
			"to": [11.10135, 10.08378, 8.375],
			"rotation": {"angle": 0, "axis": "y", "origin": [7.92812, 7.9279, 7.9985]},
			"faces": {
				"north": {"uv": [10.5, 6, 11, 6.5], "texture": "#0"},
				"east": {"uv": [10.5, 6, 11, 6.5], "texture": "#0"},
				"south": {"uv": [10.5, 6, 11, 6.5], "texture": "#0"},
				"down": {"uv": [10.5, 6, 11, 6.5], "texture": "#0"}
			}
		},
		{
			"from": [10.10135, 9.08378, 7.625],
			"to": [10.60135, 9.58378, 8.375],
			"rotation": {"angle": 0, "axis": "y", "origin": [7.92812, 7.9279, 7.9985]},
			"faces": {
				"north": {"uv": [10, 6.5, 10.5, 7], "texture": "#0"},
				"east": {"uv": [10, 6.5, 10.5, 7], "texture": "#0"},
				"south": {"uv": [10, 6.5, 10.5, 7], "texture": "#0"},
				"down": {"uv": [10, 6.5, 10.5, 7], "texture": "#0"}
			}
		},
		{
			"from": [9.60135, 8.58378, 7.625],
			"to": [10.10135, 9.08378, 8.375],
			"rotation": {"angle": 0, "axis": "y", "origin": [7.92812, 7.9279, 7.9985]},
			"faces": {
				"north": {"uv": [9.5, 7, 10, 7.5], "texture": "#0"},
				"east": {"uv": [9.5, 7, 10, 7.5], "texture": "#0"},
				"south": {"uv": [9.5, 7, 10, 7.5], "texture": "#0"},
				"down": {"uv": [9.5, 7, 10, 7.5], "texture": "#0"}
			}
		},
		{
			"from": [9.10135, 8.08378, 7.625],
			"to": [9.60135, 8.58378, 8.375],
			"rotation": {"angle": 0, "axis": "y", "origin": [7.92812, 7.9279, 7.9985]},
			"faces": {
				"north": {"uv": [8.5, 8, 9, 8.5], "texture": "#0"},
				"east": {"uv": [8.5, 8, 9, 8.5], "texture": "#0"},
				"south": {"uv": [9, 7.5, 9.5, 8], "texture": "#0"},
				"down": {"uv": [8.5, 8, 9, 8.5], "texture": "#0"}
			}
		},
		{
			"from": [8.60135, 7.58378, 7.625],
			"to": [9.10135, 8.08378, 8.375],
			"rotation": {"angle": 0, "axis": "y", "origin": [7.92812, 7.9279, 7.9985]},
			"faces": {
				"north": {"uv": [8.5, 8, 9, 8.5], "texture": "#0"},
				"east": {"uv": [8.5, 8, 9, 8.5], "texture": "#0"},
				"south": {"uv": [8.5, 8, 9, 8.5], "texture": "#0"},
				"down": {"uv": [8.5, 8, 9, 8.5], "texture": "#0"}
			}
		},
		{
			"from": [8.10135, 7.08378, 7.625],
			"to": [8.60135, 7.58378, 8.375],
			"rotation": {"angle": 0, "axis": "y", "origin": [7.92812, 7.9279, 7.9985]},
			"faces": {
				"north": {"uv": [8, 8.5, 8.5, 9], "texture": "#0"},
				"east": {"uv": [8, 8.5, 8.5, 9], "texture": "#0"},
				"south": {"uv": [8, 8.5, 8.5, 9], "texture": "#0"},
				"down": {"uv": [8, 8.5, 8.5, 9], "texture": "#0"}
			}
		},
		{
			"from": [7.60135, 6.58378, 7.625],
			"to": [8.10135, 7.08378, 8.375],
			"rotation": {"angle": 0, "axis": "y", "origin": [7.92812, 7.9279, 7.9985]},
			"faces": {
				"north": {"uv": [7.5, 9, 8, 9.5], "texture": "#0"},
				"east": {"uv": [7.5, 9, 8, 9.5], "texture": "#0"},
				"south": {"uv": [7.5, 9, 8, 9.5], "texture": "#0"},
				"down": {"uv": [7.5, 9, 8, 9.5], "texture": "#0"}
			}
		},
		{
			"from": [6.60135, 5.58378, 7.625],
			"to": [7.10135, 6.08378, 8.375],
			"rotation": {"angle": 0, "axis": "y", "origin": [7.92812, 7.9279, 7.9985]},
			"faces": {
				"north": {"uv": [6.5, 10, 7, 10.5], "texture": "#0"},
				"east": {"uv": [6.5, 10, 7, 10.5], "texture": "#0"},
				"south": {"uv": [6.5, 10, 7, 10.5], "texture": "#0"}
			}
		},
		{
			"from": [7.10135, 6.08378, 7.625],
			"to": [7.60135, 6.58378, 8.375],
			"rotation": {"angle": 0, "axis": "y", "origin": [7.92812, 7.9279, 7.9985]},
			"faces": {
				"north": {"uv": [7, 9.5, 7.5, 10], "texture": "#0"},
				"east": {"uv": [7, 9.5, 7.5, 10], "texture": "#0"},
				"south": {"uv": [7, 9.5, 7.5, 10], "texture": "#0"},
				"down": {"uv": [7, 9.5, 7.5, 10], "texture": "#0"}
			}
		},
		{
			"from": [12.60135, 13.58378, 7.625],
			"to": [13.10135, 14.08378, 8.375],
			"rotation": {"angle": 0, "axis": "y", "origin": [7.92812, 7.9279, 7.9985]},
			"faces": {
				"north": {"uv": [12.5, 2, 13, 2.5], "texture": "#0"},
				"south": {"uv": [12.5, 2, 13, 2.5], "texture": "#0"},
				"west": {"uv": [12.5, 2, 13, 2.5], "texture": "#0"},
				"up": {"uv": [12.5, 2, 13, 2.5], "texture": "#0"}
			}
		},
		{
			"from": [12.10135, 13.08378, 7.625],
			"to": [12.60135, 13.58378, 8.375],
			"rotation": {"angle": 0, "axis": "y", "origin": [7.92812, 7.9279, 7.9985]},
			"faces": {
				"north": {"uv": [12, 2.5, 12.5, 3], "texture": "#0"},
				"south": {"uv": [12, 2.5, 12.5, 3], "texture": "#0"},
				"west": {"uv": [12, 2.5, 12.5, 3], "texture": "#0"},
				"up": {"uv": [12, 2.5, 12.5, 3], "texture": "#0"}
			}
		},
		{
			"from": [11.60135, 12.58378, 7.625],
			"to": [12.10135, 13.08378, 8.375],
			"rotation": {"angle": 0, "axis": "y", "origin": [7.92812, 7.9279, 7.9985]},
			"faces": {
				"north": {"uv": [11.5, 3, 12, 3.5], "texture": "#0"},
				"south": {"uv": [11.5, 3, 12, 3.5], "texture": "#0"},
				"west": {"uv": [11.5, 3, 12, 3.5], "texture": "#0"},
				"up": {"uv": [11.5, 3, 12, 3.5], "texture": "#0"}
			}
		},
		{
			"from": [11.10135, 12.08378, 7.625],
			"to": [11.60135, 12.58378, 8.375],
			"rotation": {"angle": 0, "axis": "y", "origin": [7.92812, 7.9279, 7.9985]},
			"faces": {
				"north": {"uv": [11, 3.5, 11.5, 4], "texture": "#0"},
				"south": {"uv": [11, 3.5, 11.5, 4], "texture": "#0"},
				"west": {"uv": [11, 3.5, 11.5, 4], "texture": "#0"},
				"up": {"uv": [11, 3.5, 11.5, 4], "texture": "#0"}
			}
		},
		{
			"from": [10.60135, 11.58378, 7.625],
			"to": [11.10135, 12.08378, 8.375],
			"rotation": {"angle": 0, "axis": "y", "origin": [7.92812, 7.9279, 7.9985]},
			"faces": {
				"north": {"uv": [10.5, 4, 11, 4.5], "texture": "#0"},
				"south": {"uv": [10.5, 4, 11, 4.5], "texture": "#0"},
				"west": {"uv": [10.5, 4, 11, 4.5], "texture": "#0"},
				"up": {"uv": [10.5, 4, 11, 4.5], "texture": "#0"}
			}
		},
		{
			"from": [10.10135, 11.08378, 7.625],
			"to": [10.60135, 11.58378, 8.375],
			"rotation": {"angle": 0, "axis": "y", "origin": [7.92812, 7.9279, 7.9985]},
			"faces": {
				"north": {"uv": [10, 4.5, 10.5, 5], "texture": "#0"},
				"south": {"uv": [10, 4.5, 10.5, 5], "texture": "#0"},
				"west": {"uv": [10, 4.5, 10.5, 5], "texture": "#0"},
				"up": {"uv": [10, 4.5, 10.5, 5], "texture": "#0"}
			}
		},
		{
			"from": [9.60135, 10.58378, 7.625],
			"to": [10.10135, 11.08378, 8.375],
			"rotation": {"angle": 0, "axis": "y", "origin": [7.92812, 7.9279, 7.9985]},
			"faces": {
				"north": {"uv": [9.5, 5, 10, 5.5], "texture": "#0"},
				"south": {"uv": [9.5, 5, 10, 5.5], "texture": "#0"},
				"west": {"uv": [9.5, 5, 10, 5.5], "texture": "#0"},
				"up": {"uv": [9.5, 5, 10, 5.5], "texture": "#0"}
			}
		},
		{
			"from": [9.10135, 10.08378, 7.625],
			"to": [9.60135, 10.58378, 8.375],
			"rotation": {"angle": 0, "axis": "y", "origin": [7.92812, 7.9279, 7.9985]},
			"faces": {
				"north": {"uv": [9, 5.5, 9.5, 6], "texture": "#0"},
				"south": {"uv": [9, 5.5, 9.5, 6], "texture": "#0"},
				"west": {"uv": [9, 5.5, 9.5, 6], "texture": "#0"},
				"up": {"uv": [9, 5.5, 9.5, 6], "texture": "#0"}
			}
		},
		{
			"from": [8.60135, 9.58378, 7.625],
			"to": [9.10135, 10.08378, 8.375],
			"rotation": {"angle": 0, "axis": "y", "origin": [7.92812, 7.9279, 7.9985]},
			"faces": {
				"north": {"uv": [8.5, 6, 9, 6.5], "texture": "#0"},
				"south": {"uv": [8.5, 6, 9, 6.5], "texture": "#0"},
				"west": {"uv": [8.5, 6, 9, 6.5], "texture": "#0"},
				"up": {"uv": [8.5, 6, 9, 6.5], "texture": "#0"}
			}
		},
		{
			"from": [8.10135, 9.08378, 7.625],
			"to": [8.60135, 9.58378, 8.375],
			"rotation": {"angle": 0, "axis": "y", "origin": [7.92812, 7.9279, 7.9985]},
			"faces": {
				"north": {"uv": [8, 6.5, 8.5, 7], "texture": "#0"},
				"south": {"uv": [8, 6.5, 8.5, 7], "texture": "#0"},
				"west": {"uv": [8, 6.5, 8.5, 7], "texture": "#0"},
				"up": {"uv": [8, 6.5, 8.5, 7], "texture": "#0"}
			}
		},
		{
			"from": [7.60135, 8.58378, 7.625],
			"to": [8.10135, 9.08378, 8.375],
			"rotation": {"angle": 0, "axis": "y", "origin": [7.92812, 7.9279, 7.9985]},
			"faces": {
				"north": {"uv": [7.5, 7, 8, 7.5], "texture": "#0"},
				"south": {"uv": [7.5, 7, 8, 7.5], "texture": "#0"},
				"west": {"uv": [7.5, 7, 8, 7.5], "texture": "#0"},
				"up": {"uv": [7.5, 7, 8, 7.5], "texture": "#0"}
			}
		},
		{
			"from": [7.10135, 8.08378, 7.625],
			"to": [7.60135, 8.58378, 8.375],
			"rotation": {"angle": 0, "axis": "y", "origin": [7.92812, 7.9279, 7.9985]},
			"faces": {
				"north": {"uv": [7, 7.5, 7.5, 8], "texture": "#0"},
				"south": {"uv": [7, 7.5, 7.5, 8], "texture": "#0"},
				"west": {"uv": [7, 7.5, 7.5, 8], "texture": "#0"},
				"up": {"uv": [7, 7.5, 7.5, 8], "texture": "#0"}
			}
		},
		{
			"from": [6.60135, 7.58378, 7.625],
			"to": [7.10135, 8.08378, 8.375],
			"rotation": {"angle": 0, "axis": "y", "origin": [7.92812, 7.9279, 7.9985]},
			"faces": {
				"north": {"uv": [6.5, 8, 7, 8.5], "texture": "#0"},
				"south": {"uv": [6.5, 8, 7, 8.5], "texture": "#0"},
				"west": {"uv": [6.5, 8, 7, 8.5], "texture": "#0"},
				"up": {"uv": [6.5, 8, 7, 8.5], "texture": "#0"}
			}
		},
		{
			"from": [6.10135, 7.08378, 7.625],
			"to": [6.60135, 7.58378, 8.375],
			"rotation": {"angle": 0, "axis": "y", "origin": [7.92812, 7.9279, 7.9985]},
			"faces": {
				"north": {"uv": [6, 8.5, 6.5, 9], "texture": "#0"},
				"south": {"uv": [6, 8.5, 6.5, 9], "texture": "#0"},
				"west": {"uv": [6, 8.5, 6.5, 9], "texture": "#0"},
				"up": {"uv": [6, 8.5, 6.5, 9], "texture": "#0"}
			}
		},
		{
			"from": [5.60135, 6.58378, 7.625],
			"to": [6.10135, 7.08378, 8.375],
			"rotation": {"angle": 0, "axis": "y", "origin": [7.92812, 7.9279, 7.9985]},
			"faces": {
				"north": {"uv": [5.5, 9, 6, 9.5], "texture": "#0"},
				"south": {"uv": [5.5, 9, 6, 9.5], "texture": "#0"},
				"up": {"uv": [5.5, 9, 6, 9.5], "texture": "#0"}
			}
		},
		{
			"from": [14.10135, 14.08378, 7.375],
			"to": [15.10135, 14.58378, 8.625],
			"rotation": {"angle": 0, "axis": "y", "origin": [7.92812, 7.9279, 7.9985]},
			"faces": {
				"north": {"uv": [15, 1.5, 14, 2], "texture": "#0"},
				"east": {"uv": [15, 1.5, 14.5, 2], "texture": "#0"},
				"south": {"uv": [14, 1.5, 15, 2], "texture": "#0"},
				"down": {"uv": [14.5, 2, 15, 1.5], "rotation": 90, "texture": "#0"}
			}
		},
		{
			"from": [14.10135, 14.58378, 7.375],
			"to": [14.60135, 15.08378, 8.625],
			"rotation": {"angle": 0, "axis": "y", "origin": [7.92812, 7.9279, 7.9985]},
			"faces": {
				"north": {"uv": [14, 1, 14.5, 1.5], "texture": "#0"},
				"south": {"uv": [14, 1, 14.5, 1.5], "texture": "#0"},
				"west": {"uv": [14, 1, 14.5, 1.5], "texture": "#0"},
				"up": {"uv": [14, 1, 14.5, 1.5], "texture": "#0"}
			}
		},
		{
			"from": [14.60135, 14.58378, 7.375],
			"to": [15.10135, 15.08378, 8.625],
			"rotation": {"angle": 0, "axis": "y", "origin": [7.92812, 7.9279, 7.9985]},
			"faces": {
				"north": {"uv": [14.5, 1, 15, 1.5], "texture": "#0"},
				"east": {"uv": [14.5, 1, 15, 1.5], "texture": "#0"},
				"south": {"uv": [14.5, 1, 15, 1.5], "texture": "#0"},
				"up": {"uv": [14.5, 1, 15, 1.5], "texture": "#0"}
			}
		},
		{
			"from": [13.60135, 14.08378, 7.375],
			"to": [14.10135, 14.58378, 8.625],
			"rotation": {"angle": 0, "axis": "y", "origin": [7.92812, 7.9279, 7.9985]},
			"faces": {
				"north": {"uv": [13.5, 1.5, 14, 2], "texture": "#0"},
				"south": {"uv": [13.5, 1.5, 14, 2], "texture": "#0"},
				"west": {"uv": [13.5, 1.5, 14, 2], "texture": "#0"},
				"up": {"uv": [13.5, 1.5, 14, 2], "texture": "#0"}
			}
		},
		{
			"from": [13.10135, 13.58378, 7.375],
			"to": [13.60135, 14.08378, 8.625],
			"rotation": {"angle": 0, "axis": "y", "origin": [7.92812, 7.9279, 7.9985]},
			"faces": {
				"north": {"uv": [13, 2, 13.5, 2.5], "texture": "#0"},
				"south": {"uv": [13, 2, 13.5, 2.5], "texture": "#0"},
				"west": {"uv": [13, 2, 13.5, 2.5], "texture": "#0"},
				"up": {"uv": [13, 2, 13.5, 2.5], "texture": "#0"}
			}
		},
		{
			"from": [12.60135, 13.08378, 7.375],
			"to": [13.10135, 13.58378, 8.625],
			"rotation": {"angle": 0, "axis": "y", "origin": [7.92812, 7.9279, 7.9985]},
			"faces": {
				"north": {"uv": [12.5, 2.5, 13, 3], "texture": "#0"},
				"south": {"uv": [12.5, 2.5, 13, 3], "texture": "#0"},
				"west": {"uv": [12.5, 2.5, 13, 3], "texture": "#0"},
				"up": {"uv": [12.5, 2.5, 13, 3], "texture": "#0"}
			}
		},
		{
			"from": [12.10135, 12.58378, 7.375],
			"to": [12.60135, 13.08378, 8.625],
			"rotation": {"angle": 0, "axis": "y", "origin": [7.92812, 7.9279, 7.9985]},
			"faces": {
				"north": {"uv": [12, 3, 12.5, 3.5], "texture": "#0"},
				"south": {"uv": [12, 3, 12.5, 3.5], "texture": "#0"},
				"west": {"uv": [12, 3, 12.5, 3.5], "texture": "#0"},
				"up": {"uv": [12, 3, 12.5, 3.5], "texture": "#0"}
			}
		},
		{
			"from": [11.60135, 12.08378, 7.375],
			"to": [12.10135, 12.58378, 8.625],
			"rotation": {"angle": 0, "axis": "y", "origin": [7.92812, 7.9279, 7.9985]},
			"faces": {
				"north": {"uv": [11.5, 3.5, 12, 4], "texture": "#0"},
				"south": {"uv": [11.5, 3.5, 12, 4], "texture": "#0"},
				"west": {"uv": [11.5, 3.5, 12, 4], "texture": "#0"},
				"up": {"uv": [11.5, 3.5, 12, 4], "texture": "#0"}
			}
		},
		{
			"from": [11.10135, 11.58378, 7.375],
			"to": [11.60135, 12.08378, 8.625],
			"rotation": {"angle": 0, "axis": "y", "origin": [7.92812, 7.9279, 7.9985]},
			"faces": {
				"north": {"uv": [11, 4, 11.5, 4.5], "texture": "#0"},
				"south": {"uv": [11, 4, 11.5, 4.5], "texture": "#0"},
				"west": {"uv": [11, 4, 11.5, 4.5], "texture": "#0"},
				"up": {"uv": [11, 4, 11.5, 4.5], "texture": "#0"}
			}
		},
		{
			"from": [10.60135, 11.08378, 7.375],
			"to": [11.10135, 11.58378, 8.625],
			"rotation": {"angle": 0, "axis": "y", "origin": [7.92812, 7.9279, 7.9985]},
			"faces": {
				"north": {"uv": [10.5, 4.5, 11, 5], "texture": "#0"},
				"south": {"uv": [10.5, 4.5, 11, 5], "texture": "#0"},
				"west": {"uv": [10.5, 4.5, 11, 5], "texture": "#0"},
				"up": {"uv": [10.5, 4.5, 11, 5], "texture": "#0"}
			}
		},
		{
			"from": [10.10135, 10.58378, 7.375],
			"to": [10.60135, 11.08378, 8.625],
			"rotation": {"angle": 0, "axis": "y", "origin": [7.92812, 7.9279, 7.9985]},
			"faces": {
				"north": {"uv": [10, 5, 10.5, 5.5], "texture": "#0"},
				"south": {"uv": [10, 5, 10.5, 5.5], "texture": "#0"},
				"west": {"uv": [10, 5, 10.5, 5.5], "texture": "#0"},
				"up": {"uv": [10, 5, 10.5, 5.5], "texture": "#0"}
			}
		},
		{
			"from": [9.60135, 10.08378, 7.375],
			"to": [10.10135, 10.58378, 8.625],
			"rotation": {"angle": 0, "axis": "y", "origin": [7.92812, 7.9279, 7.9985]},
			"faces": {
				"north": {"uv": [9.5, 5.5, 10, 6], "texture": "#0"},
				"south": {"uv": [9.5, 5.5, 10, 6], "texture": "#0"},
				"west": {"uv": [9.5, 5.5, 10, 6], "texture": "#0"},
				"up": {"uv": [9.5, 5.5, 10, 6], "texture": "#0"}
			}
		},
		{
			"from": [9.10135, 9.58378, 7.375],
			"to": [9.60135, 10.08378, 8.625],
			"rotation": {"angle": 0, "axis": "y", "origin": [7.92812, 7.9279, 7.9985]},
			"faces": {
				"north": {"uv": [9, 6, 9.5, 6.5], "texture": "#0"},
				"south": {"uv": [9, 6, 9.5, 6.5], "texture": "#0"},
				"west": {"uv": [9, 6, 9.5, 6.5], "texture": "#0"},
				"up": {"uv": [9, 6, 9.5, 6.5], "texture": "#0"}
			}
		},
		{
			"from": [8.60135, 9.08378, 7.375],
			"to": [9.10135, 9.58378, 8.625],
			"rotation": {"angle": 0, "axis": "y", "origin": [7.92812, 7.9279, 7.9985]},
			"faces": {
				"north": {"uv": [8.5, 6.5, 9, 7], "texture": "#0"},
				"south": {"uv": [8.5, 6.5, 9, 7], "texture": "#0"},
				"west": {"uv": [8.5, 6.5, 9, 7], "texture": "#0"},
				"up": {"uv": [8.5, 6.5, 9, 7], "texture": "#0"}
			}
		},
		{
			"from": [8.10135, 8.58378, 7.375],
			"to": [8.60135, 9.08378, 8.625],
			"rotation": {"angle": 0, "axis": "y", "origin": [7.92812, 7.9279, 7.9985]},
			"faces": {
				"north": {"uv": [8, 7, 8.5, 7.5], "texture": "#0"},
				"south": {"uv": [8, 7, 8.5, 7.5], "texture": "#0"},
				"west": {"uv": [8, 7, 8.5, 7.5], "texture": "#0"},
				"up": {"uv": [8, 7, 8.5, 7.5], "texture": "#0"}
			}
		},
		{
			"from": [7.60135, 8.08378, 7.375],
			"to": [8.10135, 8.58378, 8.625],
			"rotation": {"angle": 0, "axis": "y", "origin": [7.92812, 7.9279, 7.9985]},
			"faces": {
				"north": {"uv": [7.5, 7.5, 8, 8], "texture": "#0"},
				"south": {"uv": [7.5, 7.5, 8, 8], "texture": "#0"},
				"west": {"uv": [7.5, 7.5, 8, 8], "texture": "#0"},
				"up": {"uv": [7.5, 7.5, 8, 8], "texture": "#0"}
			}
		},
		{
			"from": [7.10135, 7.58378, 7.375],
			"to": [7.60135, 8.08378, 8.625],
			"rotation": {"angle": 0, "axis": "y", "origin": [7.92812, 7.9279, 7.9985]},
			"faces": {
				"north": {"uv": [7, 8, 7.5, 8.5], "texture": "#0"},
				"south": {"uv": [7, 8, 7.5, 8.5], "texture": "#0"},
				"west": {"uv": [7, 8, 7.5, 8.5], "texture": "#0"},
				"up": {"uv": [7, 8, 7.5, 8.5], "texture": "#0"}
			}
		},
		{
			"from": [6.60135, 7.08378, 7.375],
			"to": [7.10135, 7.58378, 8.625],
			"rotation": {"angle": 0, "axis": "y", "origin": [7.92812, 7.9279, 7.9985]},
			"faces": {
				"north": {"uv": [6.5, 8.5, 7, 9], "texture": "#0"},
				"south": {"uv": [6.5, 8.5, 7, 9], "texture": "#0"},
				"west": {"uv": [6.5, 8.5, 7, 9], "texture": "#0"},
				"up": {"uv": [6.5, 8.5, 7, 9], "texture": "#0"}
			}
		},
		{
			"from": [6.10135, 6.58378, 7.375],
			"to": [6.60135, 7.08378, 8.625],
			"rotation": {"angle": 0, "axis": "y", "origin": [7.92812, 7.9279, 7.9985]},
			"faces": {
				"north": {"uv": [6, 9, 6.5, 9.5], "texture": "#0"},
				"south": {"uv": [6, 9, 6.5, 9.5], "texture": "#0"},
				"west": {"uv": [6, 9, 6.5, 9.5], "texture": "#0"},
				"up": {"uv": [6, 9, 6.5, 9.5], "texture": "#0"}
			}
		},
		{
			"from": [5.60135, 6.08378, 7.375],
			"to": [6.10135, 6.58378, 8.625],
			"rotation": {"angle": 0, "axis": "y", "origin": [7.92812, 7.9279, 7.9985]},
			"faces": {
				"north": {"uv": [5.5, 9.5, 6, 10], "texture": "#0"},
				"south": {"uv": [5.5, 9.5, 6, 10], "texture": "#0"},
				"up": {"uv": [5.5, 9.5, 6, 10], "texture": "#0"}
			}
		},
		{
			"from": [13.60135, 13.58378, 7.375],
			"to": [14.60135, 14.08378, 8.625],
			"rotation": {"angle": 0, "axis": "y", "origin": [7.92812, 7.9279, 7.9985]},
			"faces": {
				"north": {"uv": [14.5, 2, 13.5, 2.5], "texture": "#0"},
				"east": {"uv": [14.5, 2, 14, 2.5], "texture": "#0"},
				"south": {"uv": [13.5, 2, 14.5, 2.5], "texture": "#0"},
				"down": {"uv": [14, 2.5, 14.5, 2], "rotation": 90, "texture": "#0"}
			}
		},
		{
			"from": [13.10135, 13.08378, 7.375],
			"to": [14.10135, 13.58378, 8.625],
			"rotation": {"angle": 0, "axis": "y", "origin": [7.92812, 7.9279, 7.9985]},
			"faces": {
				"north": {"uv": [14, 2.5, 13, 3], "texture": "#0"},
				"east": {"uv": [14, 2.5, 13.5, 3], "texture": "#0"},
				"south": {"uv": [13, 2.5, 14, 3], "texture": "#0"},
				"down": {"uv": [13.5, 3, 14, 2.5], "rotation": 90, "texture": "#0"}
			}
		},
		{
			"from": [12.60135, 12.58378, 7.375],
			"to": [13.60135, 13.08378, 8.625],
			"rotation": {"angle": 0, "axis": "y", "origin": [7.92812, 7.9279, 7.9985]},
			"faces": {
				"north": {"uv": [13.5, 3, 12.5, 3.5], "texture": "#0"},
				"east": {"uv": [13.5, 3, 13, 3.5], "texture": "#0"},
				"south": {"uv": [12.5, 3, 13.5, 3.5], "texture": "#0"},
				"down": {"uv": [13, 3.5, 13.5, 3], "rotation": 90, "texture": "#0"}
			}
		},
		{
			"from": [12.10135, 12.08378, 7.375],
			"to": [13.10135, 12.58378, 8.625],
			"rotation": {"angle": 0, "axis": "y", "origin": [7.92812, 7.9279, 7.9985]},
			"faces": {
				"north": {"uv": [13, 3.5, 12, 4], "texture": "#0"},
				"east": {"uv": [13, 3.5, 12.5, 4], "texture": "#0"},
				"south": {"uv": [12, 3.5, 13, 4], "texture": "#0"},
				"down": {"uv": [12.5, 4, 13, 3.5], "rotation": 90, "texture": "#0"}
			}
		},
		{
			"from": [11.60135, 11.58378, 7.375],
			"to": [12.60135, 12.08378, 8.625],
			"rotation": {"angle": 0, "axis": "y", "origin": [7.92812, 7.9279, 7.9985]},
			"faces": {
				"north": {"uv": [12.5, 4, 11.5, 4.5], "texture": "#0"},
				"east": {"uv": [12.5, 4, 12, 4.5], "texture": "#0"},
				"south": {"uv": [11.5, 4, 12.5, 4.5], "texture": "#0"},
				"down": {"uv": [12, 4.5, 12.5, 4], "rotation": 90, "texture": "#0"}
			}
		},
		{
			"from": [11.10135, 11.08378, 7.375],
			"to": [12.10135, 11.58378, 8.625],
			"rotation": {"angle": 0, "axis": "y", "origin": [7.92812, 7.9279, 7.9985]},
			"faces": {
				"north": {"uv": [12, 4.5, 11, 5], "texture": "#0"},
				"east": {"uv": [12, 4.5, 11.5, 5], "texture": "#0"},
				"south": {"uv": [11, 4.5, 12, 5], "texture": "#0"},
				"down": {"uv": [11.5, 5, 12, 4.5], "rotation": 90, "texture": "#0"}
			}
		},
		{
			"from": [10.60135, 10.58378, 7.375],
			"to": [11.60135, 11.08378, 8.625],
			"rotation": {"angle": 0, "axis": "y", "origin": [7.92812, 7.9279, 7.9985]},
			"faces": {
				"north": {"uv": [11.5, 5, 10.5, 5.5], "texture": "#0"},
				"east": {"uv": [11.5, 5, 11, 5.5], "texture": "#0"},
				"south": {"uv": [10.5, 5, 11.5, 5.5], "texture": "#0"},
				"down": {"uv": [11, 5.5, 11.5, 5], "rotation": 90, "texture": "#0"}
			}
		},
		{
			"from": [10.10135, 10.08378, 7.375],
			"to": [11.10135, 10.58378, 8.625],
			"rotation": {"angle": 0, "axis": "y", "origin": [7.92812, 7.9279, 7.9985]},
			"faces": {
				"north": {"uv": [11, 5.5, 10, 6], "texture": "#0"},
				"east": {"uv": [11, 5.5, 10.5, 6], "texture": "#0"},
				"south": {"uv": [10, 5.5, 11, 6], "texture": "#0"},
				"down": {"uv": [10.5, 6, 11, 5.5], "rotation": 90, "texture": "#0"}
			}
		},
		{
			"from": [9.60135, 9.58378, 7.375],
			"to": [10.60135, 10.08378, 8.625],
			"rotation": {"angle": 0, "axis": "y", "origin": [7.92812, 7.9279, 7.9985]},
			"faces": {
				"north": {"uv": [10.5, 6, 9.5, 6.5], "texture": "#0"},
				"east": {"uv": [10.5, 6, 10, 6.5], "texture": "#0"},
				"south": {"uv": [9.5, 6, 10.5, 6.5], "texture": "#0"},
				"down": {"uv": [10, 6.5, 10.5, 6], "rotation": 90, "texture": "#0"}
			}
		},
		{
			"from": [9.10135, 9.08378, 7.375],
			"to": [10.10135, 9.58378, 8.625],
			"rotation": {"angle": 0, "axis": "y", "origin": [7.92812, 7.9279, 7.9985]},
			"faces": {
				"north": {"uv": [10, 6.5, 9, 7], "texture": "#0"},
				"east": {"uv": [10, 6.5, 9.5, 7], "texture": "#0"},
				"south": {"uv": [9, 6.5, 10, 7], "texture": "#0"},
				"down": {"uv": [9.5, 7, 10, 6.5], "rotation": 90, "texture": "#0"}
			}
		},
		{
			"from": [8.60135, 8.58378, 7.375],
			"to": [9.60135, 9.08378, 8.625],
			"rotation": {"angle": 0, "axis": "y", "origin": [7.92812, 7.9279, 7.9985]},
			"faces": {
				"north": {"uv": [9.5, 7, 8.5, 7.5], "texture": "#0"},
				"east": {"uv": [9.5, 7, 9, 7.5], "texture": "#0"},
				"south": {"uv": [8.5, 7, 9.5, 7.5], "texture": "#0"},
				"down": {"uv": [9, 7.5, 9.5, 7], "rotation": 90, "texture": "#0"}
			}
		},
		{
			"from": [8.10135, 8.08378, 7.375],
			"to": [9.10135, 8.58378, 8.625],
			"rotation": {"angle": 0, "axis": "y", "origin": [7.92812, 7.9279, 7.9985]},
			"faces": {
				"north": {"uv": [9, 7.5, 8, 8], "texture": "#0"},
				"east": {"uv": [9, 7.5, 8.5, 8], "texture": "#0"},
				"south": {"uv": [8, 7.5, 9, 8], "texture": "#0"},
				"down": {"uv": [8.5, 8, 9, 7.5], "rotation": 90, "texture": "#0"}
			}
		},
		{
			"from": [7.60135, 7.58378, 7.375],
			"to": [8.60135, 8.08378, 8.625],
			"rotation": {"angle": 0, "axis": "y", "origin": [7.92812, 7.9279, 7.9985]},
			"faces": {
				"north": {"uv": [8.5, 8, 7.5, 8.5], "texture": "#0"},
				"east": {"uv": [8.5, 8, 8, 8.5], "texture": "#0"},
				"south": {"uv": [7.5, 8, 8.5, 8.5], "texture": "#0"},
				"down": {"uv": [8, 8.5, 8.5, 8], "rotation": 90, "texture": "#0"}
			}
		},
		{
			"from": [7.10135, 7.08378, 7.375],
			"to": [8.10135, 7.58378, 8.625],
			"rotation": {"angle": 0, "axis": "y", "origin": [7.92812, 7.9279, 7.9985]},
			"faces": {
				"north": {"uv": [8, 8.5, 7, 9], "texture": "#0"},
				"east": {"uv": [8, 8.5, 7.5, 9], "texture": "#0"},
				"south": {"uv": [7, 8.5, 8, 9], "texture": "#0"},
				"down": {"uv": [7.5, 9, 8, 8.5], "rotation": 90, "texture": "#0"}
			}
		},
		{
			"from": [6.60135, 6.58378, 7.375],
			"to": [7.60135, 7.08378, 8.625],
			"rotation": {"angle": 0, "axis": "y", "origin": [7.92812, 7.9279, 7.9985]},
			"faces": {
				"north": {"uv": [7.5, 9, 6.5, 9.5], "texture": "#0"},
				"east": {"uv": [7.5, 9, 7, 9.5], "texture": "#0"},
				"south": {"uv": [6.5, 9, 7.5, 9.5], "texture": "#0"},
				"down": {"uv": [7, 9.5, 7.5, 9], "rotation": 90, "texture": "#0"}
			}
		},
		{
			"from": [6.10135, 6.08378, 7.375],
			"to": [7.10135, 6.58378, 8.625],
			"rotation": {"angle": 0, "axis": "y", "origin": [7.92812, 7.9279, 7.9985]},
			"faces": {
				"north": {"uv": [7, 9.5, 6, 10], "texture": "#0"},
				"east": {"uv": [7, 9.5, 6.5, 10], "texture": "#0"},
				"south": {"uv": [6, 9.5, 7, 10], "texture": "#0"},
				"down": {"uv": [6.5, 10, 7, 9.5], "rotation": 90, "texture": "#0"}
			}
		},
		{
			"from": [6.10135, 5.58378, 7.375],
			"to": [6.60135, 6.08378, 8.625],
			"rotation": {"angle": 0, "axis": "y", "origin": [7.92812, 7.9279, 7.9985]},
			"faces": {
				"north": {"uv": [6, 10, 6.5, 10.5], "texture": "#0"},
				"east": {"uv": [6, 10, 6.5, 10.5], "texture": "#0"},
				"south": {"uv": [6, 10, 6.5, 10.5], "texture": "#0"}
			}
		},
		{
			"from": [4.10135, 6.08378, 7.625],
			"to": [5.10135, 8.08378, 8.375],
			"rotation": {"angle": 0, "axis": "y", "origin": [7.92812, 7.9279, 7.9985]},
			"faces": {
				"north": {"uv": [5, 8, 4, 10], "texture": "#0"},
				"south": {"uv": [4, 8, 5, 10], "texture": "#0"},
				"west": {"uv": [4, 8, 4.5, 10], "texture": "#0"}
			}
		},
		{
			"from": [6.10135, 4.08378, 7.625],
			"to": [8.10135, 5.08378, 8.375],
			"rotation": {"angle": 0, "axis": "y", "origin": [7.92812, 7.9279, 7.9985]},
			"faces": {
				"north": {"uv": [8, 11, 6, 12], "texture": "#0"},
				"south": {"uv": [6, 11, 8, 12], "texture": "#0"},
				"down": {"uv": [6, 12, 6.5, 11.5], "rotation": 90, "texture": "#0"}
			}
		},
		{
			"from": [3.10135, 8.08378, 7.75],
			"to": [4.10135, 9.08378, 8.25],
			"rotation": {"angle": 0, "axis": "y", "origin": [7.92812, 7.9279, 7.9985]},
			"faces": {
				"north": {"uv": [4, 7, 3, 8], "texture": "#0"},
				"south": {"uv": [3, 7, 4, 8], "texture": "#0"}
			}
		},
		{
			"from": [8.10135, 3.08378, 7.75],
			"to": [9.10135, 4.08378, 8.25],
			"rotation": {"angle": 0, "axis": "y", "origin": [7.92812, 7.9279, 7.9985]},
			"faces": {
				"north": {"uv": [9, 12, 8, 13], "texture": "#0"},
				"south": {"uv": [8, 12, 9, 13], "texture": "#0"}
			}
		},
		{
			"from": [3.60135, 7.08378, 7.75],
			"to": [4.10135, 8.08378, 8.25],
			"rotation": {"angle": 0, "axis": "y", "origin": [7.92812, 7.9279, 7.9985]},
			"faces": {
				"north": {"uv": [4, 8, 3.5, 9], "texture": "#0"},
				"south": {"uv": [3.5, 8, 4, 9], "texture": "#0"}
			}
		},
		{
			"from": [4.60135, 5.58378, 7.5],
			"to": [5.60135, 6.08378, 8.5],
			"rotation": {"angle": 0, "axis": "y", "origin": [7.92812, 7.9279, 7.9985]},
			"faces": {
				"north": {"uv": [5.5, 10, 4.5, 10.5], "texture": "#0"},
				"south": {"uv": [4.5, 10, 5.5, 10.5], "texture": "#0"},
				"up": {"uv": [4.5, 10, 5, 10.5], "rotation": 270, "texture": "#0"}
			}
		},
		{
			"from": [5.10135, 5.08378, 7.5],
			"to": [6.10135, 5.58378, 8.5],
			"rotation": {"angle": 0, "axis": "y", "origin": [7.92812, 7.9279, 7.9985]},
			"faces": {
				"north": {"uv": [6, 10.5, 5, 11], "texture": "#0"},
				"south": {"uv": [5, 10.5, 6, 11], "texture": "#0"}
			}
		},
		{
			"from": [7.10135, 3.58378, 7.75],
			"to": [8.10135, 4.08378, 8.25],
			"rotation": {"angle": 0, "axis": "y", "origin": [7.92812, 7.9279, 7.9985]},
			"faces": {
				"north": {"uv": [8, 12, 7, 12.5], "texture": "#0"},
				"south": {"uv": [7, 12, 8, 12.5], "texture": "#0"}
			}
		},
		{
			"from": [3.10135, 9.08378, 7.75],
			"to": [3.60135, 9.58378, 8.25],
			"rotation": {"angle": 0, "axis": "y", "origin": [7.92812, 7.9279, 7.9985]},
			"faces": {
				"north": {"uv": [3.5, 6.5, 3, 7], "texture": "#0"},
				"south": {"uv": [3, 6.5, 3.5, 7], "texture": "#0"}
			}
		},
		{
			"from": [4.10135, 8.08378, 7.625],
			"to": [4.60135, 8.58378, 8.375],
			"rotation": {"angle": 0, "axis": "y", "origin": [7.92812, 7.9279, 7.9985]},
			"faces": {
				"north": {"uv": [4.5, 7.5, 4, 8], "texture": "#0"},
				"south": {"uv": [4, 7.5, 4.5, 8], "texture": "#0"},
				"west": {"uv": [4, 7.5, 4.5, 8], "texture": "#0"}
			}
		},
		{
			"from": [5.60135, 4.58378, 7.5],
			"to": [6.10135, 5.08378, 8.5],
			"rotation": {"angle": 0, "axis": "y", "origin": [7.92812, 7.9279, 7.9985]},
			"faces": {
				"north": {"uv": [6, 11, 5.5, 11.5], "texture": "#0"},
				"east": {"uv": [6, 11, 5.5, 11.5], "texture": "#0"},
				"south": {"uv": [5.5, 11, 6, 11.5], "texture": "#0"}
			}
		},
		{
			"from": [9.10135, 3.08378, 7.75],
			"to": [9.60135, 3.58378, 8.25],
			"rotation": {"angle": 0, "axis": "y", "origin": [7.92812, 7.9279, 7.9985]},
			"faces": {
				"north": {"uv": [9.5, 12.5, 9, 13], "texture": "#0"},
				"south": {"uv": [9, 12.5, 9.5, 13], "texture": "#0"}
			}
		},
		{
			"from": [8.10135, 4.08378, 7.625],
			"to": [8.60135, 4.58378, 8.375],
			"rotation": {"angle": 0, "axis": "y", "origin": [7.92812, 7.9279, 7.9985]},
			"faces": {
				"north": {"uv": [8.5, 11.5, 8, 12], "texture": "#0"},
				"south": {"uv": [8, 11.5, 8.5, 12], "texture": "#0"},
				"down": {"uv": [8, 12, 8.5, 11.5], "rotation": 90, "texture": "#0"}
			}
		},
		{
			"from": [5.10135, 6.08378, 7.375],
			"to": [5.60135, 8.08378, 8.625],
			"rotation": {"angle": 0, "axis": "y", "origin": [7.92812, 7.9279, 7.9985]},
			"faces": {
				"north": {"uv": [5, 8, 5.5, 10], "texture": "#0"},
				"east": {"uv": [5, 8, 5.5, 10], "texture": "#0"},
				"south": {"uv": [5, 8, 5.5, 10], "texture": "#0"},
				"west": {"uv": [5, 8, 5.5, 10], "texture": "#0"},
				"up": {"uv": [5, 8, 5.5, 10], "texture": "#0"},
				"down": {"uv": [5, 8, 5.5, 10], "texture": "#0"}
			}
		},
		{
			"from": [6.10135, 5.08378, 7.375],
			"to": [8.10135, 5.58378, 8.625],
			"rotation": {"angle": 0, "axis": "y", "origin": [7.92812, 7.9279, 7.9985]},
			"faces": {
				"north": {"uv": [6, 10.5, 8, 11], "texture": "#0"},
				"east": {"uv": [6, 10.5, 8, 11], "texture": "#0"},
				"south": {"uv": [6, 10.5, 8, 11], "texture": "#0"},
				"west": {"uv": [6, 10.5, 8, 11], "texture": "#0"},
				"up": {"uv": [6, 10.5, 8, 11], "texture": "#0"},
				"down": {"uv": [6, 10.5, 8, 11], "texture": "#0"}
			}
		},
		{
			"from": [5.60135, 5.58378, 7.375],
			"to": [6.10135, 6.08378, 8.625],
			"rotation": {"angle": 0, "axis": "y", "origin": [7.92812, 7.9279, 7.9985]},
			"faces": {
				"north": {"uv": [6, 10, 5.5, 10.5], "texture": "#0"},
				"south": {"uv": [5.5, 10, 6, 10.5], "texture": "#0"},
				"west": {"uv": [5.5, 10, 6, 10.5], "texture": "#0"},
				"down": {"uv": [5.5, 10.5, 6, 10], "rotation": 90, "texture": "#0"}
			}
		},
		{
			"from": [8.10135, 2.58378, 7.625],
			"to": [10.10135, 3.08378, 8.375],
			"rotation": {"angle": 0, "axis": "y", "origin": [7.92812, 7.9279, 7.9985]},
			"faces": {
				"north": {"uv": [10, 13, 8, 13.5], "texture": "#0"},
				"east": {"uv": [10, 13, 9.5, 13.5], "texture": "#0"},
				"south": {"uv": [8, 13, 10, 13.5], "texture": "#0"},
				"west": {"uv": [8, 13, 8.5, 13.5], "texture": "#0"},
				"up": {"uv": [8, 13, 8.5, 13.5], "rotation": 270, "texture": "#0"},
				"down": {"uv": [8, 13.5, 8.5, 13], "rotation": 90, "texture": "#0"}
			}
		},
		{
			"from": [2.60135, 8.08378, 7.625],
			"to": [3.10135, 10.08378, 8.375],
			"rotation": {"angle": 0, "axis": "y", "origin": [7.92812, 7.9279, 7.9985]},
			"faces": {
				"north": {"uv": [3, 6, 2.5, 8], "texture": "#0"},
				"east": {"uv": [3, 6, 2.5, 8], "texture": "#0"},
				"south": {"uv": [2.5, 6, 3, 8], "texture": "#0"},
				"west": {"uv": [2.5, 6, 3, 8], "texture": "#0"},
				"up": {"uv": [2.5, 6, 3, 6.5], "rotation": 270, "texture": "#0"},
				"down": {"uv": [2.5, 8, 3, 7.5], "rotation": 90, "texture": "#0"}
			}
		},
		{
			"from": [3.10135, 7.08378, 7.5],
			"to": [3.60135, 8.08378, 8.5],
			"rotation": {"angle": 0, "axis": "y", "origin": [7.92812, 7.9279, 7.9985]},
			"faces": {
				"north": {"uv": [3.5, 8, 3, 9], "texture": "#0"},
				"east": {"uv": [3.5, 8, 3, 9], "texture": "#0"},
				"south": {"uv": [3, 8, 3.5, 9], "texture": "#0"},
				"west": {"uv": [3, 8, 3.5, 9], "texture": "#0"},
				"up": {"uv": [3, 8, 3.5, 8.5], "rotation": 270, "texture": "#0"},
				"down": {"uv": [3, 9, 3.5, 8.5], "rotation": 90, "texture": "#0"}
			}
		},
		{
			"from": [3.60135, 6.08378, 7.375],
			"to": [4.10135, 7.08378, 8.625],
			"rotation": {"angle": 0, "axis": "y", "origin": [7.92812, 7.9279, 7.9985]},
			"faces": {
				"north": {"uv": [4, 9, 3.5, 10], "texture": "#0"},
				"east": {"uv": [4, 9, 3.5, 10], "texture": "#0"},
				"south": {"uv": [3.5, 9, 4, 10], "texture": "#0"},
				"west": {"uv": [3.5, 9, 4, 10], "texture": "#0"},
				"up": {"uv": [3.5, 9, 4, 9.5], "rotation": 270, "texture": "#0"},
				"down": {"uv": [3.5, 10, 4, 9.5], "rotation": 90, "texture": "#0"}
			}
		},
		{
			"from": [6.10135, 3.58378, 7.375],
			"to": [7.10135, 4.08378, 8.625],
			"rotation": {"angle": 0, "axis": "y", "origin": [7.92812, 7.9279, 7.9985]},
			"faces": {
				"north": {"uv": [6, 12, 7, 12.5], "texture": "#0"},
				"east": {"uv": [6, 12, 7, 12.5], "texture": "#0"},
				"south": {"uv": [6, 12, 7, 12.5], "texture": "#0"},
				"west": {"uv": [6, 12, 7, 12.5], "texture": "#0"},
				"up": {"uv": [6, 12, 7, 12.5], "texture": "#0"},
				"down": {"uv": [6, 12, 7, 12.5], "texture": "#0"}
			}
		},
		{
			"from": [7.10135, 3.08378, 7.5],
			"to": [8.10135, 3.58378, 8.5],
			"rotation": {"angle": 0, "axis": "y", "origin": [7.92812, 7.9279, 7.9985]},
			"faces": {
				"north": {"uv": [7, 12.5, 8, 13], "texture": "#0"},
				"east": {"uv": [7, 12.5, 8, 13], "texture": "#0"},
				"south": {"uv": [7, 12.5, 8, 13], "texture": "#0"},
				"west": {"uv": [7, 12.5, 8, 13], "texture": "#0"},
				"up": {"uv": [7, 12.5, 8, 13], "texture": "#0"},
				"down": {"uv": [7, 12.5, 8, 13], "texture": "#0"}
			}
		},
		{
			"from": [9.60135, 3.08378, 7.625],
			"to": [10.10135, 3.58378, 8.375],
			"rotation": {"angle": 0, "axis": "y", "origin": [7.92812, 7.9279, 7.9985]},
			"faces": {
				"north": {"uv": [9.5, 12.5, 10, 13], "texture": "#0"},
				"east": {"uv": [9.5, 12.5, 10, 13], "texture": "#0"},
				"south": {"uv": [9.5, 12.5, 10, 13], "texture": "#0"},
				"west": {"uv": [9.5, 12.5, 10, 13], "texture": "#0"},
				"up": {"uv": [9.5, 12.5, 10, 13], "texture": "#0"}
			}
		},
		{
			"from": [9.10135, 3.58378, 7.625],
			"to": [9.60135, 4.08378, 8.375],
			"rotation": {"angle": 0, "axis": "y", "origin": [7.92812, 7.9279, 7.9985]},
			"faces": {
				"north": {"uv": [9, 12, 9.5, 12.5], "texture": "#0"},
				"east": {"uv": [9, 12, 9.5, 12.5], "texture": "#0"},
				"south": {"uv": [9, 12, 9.5, 12.5], "texture": "#0"},
				"west": {"uv": [9, 12, 9.5, 12.5], "texture": "#0"},
				"up": {"uv": [9, 12, 9.5, 12.5], "texture": "#0"},
				"down": {"uv": [9, 12, 9.5, 12.5], "texture": "#0"}
			}
		},
		{
			"from": [8.60135, 4.08378, 7.5],
			"to": [9.10135, 4.58378, 8.5],
			"rotation": {"angle": 0, "axis": "y", "origin": [7.92812, 7.9279, 7.9985]},
			"faces": {
				"north": {"uv": [8.5, 11.5, 9, 12], "texture": "#0"},
				"east": {"uv": [8.5, 11.5, 9, 12], "texture": "#0"},
				"south": {"uv": [8.5, 11.5, 9, 12], "texture": "#0"},
				"west": {"uv": [8.5, 11.5, 9, 12], "texture": "#0"},
				"up": {"uv": [8.5, 11.5, 9, 12], "texture": "#0"},
				"down": {"uv": [8.5, 11.5, 9, 12], "texture": "#0"}
			}
		},
		{
			"from": [8.10135, 4.58378, 7.5],
			"to": [8.60135, 5.08378, 8.5],
			"rotation": {"angle": 0, "axis": "y", "origin": [7.92812, 7.9279, 7.9985]},
			"faces": {
				"north": {"uv": [8, 11, 8.5, 11.5], "texture": "#0"},
				"east": {"uv": [8, 11, 8.5, 11.5], "texture": "#0"},
				"south": {"uv": [8, 11, 8.5, 11.5], "texture": "#0"},
				"west": {"uv": [8, 11, 8.5, 11.5], "texture": "#0"},
				"up": {"uv": [8, 11, 8.5, 11.5], "texture": "#0"},
				"down": {"uv": [8, 11, 8.5, 11.5], "texture": "#0"}
			}
		},
		{
			"from": [5.60135, 4.08378, 7.25],
			"to": [6.10135, 4.58378, 8.75],
			"rotation": {"angle": 0, "axis": "y", "origin": [7.92812, 7.9279, 7.9985]},
			"faces": {
				"north": {"uv": [5.5, 11.5, 6, 12], "texture": "#0"},
				"east": {"uv": [5.5, 11.5, 6, 12], "texture": "#0"},
				"south": {"uv": [5.5, 11.5, 6, 12], "texture": "#0"},
				"west": {"uv": [5.5, 11.5, 6, 12], "texture": "#0"},
				"up": {"uv": [5.5, 11.5, 6, 12], "texture": "#0"},
				"down": {"uv": [5.5, 11.5, 6, 12], "texture": "#0"}
			}
		},
		{
			"from": [5.10135, 4.58378, 7.25],
			"to": [5.60135, 5.08378, 8.75],
			"rotation": {"angle": 0, "axis": "y", "origin": [7.92812, 7.9279, 7.9985]},
			"faces": {
				"north": {"uv": [5, 11, 5.5, 11.5], "texture": "#0"},
				"east": {"uv": [5, 11, 5.5, 11.5], "texture": "#0"},
				"south": {"uv": [5, 11, 5.5, 11.5], "texture": "#0"},
				"up": {"uv": [5, 11, 5.5, 11.5], "texture": "#0"},
				"down": {"uv": [5, 11, 5.5, 11.5], "texture": "#0"}
			}
		},
		{
			"from": [4.60135, 5.08378, 7.25],
			"to": [5.10135, 5.58378, 8.75],
			"rotation": {"angle": 0, "axis": "y", "origin": [7.92812, 7.9279, 7.9985]},
			"faces": {
				"north": {"uv": [4.5, 10.5, 5, 11], "texture": "#0"},
				"east": {"uv": [4.5, 10.5, 5, 11], "texture": "#0"},
				"south": {"uv": [4.5, 10.5, 5, 11], "texture": "#0"},
				"west": {"uv": [4.5, 10.5, 5, 11], "texture": "#0"},
				"up": {"uv": [4.5, 10.5, 5, 11], "texture": "#0"}
			}
		},
		{
			"from": [4.10135, 5.58378, 7.25],
			"to": [4.60135, 6.08378, 8.75],
			"rotation": {"angle": 0, "axis": "y", "origin": [7.92812, 7.9279, 7.9985]},
			"faces": {
				"north": {"uv": [4, 10, 4.5, 10.5], "texture": "#0"},
				"east": {"uv": [4, 10, 4.5, 10.5], "texture": "#0"},
				"south": {"uv": [4, 10, 4.5, 10.5], "texture": "#0"},
				"west": {"uv": [4, 10, 4.5, 10.5], "texture": "#0"},
				"up": {"uv": [4, 10, 4.5, 10.5], "texture": "#0"},
				"down": {"uv": [4, 10, 4.5, 10.5], "texture": "#0"}
			}
		},
		{
			"from": [4.60135, 8.08378, 7.5],
			"to": [5.10135, 8.58378, 8.5],
			"rotation": {"angle": 0, "axis": "y", "origin": [7.92812, 7.9279, 7.9985]},
			"faces": {
				"north": {"uv": [4.5, 7.5, 5, 8], "texture": "#0"},
				"east": {"uv": [4.5, 7.5, 5, 8], "texture": "#0"},
				"south": {"uv": [4.5, 7.5, 5, 8], "texture": "#0"},
				"west": {"uv": [4.5, 7.5, 5, 8], "texture": "#0"},
				"up": {"uv": [4.5, 7.5, 5, 8], "texture": "#0"},
				"down": {"uv": [4.5, 7.5, 5, 8], "texture": "#0"}
			}
		},
		{
			"from": [4.10135, 8.58378, 7.5],
			"to": [4.60135, 9.08378, 8.5],
			"rotation": {"angle": 0, "axis": "y", "origin": [7.92812, 7.9279, 7.9985]},
			"faces": {
				"north": {"uv": [4, 7, 4.5, 7.5], "texture": "#0"},
				"east": {"uv": [4, 7, 4.5, 7.5], "texture": "#0"},
				"south": {"uv": [4, 7, 4.5, 7.5], "texture": "#0"},
				"west": {"uv": [4, 7, 4.5, 7.5], "texture": "#0"},
				"up": {"uv": [4, 7, 4.5, 7.5], "texture": "#0"},
				"down": {"uv": [4, 7, 4.5, 7.5], "texture": "#0"}
			}
		},
		{
			"from": [3.60135, 9.08378, 7.625],
			"to": [4.10135, 9.58378, 8.375],
			"rotation": {"angle": 0, "axis": "y", "origin": [7.92812, 7.9279, 7.9985]},
			"faces": {
				"north": {"uv": [3.5, 6.5, 4, 7], "texture": "#0"},
				"east": {"uv": [3.5, 6.5, 4, 7], "texture": "#0"},
				"south": {"uv": [3.5, 6.5, 4, 7], "texture": "#0"},
				"west": {"uv": [3.5, 6.5, 4, 7], "texture": "#0"},
				"up": {"uv": [3.5, 6.5, 4, 7], "texture": "#0"},
				"down": {"uv": [3.5, 6.5, 4, 7], "texture": "#0"}
			}
		},
		{
			"from": [3.10135, 9.58378, 7.625],
			"to": [3.60135, 10.08378, 8.375],
			"rotation": {"angle": 0, "axis": "y", "origin": [7.92812, 7.9279, 7.9985]},
			"faces": {
				"north": {"uv": [3, 6, 3.5, 6.5], "texture": "#0"},
				"east": {"uv": [3, 6, 3.5, 6.5], "texture": "#0"},
				"south": {"uv": [3, 6, 3.5, 6.5], "texture": "#0"},
				"up": {"uv": [3, 6, 3.5, 6.5], "texture": "#0"},
				"down": {"uv": [3, 6, 3.5, 6.5], "texture": "#0"}
			}
		},
		{
			"from": [4.10135, 5.08378, 7.625],
			"to": [4.60135, 5.58378, 8.375],
			"rotation": {"angle": 0, "axis": "y", "origin": [7.92812, 7.9279, 7.9985]},
			"faces": {
				"north": {"uv": [4, 10.5, 4.5, 11], "texture": "#0"},
				"south": {"uv": [4, 10.5, 4.5, 11], "texture": "#0"},
				"west": {"uv": [4, 10.5, 4.5, 11], "texture": "#0"}
			}
		},
		{
			"from": [3.60135, 4.58378, 7.625],
			"to": [4.10135, 5.08378, 8.375],
			"rotation": {"angle": 0, "axis": "y", "origin": [7.92812, 7.9279, 7.9985]},
			"faces": {
				"north": {"uv": [3.5, 11, 4, 11.5], "texture": "#0"},
				"south": {"uv": [3.5, 11, 4, 11.5], "texture": "#0"},
				"west": {"uv": [3.5, 11, 4, 11.5], "texture": "#0"},
				"up": {"uv": [3.5, 11, 4, 11.5], "texture": "#0"}
			}
		},
		{
			"from": [3.10135, 4.08378, 7.625],
			"to": [3.60135, 4.58378, 8.375],
			"rotation": {"angle": 0, "axis": "y", "origin": [7.92812, 7.9279, 7.9985]},
			"faces": {
				"north": {"uv": [3, 11.5, 3.5, 12], "texture": "#0"},
				"south": {"uv": [3, 11.5, 3.5, 12], "texture": "#0"},
				"west": {"uv": [3, 11.5, 3.5, 12], "texture": "#0"},
				"up": {"uv": [3, 11.5, 3.5, 12], "texture": "#0"}
			}
		},
		{
			"from": [2.60135, 3.58378, 7.625],
			"to": [3.10135, 4.08378, 8.375],
			"rotation": {"angle": 0, "axis": "y", "origin": [7.92812, 7.9279, 7.9985]},
			"faces": {
				"north": {"uv": [2.5, 12, 3, 12.5], "texture": "#0"},
				"south": {"uv": [2.5, 12, 3, 12.5], "texture": "#0"},
				"west": {"uv": [2.5, 12, 3, 12.5], "texture": "#0"},
				"up": {"uv": [2.5, 12, 3, 12.5], "texture": "#0"}
			}
		},
		{
			"from": [2.10135, 3.08378, 7.625],
			"to": [2.60135, 3.58378, 8.375],
			"rotation": {"angle": 0, "axis": "y", "origin": [7.92812, 7.9279, 7.9985]},
			"faces": {
				"north": {"uv": [2, 12.5, 2.5, 13], "texture": "#0"},
				"south": {"uv": [2, 12.5, 2.5, 13], "texture": "#0"},
				"west": {"uv": [2, 12.5, 2.5, 13], "texture": "#0"},
				"up": {"uv": [2, 12.5, 2.5, 13], "texture": "#0"}
			}
		},
		{
			"from": [3.10135, 2.08378, 7.625],
			"to": [3.60135, 2.58378, 8.375],
			"rotation": {"angle": 0, "axis": "y", "origin": [7.92812, 7.9279, 7.9985]},
			"faces": {
				"north": {"uv": [3, 13.5, 3.5, 14], "texture": "#0"},
				"east": {"uv": [3, 13.5, 3.5, 14], "texture": "#0"},
				"south": {"uv": [3, 13.5, 3.5, 14], "texture": "#0"},
				"down": {"uv": [3, 13.5, 3.5, 14], "texture": "#0"}
			}
		},
		{
			"from": [3.60135, 2.58378, 7.625],
			"to": [4.10135, 3.08378, 8.375],
			"rotation": {"angle": 0, "axis": "y", "origin": [7.92812, 7.9279, 7.9985]},
			"faces": {
				"north": {"uv": [3.5, 13, 4, 13.5], "texture": "#0"},
				"east": {"uv": [3.5, 13, 4, 13.5], "texture": "#0"},
				"south": {"uv": [3.5, 13, 4, 13.5], "texture": "#0"},
				"down": {"uv": [3.5, 13, 4, 13.5], "texture": "#0"}
			}
		},
		{
			"from": [4.10135, 3.08378, 7.625],
			"to": [4.60135, 3.58378, 8.375],
			"rotation": {"angle": 0, "axis": "y", "origin": [7.92812, 7.9279, 7.9985]},
			"faces": {
				"north": {"uv": [4, 12.5, 4.5, 13], "texture": "#0"},
				"east": {"uv": [4, 12.5, 4.5, 13], "texture": "#0"},
				"south": {"uv": [4, 12.5, 4.5, 13], "texture": "#0"},
				"down": {"uv": [4, 12.5, 4.5, 13], "texture": "#0"}
			}
		},
		{
			"from": [4.60135, 3.58378, 7.625],
			"to": [5.10135, 4.08378, 8.375],
			"rotation": {"angle": 0, "axis": "y", "origin": [7.92812, 7.9279, 7.9985]},
			"faces": {
				"north": {"uv": [4.5, 12, 5, 12.5], "texture": "#0"},
				"east": {"uv": [4.5, 12, 5, 12.5], "texture": "#0"},
				"south": {"uv": [4.5, 12, 5, 12.5], "texture": "#0"},
				"down": {"uv": [4.5, 12, 5, 12.5], "texture": "#0"}
			}
		},
		{
			"from": [5.10135, 4.08378, 7.625],
			"to": [5.60135, 4.58378, 8.375],
			"rotation": {"angle": 0, "axis": "y", "origin": [7.92812, 7.9279, 7.9985]},
			"faces": {
				"north": {"uv": [5, 11.5, 5.5, 12], "texture": "#0"},
				"south": {"uv": [5, 11.5, 5.5, 12], "texture": "#0"},
				"down": {"uv": [5, 11.5, 5.5, 12], "texture": "#0"}
			}
		},
		{
			"from": [4.10135, 4.58378, 7.375],
			"to": [4.60135, 5.08378, 8.625],
			"rotation": {"angle": 0, "axis": "y", "origin": [7.92812, 7.9279, 7.9985]},
			"faces": {
				"north": {"uv": [4.5, 11, 4, 11.5], "texture": "#0"},
				"south": {"uv": [4, 11, 4.5, 11.5], "texture": "#0"},
				"west": {"uv": [4, 11, 4.5, 11.5], "texture": "#0"},
				"up": {"uv": [4, 11, 4.5, 11.5], "rotation": 270, "texture": "#0"}
			}
		},
		{
			"from": [3.60135, 4.08378, 7.375],
			"to": [4.10135, 4.58378, 8.625],
			"rotation": {"angle": 0, "axis": "y", "origin": [7.92812, 7.9279, 7.9985]},
			"faces": {
				"north": {"uv": [4, 11.5, 3.5, 12], "texture": "#0"},
				"south": {"uv": [3.5, 11.5, 4, 12], "texture": "#0"},
				"west": {"uv": [3.5, 11.5, 4, 12], "texture": "#0"},
				"up": {"uv": [3.5, 11.5, 4, 12], "rotation": 270, "texture": "#0"}
			}
		},
		{
			"from": [3.10135, 3.58378, 7.375],
			"to": [3.60135, 4.08378, 8.625],
			"rotation": {"angle": 0, "axis": "y", "origin": [7.92812, 7.9279, 7.9985]},
			"faces": {
				"north": {"uv": [3.5, 12, 3, 12.5], "texture": "#0"},
				"south": {"uv": [3, 12, 3.5, 12.5], "texture": "#0"},
				"west": {"uv": [3, 12, 3.5, 12.5], "texture": "#0"},
				"up": {"uv": [3, 12, 3.5, 12.5], "rotation": 270, "texture": "#0"}
			}
		},
		{
			"from": [4.60135, 4.08378, 7.375],
			"to": [5.10135, 4.58378, 8.625],
			"rotation": {"angle": 0, "axis": "y", "origin": [7.92812, 7.9279, 7.9985]},
			"faces": {
				"north": {"uv": [5, 11.5, 4.5, 12], "texture": "#0"},
				"east": {"uv": [5, 11.5, 4.5, 12], "texture": "#0"},
				"south": {"uv": [4.5, 11.5, 5, 12], "texture": "#0"},
				"down": {"uv": [4.5, 12, 5, 11.5], "rotation": 90, "texture": "#0"}
			}
		},
		{
			"from": [4.10135, 3.58378, 7.375],
			"to": [4.60135, 4.08378, 8.625],
			"rotation": {"angle": 0, "axis": "y", "origin": [7.92812, 7.9279, 7.9985]},
			"faces": {
				"north": {"uv": [4.5, 12, 4, 12.5], "texture": "#0"},
				"east": {"uv": [4.5, 12, 4, 12.5], "texture": "#0"},
				"south": {"uv": [4, 12, 4.5, 12.5], "texture": "#0"},
				"down": {"uv": [4, 12.5, 4.5, 12], "rotation": 90, "texture": "#0"}
			}
		},
		{
			"from": [3.60135, 3.08378, 7.375],
			"to": [4.10135, 3.58378, 8.625],
			"rotation": {"angle": 0, "axis": "y", "origin": [7.92812, 7.9279, 7.9985]},
			"faces": {
				"north": {"uv": [4, 12.5, 3.5, 13], "texture": "#0"},
				"east": {"uv": [4, 12.5, 3.5, 13], "texture": "#0"},
				"south": {"uv": [3.5, 12.5, 4, 13], "texture": "#0"},
				"down": {"uv": [3.5, 13, 4, 12.5], "rotation": 90, "texture": "#0"}
			}
		},
		{
			"from": [3.10135, 2.58378, 7.375],
			"to": [3.60135, 3.08378, 8.625],
			"rotation": {"angle": 0, "axis": "y", "origin": [7.92812, 7.9279, 7.9985]},
			"faces": {
				"north": {"uv": [3.5, 13, 3, 13.5], "texture": "#0"},
				"east": {"uv": [3.5, 13, 3, 13.5], "texture": "#0"},
				"south": {"uv": [3, 13, 3.5, 13.5], "texture": "#0"},
				"down": {"uv": [3, 13.5, 3.5, 13], "rotation": 90, "texture": "#0"}
			}
		},
		{
			"from": [2.60135, 2.08378, 7.375],
			"to": [3.10135, 2.58378, 8.625],
			"rotation": {"angle": 0, "axis": "y", "origin": [7.92812, 7.9279, 7.9985]},
			"faces": {
				"north": {"uv": [3, 13.5, 2.5, 14], "texture": "#0"},
				"east": {"uv": [3, 13.5, 2.5, 14], "texture": "#0"},
				"south": {"uv": [2.5, 13.5, 3, 14], "texture": "#0"},
				"down": {"uv": [2.5, 14, 3, 13.5], "rotation": 90, "texture": "#0"}
			}
		},
		{
			"from": [2.60135, 3.08378, 7.375],
			"to": [3.10135, 3.58378, 8.625],
			"rotation": {"angle": 0, "axis": "y", "origin": [7.92812, 7.9279, 7.9985]},
			"faces": {
				"north": {"uv": [3, 12.5, 2.5, 13], "texture": "#0"},
				"south": {"uv": [2.5, 12.5, 3, 13], "texture": "#0"},
				"west": {"uv": [2.5, 12.5, 3, 13], "texture": "#0"},
				"up": {"uv": [2.5, 12.5, 3, 13], "rotation": 270, "texture": "#0"}
			}
		},
		{
			"from": [2.10135, 2.58378, 7.375],
			"to": [2.60135, 3.08378, 8.625],
			"rotation": {"angle": 0, "axis": "y", "origin": [7.92812, 7.9279, 7.9985]},
			"faces": {
				"north": {"uv": [2.5, 13, 2, 13.5], "texture": "#0"},
				"south": {"uv": [2, 13, 2.5, 13.5], "texture": "#0"},
				"west": {"uv": [2, 13, 2.5, 13.5], "texture": "#0"},
				"up": {"uv": [2, 13, 2.5, 13.5], "rotation": 270, "texture": "#0"}
			}
		},
		{
			"from": [4.60135, 4.58378, 7.25],
			"to": [5.10135, 5.08378, 8.75],
			"rotation": {"angle": 0, "axis": "y", "origin": [7.92812, 7.9279, 7.9985]},
			"faces": {
				"north": {"uv": [5, 11, 4.5, 11.5], "texture": "#0"},
				"south": {"uv": [4.5, 11, 5, 11.5], "texture": "#0"},
				"west": {"uv": [4.5, 11, 5, 11.5], "texture": "#0"},
				"down": {"uv": [4.5, 11.5, 5, 11], "rotation": 90, "texture": "#0"}
			}
		},
		{
			"from": [4.10135, 4.08378, 7.25],
			"to": [4.60135, 4.58378, 8.75],
			"rotation": {"angle": 0, "axis": "y", "origin": [7.92812, 7.9279, 7.9985]},
			"faces": {
				"north": {"uv": [4.5, 11.5, 4, 12], "texture": "#0"},
				"east": {"uv": [4.5, 11.5, 4, 12], "texture": "#0"},
				"south": {"uv": [4, 11.5, 4.5, 12], "texture": "#0"},
				"west": {"uv": [4, 11.5, 4.5, 12], "texture": "#0"},
				"up": {"uv": [4, 11.5, 4.5, 12], "rotation": 270, "texture": "#0"},
				"down": {"uv": [4, 12, 4.5, 11.5], "rotation": 90, "texture": "#0"}
			}
		},
		{
			"from": [3.60135, 3.58378, 7.25],
			"to": [4.10135, 4.08378, 8.75],
			"rotation": {"angle": 0, "axis": "y", "origin": [7.92812, 7.9279, 7.9985]},
			"faces": {
				"north": {"uv": [4, 12, 3.5, 12.5], "texture": "#0"},
				"east": {"uv": [4, 12, 3.5, 12.5], "texture": "#0"},
				"south": {"uv": [3.5, 12, 4, 12.5], "texture": "#0"},
				"west": {"uv": [3.5, 12, 4, 12.5], "texture": "#0"},
				"up": {"uv": [3.5, 12, 4, 12.5], "rotation": 270, "texture": "#0"},
				"down": {"uv": [3.5, 12.5, 4, 12], "rotation": 90, "texture": "#0"}
			}
		},
		{
			"from": [3.10135, 3.08378, 7.25],
			"to": [3.60135, 3.58378, 8.75],
			"rotation": {"angle": 0, "axis": "y", "origin": [7.92812, 7.9279, 7.9985]},
			"faces": {
				"north": {"uv": [3.5, 12.5, 3, 13], "texture": "#0"},
				"east": {"uv": [3.5, 12.5, 3, 13], "texture": "#0"},
				"south": {"uv": [3, 12.5, 3.5, 13], "texture": "#0"},
				"west": {"uv": [3, 12.5, 3.5, 13], "texture": "#0"},
				"up": {"uv": [3, 12.5, 3.5, 13], "rotation": 270, "texture": "#0"},
				"down": {"uv": [3, 13, 3.5, 12.5], "rotation": 90, "texture": "#0"}
			}
		},
		{
			"from": [2.60135, 2.58378, 7.25],
			"to": [3.10135, 3.08378, 8.75],
			"rotation": {"angle": 0, "axis": "y", "origin": [7.92812, 7.9279, 7.9985]},
			"faces": {
				"north": {"uv": [3, 13, 2.5, 13.5], "texture": "#0"},
				"east": {"uv": [3, 13, 2.5, 13.5], "texture": "#0"},
				"south": {"uv": [2.5, 13, 3, 13.5], "texture": "#0"},
				"west": {"uv": [2.5, 13, 3, 13.5], "texture": "#0"},
				"up": {"uv": [2.5, 13, 3, 13.5], "rotation": 270, "texture": "#0"},
				"down": {"uv": [2.5, 13.5, 3, 13], "rotation": 90, "texture": "#0"}
			}
		},
		{
			"from": [2.10135, 2.08378, 7.25],
			"to": [2.60135, 2.58378, 8.75],
			"rotation": {"angle": 0, "axis": "y", "origin": [7.92812, 7.9279, 7.9985]},
			"faces": {
				"north": {"uv": [2.5, 13.5, 2, 14], "texture": "#0"},
				"east": {"uv": [2.5, 13.5, 2, 14], "texture": "#0"},
				"south": {"uv": [2, 13.5, 2.5, 14], "texture": "#0"},
				"west": {"uv": [2, 13.5, 2.5, 14], "texture": "#0"},
				"up": {"uv": [2, 13.5, 2.5, 14], "rotation": 270, "texture": "#0"},
				"down": {"uv": [2, 14, 2.5, 13.5], "rotation": 90, "texture": "#0"}
			}
		},
		{
			"from": [1.35135, 1.33378, 7],
			"to": [1.85135, 1.83378, 9],
			"rotation": {"angle": 0, "axis": "y", "origin": [7.92812, 7.9279, 7.9985]},
			"faces": {
				"north": {"uv": [1.25, 14.25, 1.75, 14.75], "texture": "#0"},
				"east": {"uv": [1.25, 14.25, 1.75, 14.75], "texture": "#0"},
				"south": {"uv": [1.25, 14.25, 1.75, 14.75], "texture": "#0"},
				"west": {"uv": [1.25, 14.25, 1.75, 14.75], "texture": "#0"},
				"up": {"uv": [1.25, 14.25, 1.75, 14.75], "texture": "#0"},
				"down": {"uv": [1.25, 14.25, 1.75, 14.75], "texture": "#0"}
			}
		},
		{
			"from": [1.10135, 1.83378, 7.125],
			"to": [2.10135, 2.08378, 8.875],
			"rotation": {"angle": 0, "axis": "y", "origin": [7.92812, 7.9279, 7.9985]},
			"faces": {
				"north": {"uv": [1, 14, 2, 14.25], "texture": "#0"},
				"east": {"uv": [1, 14, 2, 14.25], "texture": "#0"},
				"south": {"uv": [1, 14, 2, 14.25], "texture": "#0"},
				"west": {"uv": [1, 14, 2, 14.25], "texture": "#0"},
				"up": {"uv": [1, 14, 2, 14.25], "texture": "#0"}
			}
		},
		{
			"from": [1.10135, 2.08378, 7.375],
			"to": [2.10135, 2.58378, 8.625],
			"rotation": {"angle": 0, "axis": "y", "origin": [7.92812, 7.9279, 7.9985]},
			"faces": {
				"north": {"uv": [1, 13.5, 2, 14], "texture": "#0"},
				"south": {"uv": [1, 13.5, 2, 14], "texture": "#0"},
				"west": {"uv": [1, 13.5, 2, 14], "texture": "#0"},
				"up": {"uv": [1, 13.5, 2, 14], "texture": "#0"}
			}
		},
		{
			"from": [0.60135, 2.08378, 7.75],
			"to": [1.10135, 2.58378, 8.25],
			"rotation": {"angle": 0, "axis": "y", "origin": [7.92812, 7.9279, 7.9985]},
			"faces": {
				"north": {"uv": [0.5, 13.5, 1, 14], "texture": "#0"},
				"south": {"uv": [0.5, 13.5, 1, 14], "texture": "#0"},
				"west": {"uv": [0.5, 13.5, 1, 14], "texture": "#0"},
				"up": {"uv": [0.5, 13.5, 1, 14], "texture": "#0"}
			}
		},
		{
			"from": [1.10135, 2.58378, 7.75],
			"to": [2.10135, 3.08378, 8.25],
			"rotation": {"angle": 0, "axis": "y", "origin": [7.92812, 7.9279, 7.9985]},
			"faces": {
				"north": {"uv": [1, 13, 2, 13.5], "texture": "#0"},
				"south": {"uv": [1, 13, 2, 13.5], "texture": "#0"},
				"west": {"uv": [1, 13, 2, 13.5], "texture": "#0"},
				"up": {"uv": [1, 13, 2, 13.5], "texture": "#0"}
			}
		},
		{
			"from": [1.10135, 0.08378, 7.75],
			"to": [2.10135, 0.58378, 8.25],
			"rotation": {"angle": 0, "axis": "y", "origin": [7.92812, 7.9279, 7.9985]},
			"faces": {
				"north": {"uv": [1, 15.5, 2, 16], "texture": "#0"},
				"east": {"uv": [1, 15.5, 2, 16], "texture": "#0"},
				"south": {"uv": [1, 15.5, 2, 16], "texture": "#0"},
				"west": {"uv": [1, 15.5, 2, 16], "texture": "#0"},
				"down": {"uv": [1, 15.5, 2, 16], "texture": "#0"}
			}
		},
		{
			"from": [0.10135, 1.08378, 7.75],
			"to": [0.60135, 2.08378, 8.25],
			"rotation": {"angle": 0, "axis": "y", "origin": [7.92812, 7.9279, 7.9985]},
			"faces": {
				"north": {"uv": [0, 14, 0.5, 15], "texture": "#0"},
				"south": {"uv": [0, 14, 0.5, 15], "texture": "#0"},
				"west": {"uv": [0, 14, 0.5, 15], "texture": "#0"},
				"up": {"uv": [0, 14, 0.5, 15], "texture": "#0"},
				"down": {"uv": [0, 14, 0.5, 15], "texture": "#0"}
			}
		},
		{
			"from": [2.60135, 1.08378, 7.75],
			"to": [3.10135, 2.08378, 8.25],
			"rotation": {"angle": 0, "axis": "y", "origin": [7.92812, 7.9279, 7.9985]},
			"faces": {
				"north": {"uv": [2.5, 14, 3, 15], "texture": "#0"},
				"east": {"uv": [2.5, 14, 3, 15], "texture": "#0"},
				"south": {"uv": [2.5, 14, 3, 15], "texture": "#0"},
				"down": {"uv": [2.5, 14, 3, 15], "texture": "#0"}
			}
		},
		{
			"from": [2.10135, 0.58378, 7.75],
			"to": [2.60135, 1.08378, 8.25],
			"rotation": {"angle": 0, "axis": "y", "origin": [7.92812, 7.9279, 7.9985]},
			"faces": {
				"north": {"uv": [2, 15, 2.5, 15.5], "texture": "#0"},
				"east": {"uv": [2, 15, 2.5, 15.5], "texture": "#0"},
				"south": {"uv": [2, 15, 2.5, 15.5], "texture": "#0"},
				"down": {"uv": [2, 15, 2.5, 15.5], "texture": "#0"}
			}
		},
		{
			"from": [0.60135, 0.58378, 7.75],
			"to": [1.10135, 1.08378, 8.25],
			"rotation": {"angle": 0, "axis": "y", "origin": [7.92812, 7.9279, 7.9985]},
			"faces": {
				"north": {"uv": [0.5, 15, 1, 15.5], "texture": "#0"},
				"south": {"uv": [0.5, 15, 1, 15.5], "texture": "#0"},
				"west": {"uv": [0.5, 15, 1, 15.5], "texture": "#0"},
				"down": {"uv": [0.5, 15, 1, 15.5], "texture": "#0"}
			}
		},
		{
			"from": [1.10135, 1.08378, 7.125],
			"to": [2.10135, 1.33378, 8.875],
			"rotation": {"angle": 0, "axis": "y", "origin": [7.92812, 7.9279, 7.9985]},
			"faces": {
				"north": {"uv": [1, 14.75, 2, 15], "texture": "#0"},
				"east": {"uv": [1, 14.75, 2, 15], "texture": "#0"},
				"south": {"uv": [1, 14.75, 2, 15], "texture": "#0"},
				"west": {"uv": [1, 14.75, 2, 15], "texture": "#0"},
				"down": {"uv": [1, 14.75, 2, 15], "texture": "#0"}
			}
		},
		{
			"from": [1.85135, 1.33378, 7.125],
			"to": [2.10135, 1.83378, 8.875],
			"rotation": {"angle": 0, "axis": "y", "origin": [7.92812, 7.9279, 7.9985]},
			"faces": {
				"north": {"uv": [1.75, 14.25, 2, 14.75], "texture": "#0"},
				"east": {"uv": [1.75, 14.25, 2, 14.75], "texture": "#0"},
				"south": {"uv": [1.75, 14.25, 2, 14.75], "texture": "#0"}
			}
		},
		{
			"from": [1.10135, 1.33378, 7.125],
			"to": [1.35135, 1.83378, 8.875],
			"rotation": {"angle": 0, "axis": "y", "origin": [7.92812, 7.9279, 7.9985]},
			"faces": {
				"north": {"uv": [1, 14.25, 1.25, 14.75], "texture": "#0"},
				"south": {"uv": [1, 14.25, 1.25, 14.75], "texture": "#0"},
				"west": {"uv": [1, 14.25, 1.25, 14.75], "texture": "#0"}
			}
		},
		{
			"from": [1.10135, 0.58378, 7.375],
			"to": [2.10135, 1.08378, 8.625],
			"rotation": {"angle": 0, "axis": "y", "origin": [7.92812, 7.9279, 7.9985]},
			"faces": {
				"north": {"uv": [1, 15, 2, 15.5], "texture": "#0"},
				"east": {"uv": [1, 15, 2, 15.5], "texture": "#0"},
				"south": {"uv": [1, 15, 2, 15.5], "texture": "#0"},
				"west": {"uv": [1, 15, 2, 15.5], "texture": "#0"},
				"down": {"uv": [1, 15, 2, 15.5], "texture": "#0"}
			}
		},
		{
			"from": [0.60135, 1.08378, 7.375],
			"to": [1.10135, 2.08378, 8.625],
			"rotation": {"angle": 0, "axis": "y", "origin": [7.92812, 7.9279, 7.9985]},
			"faces": {
				"north": {"uv": [0.5, 14, 1, 15], "texture": "#0"},
				"south": {"uv": [0.5, 14, 1, 15], "texture": "#0"},
				"west": {"uv": [0.5, 14, 1, 15], "texture": "#0"},
				"up": {"uv": [0.5, 14, 1, 15], "texture": "#0"},
				"down": {"uv": [0.5, 14, 1, 15], "texture": "#0"}
			}
		},
		{
			"from": [2.10135, 1.08378, 7.375],
			"to": [2.60135, 2.08378, 8.625],
			"rotation": {"angle": 0, "axis": "y", "origin": [7.92812, 7.9279, 7.9985]},
			"faces": {
				"north": {"uv": [2, 14, 2.5, 15], "texture": "#0"},
				"east": {"uv": [2, 14, 2.5, 15], "texture": "#0"},
				"south": {"uv": [2, 14, 2.5, 15], "texture": "#0"},
				"down": {"uv": [2, 14, 2.5, 15], "texture": "#0"}
			}
		}
	],
	"display": {
		"thirdperson_righthand": {
			"rotation": [0, -90, 55],
			"translation": [0, 4, 0.5],
			"scale": [0.85, 0.85, 0.85]
		},
		"thirdperson_lefthand": {
			"rotation": [0, 90, -55],
			"translation": [0, 4, 0.5],
			"scale": [0.85, 0.85, 0.85]
		},
		"firstperson_righthand": {
			"rotation": [0, -90, 25],
			"translation": [1.13, 3.2, 1.13],
			"scale": [0.68, 0.68, 0.68]
		},
		"firstperson_lefthand": {
			"rotation": [0, 90, -25],
			"translation": [1.13, 3.2, 1.13],
			"scale": [0.68, 0.68, 0.68]
		},
		"ground": {
			"translation": [0, 2, 0],
			"scale": [0.5, 0.5, 0.5]
		},
		"head": {
			"rotation": [0, 180, 0],
			"translation": [0, 13, 7]
		},
		"fixed": {
			"rotation": [0, 180, 0]
		}
	},
	"groups": [
		{
			"name": "model_sword",
			"origin": [8, 8, 9],
			"children": [0, 1, 2, 3, 4, 5, 6, 7, 8, 9, 10, 11, 12, 13, 14, 15, 16, 17, 18, 19, 20, 21, 22, 23, 24, 25, 26, 27, 28, 29, 30, 31, 32, 33, 34, 35, 36, 37, 38, 39, 40, 41, 42, 43, 44, 45, 46, 47, 48, 49, 50, 51, 52, 53, 54, 55, 56, 57, 58, 59, 60, 61, 62, 63, 64, 65, 66, 67, 68, 69, 70, 71, 72, 73, 74, 75, 76, 77, 78, 79, 80, 81, 82, 83, 84, 85, 86, 87, 88, 89, 90, 91, 92, 93, 94, 95, 96, 97, 98, 99, 100, 101, 102, 103, 104, 105, 106, 107, 108, 109, 110, 111, 112, 113, 114, 115, 116, 117, 118, 119, 120, 121, 122, 123, 124, 125, 126, 127, 128, 129, 130, 131, 132, 133, 134, 135, 136, 137, 138, 139, 140, 141, 142, 143, 144, 145, 146, 147, 148, 149, 150, 151, 152, 153, 154, 155, 156, 157, 158, 159, 160, 161, 162, 163, 164, 165, 166, 167, 168, 169, 170, 171, 172, 173, 174, 175, 176, 177, 178, 179, 180, 181, 182, 183, 184]
		}
	]
}