{
	"credit": "Made with Blockbench",
	"textures": {
		"texture": "item/shears",
		"particle": "item/shears"
	},
	"elements": [
		{
			"from": [11.64706, 8.63971, 7.25],
			"to": [12.14706, 10.13971, 8.75],
			"faces": {
				"north": {"uv": [12.5, 5.5, 12, 7], "texture": "#texture"},
				"south": {"uv": [12, 5.5, 12.5, 7], "texture": "#texture"},
				"west": {"uv": [12, 5.5, 12.5, 7], "texture": "#texture"},
				"up": {"uv": [12, 5.5, 12.5, 6], "rotation": 270, "texture": "#texture"}
			}
		},
		{
			"from": [10.64706, 12.63971, 7.25],
			"to": [11.14706, 13.13971, 8.75],
			"faces": {
				"north": {"uv": [11.5, 2.5, 11, 3], "texture": "#texture"},
				"east": {"uv": [11.5, 2.5, 11, 3], "texture": "#texture"},
				"south": {"uv": [11, 2.5, 11.5, 3], "texture": "#texture"},
				"up": {"uv": [11, 2.5, 11.5, 3], "rotation": 270, "texture": "#texture"},
				"down": {"uv": [11, 3, 11.5, 2.5], "rotation": 90, "texture": "#texture"}
			}
		},
		{
			"from": [3.14706, 5.63971, 7.25],
			"to": [3.64706, 7.13971, 8.75],
			"faces": {
				"north": {"uv": [4, 8.5, 3.5, 10], "texture": "#texture"},
				"south": {"uv": [3.5, 8.5, 4, 10], "texture": "#texture"},
				"west": {"uv": [3.5, 8.5, 4, 10], "texture": "#texture"},
				"up": {"uv": [3.5, 8.5, 4, 9], "rotation": 270, "texture": "#texture"}
			}
		},
		{
			"from": [3.64706, 7.13971, 7.25],
			"to": [4.14706, 8.63971, 8.75],
			"faces": {
				"north": {"uv": [4.5, 7, 4, 8.5], "texture": "#texture"},
				"south": {"uv": [4, 7, 4.5, 8.5], "texture": "#texture"},
				"west": {"uv": [4, 7, 4.5, 8.5], "texture": "#texture"},
				"up": {"uv": [4, 7, 4.5, 7.5], "rotation": 270, "texture": "#texture"}
			}
		},
		{
			"from": [4.14706, 8.63971, 7.25],
			"to": [4.64706, 9.63971, 8.75],
			"faces": {
				"north": {"uv": [5, 6, 4.5, 7], "texture": "#texture"},
				"south": {"uv": [4.5, 6, 5, 7], "texture": "#texture"},
				"west": {"uv": [4.5, 6, 5, 7], "texture": "#texture"},
				"up": {"uv": [4.5, 6, 5, 6.5], "rotation": 270, "texture": "#texture"}
			}
		},
		{
			"from": [4.64706, 9.63971, 7.25],
			"to": [5.14706, 10.13971, 8.75],
			"faces": {
				"north": {"uv": [5.5, 5.5, 5, 6], "texture": "#texture"},
				"south": {"uv": [5, 5.5, 5.5, 6], "texture": "#texture"},
				"west": {"uv": [5, 5.5, 5.5, 6], "texture": "#texture"},
				"up": {"uv": [5, 5.5, 5.5, 6], "rotation": 270, "texture": "#texture"}
			}
		},
		{
			"from": [5.14706, 10.13971, 7.25],
			"to": [5.64706, 10.63971, 8.75],
			"faces": {
				"north": {"uv": [6, 5, 5.5, 5.5], "texture": "#texture"},
				"south": {"uv": [5.5, 5, 6, 5.5], "texture": "#texture"},
				"west": {"uv": [5.5, 5, 6, 5.5], "texture": "#texture"},
				"up": {"uv": [5.5, 5, 6, 5.5], "rotation": 270, "texture": "#texture"}
			}
		},
		{
			"from": [5.64706, 10.63971, 7.25],
			"to": [6.14706, 11.13971, 8.75],
			"faces": {
				"north": {"uv": [6.5, 4.5, 6, 5], "texture": "#texture"},
				"south": {"uv": [6, 4.5, 6.5, 5], "texture": "#texture"},
				"west": {"uv": [6, 4.5, 6.5, 5], "texture": "#texture"},
				"up": {"uv": [6, 4.5, 6.5, 5], "rotation": 270, "texture": "#texture"}
			}
		},
		{
			"from": [6.14706, 11.13971, 7.25],
			"to": [6.64706, 11.63971, 8.75],
			"faces": {
				"north": {"uv": [7, 4, 6.5, 4.5], "texture": "#texture"},
				"south": {"uv": [6.5, 4, 7, 4.5], "texture": "#texture"},
				"west": {"uv": [6.5, 4, 7, 4.5], "texture": "#texture"},
				"up": {"uv": [6.5, 4, 7, 4.5], "rotation": 270, "texture": "#texture"}
			}
		},
		{
			"from": [6.64706, 11.63971, 7.25],
			"to": [7.14706, 12.13971, 8.75],
			"faces": {
				"north": {"uv": [7.5, 3.5, 7, 4], "texture": "#texture"},
				"south": {"uv": [7, 3.5, 7.5, 4], "texture": "#texture"},
				"west": {"uv": [7, 3.5, 7.5, 4], "texture": "#texture"},
				"up": {"uv": [7, 3.5, 7.5, 4], "rotation": 270, "texture": "#texture"}
			}
		},
		{
			"from": [7.14706, 12.13971, 7.25],
			"to": [7.64706, 12.63971, 8.75],
			"faces": {
				"north": {"uv": [8, 3, 7.5, 3.5], "texture": "#texture"},
				"south": {"uv": [7.5, 3, 8, 3.5], "texture": "#texture"},
				"west": {"uv": [7.5, 3, 8, 3.5], "texture": "#texture"},
				"up": {"uv": [7.5, 3, 8, 3.5], "rotation": 270, "texture": "#texture"}
			}
		},
		{
			"from": [7.64706, 12.63971, 7.25],
			"to": [8.64706, 13.13971, 8.75],
			"faces": {
				"north": {"uv": [9, 2.5, 8, 3], "texture": "#texture"},
				"south": {"uv": [8, 2.5, 9, 3], "texture": "#texture"},
				"west": {"uv": [8, 2.5, 8.5, 3], "texture": "#texture"},
				"up": {"uv": [8, 2.5, 8.5, 3], "rotation": 270, "texture": "#texture"}
			}
		},
		{
			"from": [8.64706, 13.13971, 7.25],
			"to": [10.64706, 13.63971, 8.75],
			"faces": {
				"north": {"uv": [11, 2, 9, 2.5], "texture": "#texture"},
				"east": {"uv": [11, 2, 10.5, 2.5], "texture": "#texture"},
				"south": {"uv": [9, 2, 11, 2.5], "texture": "#texture"},
				"west": {"uv": [9, 2, 9.5, 2.5], "texture": "#texture"},
				"up": {"uv": [9, 2, 11, 2.5], "texture": "#texture"}
			}
		},
		{
			"from": [5.64706, 8.13971, 7.25],
			"to": [6.14706, 8.63971, 8.75],
			"faces": {
				"north": {"uv": [6.5, 7, 6, 7.5], "texture": "#texture"},
				"east": {"uv": [6.5, 7, 6, 7.5], "texture": "#texture"},
				"south": {"uv": [6, 7, 6.5, 7.5], "texture": "#texture"},
				"down": {"uv": [6, 7.5, 6.5, 7], "rotation": 90, "texture": "#texture"}
			}
		},
		{
			"from": [5.14706, 7.13971, 7.25],
			"to": [5.64706, 8.13971, 8.75],
			"faces": {
				"north": {"uv": [6, 7.5, 5.5, 8.5], "texture": "#texture"},
				"east": {"uv": [6, 7.5, 5.5, 8.5], "texture": "#texture"},
				"south": {"uv": [5.5, 7.5, 6, 8.5], "texture": "#texture"},
				"down": {"uv": [5.5, 8.5, 6, 8], "rotation": 90, "texture": "#texture"}
			}
		},
		{
			"from": [4.64706, 5.63971, 7.25],
			"to": [5.14706, 7.13971, 8.75],
			"faces": {
				"north": {"uv": [5.5, 8.5, 5, 10], "texture": "#texture"},
				"east": {"uv": [5.5, 8.5, 5, 10], "texture": "#texture"},
				"south": {"uv": [5, 8.5, 5.5, 10], "texture": "#texture"},
				"down": {"uv": [5, 10, 5.5, 9.5], "rotation": 90, "texture": "#texture"}
			}
		},
		{
			"from": [5.64706, 4.63971, 7.25],
			"to": [7.14706, 5.13971, 8.75],
			"faces": {
				"north": {"uv": [7.5, 10.5, 6, 11], "texture": "#texture"},
				"south": {"uv": [6, 10.5, 7.5, 11], "texture": "#texture"},
				"west": {"uv": [6, 10.5, 6.5, 11], "texture": "#texture"},
				"up": {"uv": [6, 10.5, 6.5, 11], "rotation": 270, "texture": "#texture"}
			}
		},
		{
			"from": [5.64706, 3.13971, 7.25],
			"to": [7.14706, 3.63971, 8.75],
			"faces": {
				"north": {"uv": [7.5, 12, 6, 12.5], "texture": "#texture"},
				"east": {"uv": [7.5, 12, 7, 12.5], "texture": "#texture"},
				"south": {"uv": [6, 12, 7.5, 12.5], "texture": "#texture"},
				"down": {"uv": [6, 12.5, 6.5, 12], "rotation": 90, "texture": "#texture"}
			}
		},
		{
			"from": [7.14706, 3.63971, 7.25],
			"to": [8.64706, 4.13971, 8.75],
			"faces": {
				"north": {"uv": [9, 11.5, 7.5, 12], "texture": "#texture"},
				"east": {"uv": [9, 11.5, 8.5, 12], "texture": "#texture"},
				"south": {"uv": [7.5, 11.5, 9, 12], "texture": "#texture"},
				"down": {"uv": [7.5, 12, 8, 11.5], "rotation": 90, "texture": "#texture"}
			}
		},
		{
			"from": [8.64706, 4.13971, 7.25],
			"to": [9.64706, 4.63971, 8.75],
			"faces": {
				"north": {"uv": [10, 11, 9, 11.5], "texture": "#texture"},
				"east": {"uv": [10, 11, 9.5, 11.5], "texture": "#texture"},
				"south": {"uv": [9, 11, 10, 11.5], "texture": "#texture"},
				"down": {"uv": [9, 11.5, 9.5, 11], "rotation": 90, "texture": "#texture"}
			}
		},
		{
			"from": [9.64706, 4.63971, 7.25],
			"to": [10.14706, 5.13971, 8.75],
			"faces": {
				"north": {"uv": [10.5, 10.5, 10, 11], "texture": "#texture"},
				"east": {"uv": [10.5, 10.5, 10, 11], "texture": "#texture"},
				"south": {"uv": [10, 10.5, 10.5, 11], "texture": "#texture"},
				"down": {"uv": [10, 11, 10.5, 10.5], "rotation": 90, "texture": "#texture"}
			}
		},
		{
			"from": [7.14706, 5.13971, 7.25],
			"to": [8.14706, 5.63971, 8.75],
			"faces": {
				"north": {"uv": [8.5, 10, 7.5, 10.5], "texture": "#texture"},
				"south": {"uv": [7.5, 10, 8.5, 10.5], "texture": "#texture"},
				"west": {"uv": [7.5, 10, 8, 10.5], "texture": "#texture"},
				"up": {"uv": [7.5, 10, 8, 10.5], "rotation": 270, "texture": "#texture"}
			}
		},
		{
			"from": [8.14706, 5.63971, 7.25],
			"to": [8.64706, 6.13971, 8.75],
			"faces": {
				"north": {"uv": [9, 9.5, 8.5, 10], "texture": "#texture"},
				"south": {"uv": [8.5, 9.5, 9, 10], "texture": "#texture"},
				"west": {"uv": [8.5, 9.5, 9, 10], "texture": "#texture"},
				"up": {"uv": [8.5, 9.5, 9, 10], "rotation": 270, "texture": "#texture"}
			}
		},
		{
			"from": [10.14706, 5.13971, 7.25],
			"to": [10.64706, 5.63971, 8.75],
			"faces": {
				"north": {"uv": [11, 10, 10.5, 10.5], "texture": "#texture"},
				"east": {"uv": [11, 10, 10.5, 10.5], "texture": "#texture"},
				"south": {"uv": [10.5, 10, 11, 10.5], "texture": "#texture"},
				"down": {"uv": [10.5, 10.5, 11, 10], "rotation": 90, "texture": "#texture"}
			}
		},
		{
			"from": [10.64706, 5.63971, 7.25],
			"to": [11.14706, 6.13971, 8.75],
			"faces": {
				"north": {"uv": [11.5, 9.5, 11, 10], "texture": "#texture"},
				"east": {"uv": [11.5, 9.5, 11, 10], "texture": "#texture"},
				"south": {"uv": [11, 9.5, 11.5, 10], "texture": "#texture"},
				"down": {"uv": [11, 10, 11.5, 9.5], "rotation": 90, "texture": "#texture"}
			}
		},
		{
			"from": [11.14706, 6.13971, 7.25],
			"to": [11.64706, 6.63971, 8.75],
			"faces": {
				"north": {"uv": [12, 9, 11.5, 9.5], "texture": "#texture"},
				"east": {"uv": [12, 9, 11.5, 9.5], "texture": "#texture"},
				"south": {"uv": [11.5, 9, 12, 9.5], "texture": "#texture"},
				"down": {"uv": [11.5, 9.5, 12, 9], "rotation": 90, "texture": "#texture"}
			}
		},
		{
			"from": [11.64706, 6.63971, 7.25],
			"to": [12.14706, 7.13971, 8.75],
			"faces": {
				"north": {"uv": [12.5, 8.5, 12, 9], "texture": "#texture"},
				"east": {"uv": [12.5, 8.5, 12, 9], "texture": "#texture"},
				"south": {"uv": [12, 8.5, 12.5, 9], "texture": "#texture"},
				"down": {"uv": [12, 9, 12.5, 8.5], "rotation": 90, "texture": "#texture"}
			}
		},
		{
			"from": [12.14706, 7.13971, 7.25],
			"to": [12.64706, 7.63971, 8.75],
			"faces": {
				"north": {"uv": [13, 8, 12.5, 8.5], "texture": "#texture"},
				"east": {"uv": [13, 8, 12.5, 8.5], "texture": "#texture"},
				"south": {"uv": [12.5, 8, 13, 8.5], "texture": "#texture"},
				"down": {"uv": [12.5, 8.5, 13, 8], "rotation": 90, "texture": "#texture"}
			}
		},
		{
			"from": [12.64706, 7.63971, 7.25],
			"to": [13.14706, 8.63971, 8.75],
			"faces": {
				"north": {"uv": [13.5, 7, 13, 8], "texture": "#texture"},
				"east": {"uv": [13.5, 7, 13, 8], "texture": "#texture"},
				"south": {"uv": [13, 7, 13.5, 8], "texture": "#texture"},
				"down": {"uv": [13, 8, 13.5, 7.5], "rotation": 90, "texture": "#texture"}
			}
		},
		{
			"from": [13.14706, 8.63971, 7.25],
			"to": [13.64706, 10.63971, 8.75],
			"faces": {
				"north": {"uv": [14, 5, 13.5, 7], "texture": "#texture"},
				"east": {"uv": [14, 5, 13.5, 7], "texture": "#texture"},
				"south": {"uv": [13.5, 5, 14, 7], "texture": "#texture"},
				"up": {"uv": [13.5, 5, 14, 5.5], "rotation": 270, "texture": "#texture"},
				"down": {"uv": [13.5, 7, 14, 6.5], "rotation": 90, "texture": "#texture"}
			}
		},
		{
			"from": [12.64706, 10.63971, 7.25],
			"to": [13.14706, 11.13971, 8.75],
			"faces": {
				"north": {"uv": [13.5, 4.5, 13, 5], "texture": "#texture"},
				"east": {"uv": [13.5, 4.5, 13, 5], "texture": "#texture"},
				"south": {"uv": [13, 4.5, 13.5, 5], "texture": "#texture"},
				"west": {"uv": [13, 4.5, 13.5, 5], "texture": "#texture"},
				"up": {"uv": [13, 4.5, 13.5, 5], "rotation": 270, "texture": "#texture"}
			}
		},
		{
			"from": [12.14706, 9.63971, 7.25],
			"to": [12.64706, 10.63971, 8.75],
			"faces": {
				"north": {"uv": [13, 5, 12.5, 6], "texture": "#texture"},
				"south": {"uv": [12.5, 5, 13, 6], "texture": "#texture"},
				"west": {"uv": [12.5, 5, 13, 6], "texture": "#texture"},
				"up": {"uv": [12.5, 5, 13, 5.5], "rotation": 270, "texture": "#texture"}
			}
		},
		{
			"from": [11.14706, 8.13971, 7.25],
			"to": [11.64706, 9.63971, 8.75],
			"faces": {
				"north": {"uv": [12, 6, 11.5, 7.5], "texture": "#texture"},
				"south": {"uv": [11.5, 6, 12, 7.5], "texture": "#texture"},
				"west": {"uv": [11.5, 6, 12, 7.5], "texture": "#texture"},
				"up": {"uv": [11.5, 6, 12, 6.5], "rotation": 270, "texture": "#texture"}
			}
		},
		{
			"from": [10.64706, 7.63971, 7.25],
			"to": [11.14706, 9.13971, 8.75],
			"faces": {
				"north": {"uv": [11.5, 6.5, 11, 8], "texture": "#texture"},
				"south": {"uv": [11, 6.5, 11.5, 8], "texture": "#texture"},
				"west": {"uv": [11, 6.5, 11.5, 8], "texture": "#texture"},
				"up": {"uv": [11, 6.5, 11.5, 7], "rotation": 270, "texture": "#texture"}
			}
		},
		{
			"from": [10.14706, 7.13971, 7.25],
			"to": [10.64706, 8.63971, 8.75],
			"faces": {
				"north": {"uv": [11, 7, 10.5, 8.5], "texture": "#texture"},
				"south": {"uv": [10.5, 7, 11, 8.5], "texture": "#texture"},
				"west": {"uv": [10.5, 7, 11, 8.5], "texture": "#texture"},
				"up": {"uv": [10.5, 7, 11, 7.5], "rotation": 270, "texture": "#texture"}
			}
		},
		{
			"from": [9.64706, 6.63971, 7.25],
			"to": [10.14706, 8.13971, 8.75],
			"faces": {
				"north": {"uv": [10.5, 7.5, 10, 9], "texture": "#texture"},
				"south": {"uv": [10, 7.5, 10.5, 9], "texture": "#texture"},
				"west": {"uv": [10, 7.5, 10.5, 9], "texture": "#texture"},
				"up": {"uv": [10, 7.5, 10.5, 8], "rotation": 270, "texture": "#texture"}
			}
		},
		{
			"from": [9.14706, 6.63971, 7.25],
			"to": [9.64706, 7.63971, 8.75],
			"faces": {
				"north": {"uv": [10, 8, 9.5, 9], "texture": "#texture"},
				"south": {"uv": [9.5, 8, 10, 9], "texture": "#texture"},
				"west": {"uv": [9.5, 8, 10, 9], "texture": "#texture"},
				"up": {"uv": [9.5, 8, 10, 8.5], "rotation": 270, "texture": "#texture"}
			}
		},
		{
			"from": [8.64706, 6.13971, 7.25],
			"to": [9.14706, 7.13971, 8.75],
			"faces": {
				"north": {"uv": [9.5, 8.5, 9, 9.5], "texture": "#texture"},
				"south": {"uv": [9, 8.5, 9.5, 9.5], "texture": "#texture"},
				"west": {"uv": [9, 8.5, 9.5, 9.5], "texture": "#texture"},
				"up": {"uv": [9, 8.5, 9.5, 9], "rotation": 270, "texture": "#texture"}
			}
		},
		{
			"from": [6.14706, 8.63971, 7.25],
			"to": [7.14706, 9.13971, 8.75],
			"faces": {
				"north": {"uv": [7.5, 6.5, 6.5, 7], "texture": "#texture"},
				"east": {"uv": [7.5, 6.5, 7, 7], "texture": "#texture"},
				"south": {"uv": [6.5, 6.5, 7.5, 7], "texture": "#texture"},
				"down": {"uv": [6.5, 7, 7, 6.5], "rotation": 90, "texture": "#texture"}
			}
		},
		{
			"from": [6.64706, 9.13971, 7.25],
			"to": [7.64706, 9.63971, 8.75],
			"faces": {
				"north": {"uv": [8, 6, 7, 6.5], "texture": "#texture"},
				"east": {"uv": [8, 6, 7.5, 6.5], "texture": "#texture"},
				"south": {"uv": [7, 6, 8, 6.5], "texture": "#texture"},
				"down": {"uv": [7, 6.5, 7.5, 6], "rotation": 90, "texture": "#texture"}
			}
		},
		{
			"from": [6.64706, 9.63971, 7.25],
			"to": [8.14706, 10.13971, 8.75],
			"faces": {
				"north": {"uv": [8.5, 5.5, 7, 6], "texture": "#texture"},
				"east": {"uv": [8.5, 5.5, 8, 6], "texture": "#texture"},
				"south": {"uv": [7, 5.5, 8.5, 6], "texture": "#texture"},
				"down": {"uv": [7, 6, 7.5, 5.5], "rotation": 90, "texture": "#texture"}
			}
		},
		{
			"from": [7.14706, 10.13971, 7.25],
			"to": [8.64706, 10.63971, 8.75],
			"faces": {
				"north": {"uv": [9, 5, 7.5, 5.5], "texture": "#texture"},
				"east": {"uv": [9, 5, 8.5, 5.5], "texture": "#texture"},
				"south": {"uv": [7.5, 5, 9, 5.5], "texture": "#texture"},
				"down": {"uv": [7.5, 5.5, 8, 5], "rotation": 90, "texture": "#texture"}
			}
		},
		{
			"from": [7.64706, 10.63971, 7.25],
			"to": [9.14706, 11.13971, 8.75],
			"faces": {
				"north": {"uv": [9.5, 4.5, 8, 5], "texture": "#texture"},
				"east": {"uv": [9.5, 4.5, 9, 5], "texture": "#texture"},
				"south": {"uv": [8, 4.5, 9.5, 5], "texture": "#texture"},
				"down": {"uv": [8, 5, 8.5, 4.5], "rotation": 90, "texture": "#texture"}
			}
		},
		{
			"from": [8.14706, 11.13971, 7.25],
			"to": [9.64706, 11.63971, 8.75],
			"faces": {
				"north": {"uv": [10, 4, 8.5, 4.5], "texture": "#texture"},
				"east": {"uv": [10, 4, 9.5, 4.5], "texture": "#texture"},
				"south": {"uv": [8.5, 4, 10, 4.5], "texture": "#texture"},
				"down": {"uv": [8.5, 4.5, 9, 4], "rotation": 90, "texture": "#texture"}
			}
		},
		{
			"from": [8.64706, 11.63971, 7.25],
			"to": [10.14706, 12.13971, 8.75],
			"faces": {
				"north": {"uv": [10.5, 3.5, 9, 4], "texture": "#texture"},
				"east": {"uv": [10.5, 3.5, 10, 4], "texture": "#texture"},
				"south": {"uv": [9, 3.5, 10.5, 4], "texture": "#texture"},
				"down": {"uv": [9, 4, 9.5, 3.5], "rotation": 90, "texture": "#texture"}
			}
		},
		{
			"from": [9.64706, 12.13971, 7.25],
			"to": [10.64706, 12.63971, 8.75],
			"faces": {
				"north": {"uv": [10, 3, 11, 3.5], "texture": "#texture"},
				"east": {"uv": [11, 3, 10.5, 3.5], "texture": "#texture"},
				"south": {"uv": [10, 3, 11, 3.5], "texture": "#texture"},
				"down": {"uv": [9.5, 3.5, 10, 3], "rotation": 90, "texture": "#texture"}
			}
		},
		{
			"from": [10.64706, 12.13971, 7.75],
			"to": [11.64706, 12.63971, 8.25],
			"faces": {
				"north": {"uv": [12, 3, 11, 3.5], "texture": "#texture"},
				"east": {"uv": [12, 3, 11.5, 3.5], "texture": "#texture"},
				"south": {"uv": [11, 3, 12, 3.5], "texture": "#texture"},
				"up": {"uv": [11, 3, 11.5, 3.5], "rotation": 270, "texture": "#texture"},
				"down": {"uv": [11, 3.5, 11.5, 3], "rotation": 90, "texture": "#texture"}
			}
		},
		{
			"from": [10.14706, 11.63971, 7.75],
			"to": [11.14706, 12.13971, 8.25],
			"faces": {
				"north": {"uv": [11.5, 3.5, 10.5, 4], "texture": "#texture"},
				"east": {"uv": [11.5, 3.5, 11, 4], "texture": "#texture"},
				"south": {"uv": [10.5, 3.5, 11.5, 4], "texture": "#texture"},
				"down": {"uv": [10.5, 4, 11, 3.5], "rotation": 90, "texture": "#texture"}
			}
		},
		{
			"from": [9.64706, 11.13971, 7.75],
			"to": [10.64706, 11.63971, 8.25],
			"faces": {
				"north": {"uv": [11, 4, 10, 4.5], "texture": "#texture"},
				"east": {"uv": [11, 4, 10.5, 4.5], "texture": "#texture"},
				"south": {"uv": [10, 4, 11, 4.5], "texture": "#texture"},
				"down": {"uv": [10, 4.5, 10.5, 4], "rotation": 90, "texture": "#texture"}
			}
		},
		{
			"from": [9.14706, 10.63971, 7.75],
			"to": [10.14706, 11.13971, 8.25],
			"faces": {
				"north": {"uv": [10.5, 4.5, 9.5, 5], "texture": "#texture"},
				"east": {"uv": [10.5, 4.5, 10, 5], "texture": "#texture"},
				"south": {"uv": [9.5, 4.5, 10.5, 5], "texture": "#texture"},
				"down": {"uv": [9.5, 5, 10, 4.5], "rotation": 90, "texture": "#texture"}
			}
		},
		{
			"from": [8.64706, 10.13971, 7.75],
			"to": [9.64706, 10.63971, 8.25],
			"faces": {
				"north": {"uv": [10, 5, 9, 5.5], "texture": "#texture"},
				"east": {"uv": [10, 5, 9.5, 5.5], "texture": "#texture"},
				"south": {"uv": [9, 5, 10, 5.5], "texture": "#texture"},
				"down": {"uv": [9, 5.5, 9.5, 5], "rotation": 90, "texture": "#texture"}
			}
		},
		{
			"from": [8.14706, 9.63971, 7.75],
			"to": [9.14706, 10.13971, 8.25],
			"faces": {
				"north": {"uv": [9.5, 5.5, 8.5, 6], "texture": "#texture"},
				"east": {"uv": [9.5, 5.5, 9, 6], "texture": "#texture"},
				"south": {"uv": [8.5, 5.5, 9.5, 6], "texture": "#texture"},
				"down": {"uv": [8.5, 6, 9, 5.5], "rotation": 90, "texture": "#texture"}
			}
		},
		{
			"from": [7.64706, 9.13971, 7.75],
			"to": [8.64706, 9.63971, 8.25],
			"faces": {
				"north": {"uv": [9, 6, 8, 6.5], "texture": "#texture"},
				"east": {"uv": [9, 6, 8.5, 6.5], "texture": "#texture"},
				"south": {"uv": [8, 6, 9, 6.5], "texture": "#texture"},
				"down": {"uv": [8, 6.5, 8.5, 6], "rotation": 90, "texture": "#texture"}
			}
		},
		{
			"from": [7.14706, 8.63971, 7.75],
			"to": [8.14706, 9.13971, 8.25],
			"faces": {
				"north": {"uv": [8.5, 6.5, 7.5, 7], "texture": "#texture"},
				"east": {"uv": [8.5, 6.5, 8, 7], "texture": "#texture"},
				"south": {"uv": [7.5, 6.5, 8.5, 7], "texture": "#texture"},
				"down": {"uv": [7.5, 7, 8, 6.5], "rotation": 90, "texture": "#texture"}
			}
		},
		{
			"from": [8.64706, 7.13971, 7.75],
			"to": [9.14706, 8.13971, 8.25],
			"faces": {
				"north": {"uv": [9.5, 7.5, 9, 8.5], "texture": "#texture"},
				"south": {"uv": [9, 7.5, 9.5, 8.5], "texture": "#texture"},
				"west": {"uv": [9, 7.5, 9.5, 8.5], "texture": "#texture"},
				"up": {"uv": [9, 7.5, 9.5, 8], "rotation": 270, "texture": "#texture"}
			}
		},
		{
			"from": [9.14706, 7.63971, 7.75],
			"to": [9.64706, 8.63971, 8.25],
			"faces": {
				"north": {"uv": [10, 7, 9.5, 8], "texture": "#texture"},
				"south": {"uv": [9.5, 7, 10, 8], "texture": "#texture"},
				"west": {"uv": [9.5, 7, 10, 8], "texture": "#texture"},
				"up": {"uv": [9.5, 7, 10, 7.5], "rotation": 270, "texture": "#texture"}
			}
		},
		{
			"from": [9.64706, 8.13971, 7.75],
			"to": [10.14706, 9.13971, 8.25],
			"faces": {
				"north": {"uv": [10.5, 6.5, 10, 7.5], "texture": "#texture"},
				"south": {"uv": [10, 6.5, 10.5, 7.5], "texture": "#texture"},
				"west": {"uv": [10, 6.5, 10.5, 7.5], "texture": "#texture"},
				"up": {"uv": [10, 6.5, 10.5, 7], "rotation": 270, "texture": "#texture"}
			}
		},
		{
			"from": [10.14706, 8.63971, 7.75],
			"to": [10.64706, 9.63971, 8.25],
			"faces": {
				"north": {"uv": [11, 6, 10.5, 7], "texture": "#texture"},
				"south": {"uv": [10.5, 6, 11, 7], "texture": "#texture"},
				"west": {"uv": [10.5, 6, 11, 7], "texture": "#texture"},
				"up": {"uv": [10.5, 6, 11, 6.5], "rotation": 270, "texture": "#texture"}
			}
		},
		{
			"from": [10.64706, 9.13971, 7.75],
			"to": [11.14706, 10.13971, 8.25],
			"faces": {
				"north": {"uv": [11.5, 5.5, 11, 6.5], "texture": "#texture"},
				"south": {"uv": [11, 5.5, 11.5, 6.5], "texture": "#texture"},
				"west": {"uv": [11, 5.5, 11.5, 6.5], "texture": "#texture"},
				"up": {"uv": [11, 5.5, 11.5, 6], "rotation": 270, "texture": "#texture"}
			}
		},
		{
			"from": [11.14706, 9.63971, 7.75],
			"to": [11.64706, 10.63971, 8.25],
			"faces": {
				"north": {"uv": [12, 5, 11.5, 6], "texture": "#texture"},
				"south": {"uv": [11.5, 5, 12, 6], "texture": "#texture"},
				"west": {"uv": [11.5, 5, 12, 6], "texture": "#texture"},
				"up": {"uv": [11.5, 5, 12, 5.5], "rotation": 270, "texture": "#texture"}
			}
		},
		{
			"from": [11.64706, 10.13971, 7.75],
			"to": [12.14706, 11.13971, 8.25],
			"faces": {
				"north": {"uv": [12.5, 4.5, 12, 5.5], "texture": "#texture"},
				"south": {"uv": [12, 4.5, 12.5, 5.5], "texture": "#texture"},
				"west": {"uv": [12, 4.5, 12.5, 5.5], "texture": "#texture"},
				"up": {"uv": [12, 4.5, 12.5, 5], "rotation": 270, "texture": "#texture"}
			}
		},
		{
			"from": [12.14706, 10.63971, 7.75],
			"to": [12.64706, 11.63971, 8.25],
			"faces": {
				"north": {"uv": [13, 4, 12.5, 5], "texture": "#texture"},
				"east": {"uv": [13, 4, 12.5, 5], "texture": "#texture"},
				"south": {"uv": [12.5, 4, 13, 5], "texture": "#texture"},
				"west": {"uv": [12.5, 4, 13, 5], "texture": "#texture"},
				"up": {"uv": [12.5, 4, 13, 4.5], "rotation": 270, "texture": "#texture"}
			}
		},
		{
			"from": [8.64706, 12.63971, 6.875],
			"to": [10.64706, 13.13971, 9.125],
			"faces": {
				"north": {"uv": [11, 2.5, 9, 3], "texture": "#texture"},
				"east": {"uv": [11, 2.5, 10.5, 3], "texture": "#texture"},
				"south": {"uv": [9, 2.5, 11, 3], "texture": "#texture"},
				"west": {"uv": [9, 2.5, 9.5, 3], "texture": "#texture"},
				"up": {"uv": [9, 2.5, 9.5, 3], "rotation": 270, "texture": "#texture"},
				"down": {"uv": [9, 3, 9.5, 2.5], "rotation": 90, "texture": "#texture"}
			}
		},
		{
			"from": [12.64706, 8.63971, 6.875],
			"to": [13.14706, 10.63971, 9.125],
			"faces": {
				"north": {"uv": [13.5, 5, 13, 7], "texture": "#texture"},
				"east": {"uv": [13.5, 5, 13, 7], "texture": "#texture"},
				"south": {"uv": [13, 5, 13.5, 7], "texture": "#texture"},
				"west": {"uv": [13, 5, 13.5, 7], "texture": "#texture"},
				"up": {"uv": [13, 5, 13.5, 5.5], "rotation": 270, "texture": "#texture"},
				"down": {"uv": [13, 7, 13.5, 6.5], "rotation": 90, "texture": "#texture"}
			}
		},
		{
			"from": [12.14706, 7.63971, 6.875],
			"to": [12.64706, 9.63971, 9.125],
			"faces": {
				"north": {"uv": [13, 6, 12.5, 8], "texture": "#texture"},
				"east": {"uv": [13, 6, 12.5, 8], "texture": "#texture"},
				"south": {"uv": [12.5, 6, 13, 8], "texture": "#texture"},
				"west": {"uv": [12.5, 6, 13, 8], "texture": "#texture"},
				"up": {"uv": [12.5, 6, 13, 6.5], "rotation": 270, "texture": "#texture"},
				"down": {"uv": [12.5, 8, 13, 7.5], "rotation": 90, "texture": "#texture"}
			}
		},
		{
			"from": [11.64706, 7.13971, 6.875],
			"to": [12.14706, 8.63971, 9.125],
			"faces": {
				"north": {"uv": [12.5, 7, 12, 8.5], "texture": "#texture"},
				"east": {"uv": [12.5, 7, 12, 8.5], "texture": "#texture"},
				"south": {"uv": [12, 7, 12.5, 8.5], "texture": "#texture"},
				"west": {"uv": [12, 7, 12.5, 8.5], "texture": "#texture"},
				"up": {"uv": [12, 7, 12.5, 7.5], "rotation": 270, "texture": "#texture"},
				"down": {"uv": [12, 8.5, 12.5, 8], "rotation": 90, "texture": "#texture"}
			}
		},
		{
			"from": [11.14706, 6.63971, 6.875],
			"to": [11.64706, 8.13971, 9.125],
			"faces": {
				"north": {"uv": [12, 7.5, 11.5, 9], "texture": "#texture"},
				"east": {"uv": [12, 7.5, 11.5, 9], "texture": "#texture"},
				"south": {"uv": [11.5, 7.5, 12, 9], "texture": "#texture"},
				"west": {"uv": [11.5, 7.5, 12, 9], "texture": "#texture"},
				"up": {"uv": [11.5, 7.5, 12, 8], "rotation": 270, "texture": "#texture"},
				"down": {"uv": [11.5, 9, 12, 8.5], "rotation": 90, "texture": "#texture"}
			}
		},
		{
			"from": [10.64706, 6.13971, 6.875],
			"to": [11.14706, 7.63971, 9.125],
			"faces": {
				"north": {"uv": [11.5, 8, 11, 9.5], "texture": "#texture"},
				"east": {"uv": [11.5, 8, 11, 9.5], "texture": "#texture"},
				"south": {"uv": [11, 8, 11.5, 9.5], "texture": "#texture"},
				"west": {"uv": [11, 8, 11.5, 9.5], "texture": "#texture"},
				"up": {"uv": [11, 8, 11.5, 8.5], "rotation": 270, "texture": "#texture"},
				"down": {"uv": [11, 9.5, 11.5, 9], "rotation": 90, "texture": "#texture"}
			}
		},
		{
			"from": [10.14706, 5.63971, 6.875],
			"to": [10.64706, 7.13971, 9.125],
			"faces": {
				"north": {"uv": [11, 8.5, 10.5, 10], "texture": "#texture"},
				"east": {"uv": [11, 8.5, 10.5, 10], "texture": "#texture"},
				"south": {"uv": [10.5, 8.5, 11, 10], "texture": "#texture"},
				"west": {"uv": [10.5, 8.5, 11, 10], "texture": "#texture"},
				"up": {"uv": [10.5, 8.5, 11, 9], "rotation": 270, "texture": "#texture"},
				"down": {"uv": [10.5, 10, 11, 9.5], "rotation": 90, "texture": "#texture"}
			}
		},
		{
			"from": [9.64706, 5.13971, 6.875],
			"to": [10.14706, 6.63971, 9.125],
			"faces": {
				"north": {"uv": [10.5, 9, 10, 10.5], "texture": "#texture"},
				"east": {"uv": [10.5, 9, 10, 10.5], "texture": "#texture"},
				"south": {"uv": [10, 9, 10.5, 10.5], "texture": "#texture"},
				"up": {"uv": [10, 9, 10.5, 9.5], "rotation": 270, "texture": "#texture"},
				"down": {"uv": [10, 10.5, 10.5, 10], "rotation": 90, "texture": "#texture"}
			}
		},
		{
			"from": [9.14706, 4.63971, 6.875],
			"to": [9.64706, 6.63971, 9.125],
			"faces": {
				"north": {"uv": [10, 9, 9.5, 11], "texture": "#texture"},
				"east": {"uv": [10, 9, 9.5, 11], "texture": "#texture"},
				"south": {"uv": [9.5, 9, 10, 11], "texture": "#texture"},
				"west": {"uv": [9.5, 9, 10, 11], "texture": "#texture"},
				"up": {"uv": [9.5, 9, 10, 9.5], "rotation": 270, "texture": "#texture"},
				"down": {"uv": [9.5, 11, 10, 10.5], "rotation": 90, "texture": "#texture"}
			}
		},
		{
			"from": [8.64706, 4.63971, 6.875],
			"to": [9.14706, 6.13971, 9.125],
			"faces": {
				"north": {"uv": [9.5, 9.5, 9, 11], "texture": "#texture"},
				"south": {"uv": [9, 9.5, 9.5, 11], "texture": "#texture"},
				"west": {"uv": [9, 9.5, 9.5, 11], "texture": "#texture"},
				"up": {"uv": [9, 9.5, 9.5, 10], "rotation": 270, "texture": "#texture"},
				"down": {"uv": [9, 11, 9.5, 10.5], "rotation": 90, "texture": "#texture"}
			}
		},
		{
			"from": [8.14706, 4.13971, 6.875],
			"to": [8.64706, 5.63971, 9.125],
			"faces": {
				"north": {"uv": [9, 10, 8.5, 11.5], "texture": "#texture"},
				"east": {"uv": [9, 10, 8.5, 11.5], "texture": "#texture"},
				"south": {"uv": [8.5, 10, 9, 11.5], "texture": "#texture"},
				"west": {"uv": [8.5, 10, 9, 11.5], "texture": "#texture"},
				"up": {"uv": [8.5, 10, 9, 10.5], "rotation": 270, "texture": "#texture"},
				"down": {"uv": [8.5, 11.5, 9, 11], "rotation": 90, "texture": "#texture"}
			}
		},
		{
			"from": [7.14706, 4.13971, 6.875],
			"to": [8.14706, 5.13971, 9.125],
			"faces": {
				"north": {"uv": [8.5, 10.5, 7.5, 11.5], "texture": "#texture"},
				"south": {"uv": [7.5, 10.5, 8.5, 11.5], "texture": "#texture"},
				"west": {"uv": [7.5, 10.5, 8, 11.5], "texture": "#texture"},
				"up": {"uv": [7.5, 10.5, 8, 11], "rotation": 270, "texture": "#texture"},
				"down": {"uv": [7.5, 11.5, 8, 11], "rotation": 90, "texture": "#texture"}
			}
		},
		{
			"from": [5.64706, 3.63971, 6.875],
			"to": [7.14706, 4.63971, 9.125],
			"faces": {
				"north": {"uv": [7.5, 11, 6, 12], "texture": "#texture"},
				"east": {"uv": [7.5, 11, 7, 12], "texture": "#texture"},
				"south": {"uv": [6, 11, 7.5, 12], "texture": "#texture"},
				"west": {"uv": [6, 11, 6.5, 12], "texture": "#texture"},
				"up": {"uv": [6, 11, 6.5, 11.5], "rotation": 270, "texture": "#texture"},
				"down": {"uv": [6, 12, 6.5, 11.5], "rotation": 90, "texture": "#texture"}
			}
		},
		{
			"from": [3.64706, 5.63971, 6.875],
			"to": [4.64706, 7.13971, 9.125],
			"faces": {
				"north": {"uv": [5, 8.5, 4, 10], "texture": "#texture"},
				"east": {"uv": [5, 8.5, 4.5, 10], "texture": "#texture"},
				"south": {"uv": [4, 8.5, 5, 10], "texture": "#texture"},
				"west": {"uv": [4, 8.5, 4.5, 10], "texture": "#texture"},
				"up": {"uv": [4, 8.5, 4.5, 9], "rotation": 270, "texture": "#texture"},
				"down": {"uv": [4, 10, 4.5, 9.5], "rotation": 90, "texture": "#texture"}
			}
		},
		{
			"from": [4.14706, 7.13971, 6.875],
			"to": [5.14706, 8.63971, 9.125],
			"faces": {
				"north": {"uv": [5.5, 7, 4.5, 8.5], "texture": "#texture"},
				"east": {"uv": [5.5, 7, 5, 8.5], "texture": "#texture"},
				"south": {"uv": [4.5, 7, 5.5, 8.5], "texture": "#texture"},
				"west": {"uv": [4.5, 7, 5, 8.5], "texture": "#texture"},
				"up": {"uv": [4.5, 7, 5, 7.5], "rotation": 270, "texture": "#texture"},
				"down": {"uv": [4.5, 8.5, 5, 8], "rotation": 90, "texture": "#texture"}
			}
		},
		{
			"from": [5.14706, 8.13971, 6.875],
			"to": [5.64706, 10.13971, 9.125],
			"faces": {
				"north": {"uv": [6, 5.5, 5.5, 7.5], "texture": "#texture"},
				"east": {"uv": [6, 5.5, 5.5, 7.5], "texture": "#texture"},
				"south": {"uv": [5.5, 5.5, 6, 7.5], "texture": "#texture"},
				"west": {"uv": [5.5, 5.5, 6, 7.5], "texture": "#texture"},
				"up": {"uv": [5.5, 5.5, 6, 6], "rotation": 270, "texture": "#texture"},
				"down": {"uv": [5.5, 7.5, 6, 7], "rotation": 90, "texture": "#texture"}
			}
		},
		{
			"from": [4.64706, 8.63971, 6.875],
			"to": [5.14706, 9.63971, 9.125],
			"faces": {
				"north": {"uv": [5.5, 6, 5, 7], "texture": "#texture"},
				"south": {"uv": [5, 6, 5.5, 7], "texture": "#texture"},
				"west": {"uv": [5, 6, 5.5, 7], "texture": "#texture"},
				"up": {"uv": [5, 6, 5.5, 6.5], "rotation": 270, "texture": "#texture"}
			}
		},
		{
			"from": [5.64706, 8.63971, 6.875],
			"to": [6.14706, 10.63971, 9.125],
			"faces": {
				"north": {"uv": [6.5, 5, 6, 7], "texture": "#texture"},
				"east": {"uv": [6.5, 5, 6, 7], "texture": "#texture"},
				"south": {"uv": [6, 5, 6.5, 7], "texture": "#texture"},
				"west": {"uv": [6, 5, 6.5, 7], "texture": "#texture"},
				"up": {"uv": [6, 5, 6.5, 5.5], "rotation": 270, "texture": "#texture"},
				"down": {"uv": [6, 7, 6.5, 6.5], "rotation": 90, "texture": "#texture"}
			}
		},
		{
			"from": [6.14706, 9.13971, 6.875],
			"to": [6.64706, 11.13971, 9.125],
			"faces": {
				"north": {"uv": [7, 4.5, 6.5, 6.5], "texture": "#texture"},
				"east": {"uv": [7, 4.5, 6.5, 6.5], "texture": "#texture"},
				"south": {"uv": [6.5, 4.5, 7, 6.5], "texture": "#texture"},
				"west": {"uv": [6.5, 4.5, 7, 6.5], "texture": "#texture"},
				"up": {"uv": [6.5, 4.5, 7, 5], "rotation": 270, "texture": "#texture"},
				"down": {"uv": [6.5, 6.5, 7, 6], "rotation": 90, "texture": "#texture"}
			}
		},
		{
			"from": [6.64706, 10.13971, 6.875],
			"to": [7.14706, 11.63971, 9.125],
			"faces": {
				"north": {"uv": [7.5, 4, 7, 5.5], "texture": "#texture"},
				"east": {"uv": [7.5, 4, 7, 5.5], "texture": "#texture"},
				"south": {"uv": [7, 4, 7.5, 5.5], "texture": "#texture"},
				"west": {"uv": [7, 4, 7.5, 5.5], "texture": "#texture"},
				"up": {"uv": [7, 4, 7.5, 4.5], "rotation": 270, "texture": "#texture"},
				"down": {"uv": [7, 5.5, 7.5, 5], "rotation": 90, "texture": "#texture"}
			}
		},
		{
			"from": [7.14706, 10.63971, 6.875],
			"to": [7.64706, 12.13971, 9.125],
			"faces": {
				"north": {"uv": [8, 3.5, 7.5, 5], "texture": "#texture"},
				"east": {"uv": [8, 3.5, 7.5, 5], "texture": "#texture"},
				"south": {"uv": [7.5, 3.5, 8, 5], "texture": "#texture"},
				"west": {"uv": [7.5, 3.5, 8, 5], "texture": "#texture"},
				"up": {"uv": [7.5, 3.5, 8, 4], "rotation": 270, "texture": "#texture"},
				"down": {"uv": [7.5, 5, 8, 4.5], "rotation": 90, "texture": "#texture"}
			}
		},
		{
			"from": [7.64706, 11.13971, 6.875],
			"to": [8.14706, 12.63971, 9.125],
			"faces": {
				"north": {"uv": [8.5, 3, 8, 4.5], "texture": "#texture"},
				"east": {"uv": [8.5, 3, 8, 4.5], "texture": "#texture"},
				"south": {"uv": [8, 3, 8.5, 4.5], "texture": "#texture"},
				"west": {"uv": [8, 3, 8.5, 4.5], "texture": "#texture"},
				"up": {"uv": [8, 3, 8.5, 3.5], "rotation": 270, "texture": "#texture"},
				"down": {"uv": [8, 4.5, 8.5, 4], "rotation": 90, "texture": "#texture"}
			}
		},
		{
			"from": [8.14706, 11.63971, 6.875],
			"to": [8.64706, 12.63971, 9.125],
			"faces": {
				"north": {"uv": [9, 3, 8.5, 4], "texture": "#texture"},
				"east": {"uv": [9, 3, 8.5, 4], "texture": "#texture"},
				"south": {"uv": [8.5, 3, 9, 4], "texture": "#texture"},
				"up": {"uv": [8.5, 3, 9, 3.5], "rotation": 270, "texture": "#texture"},
				"down": {"uv": [8.5, 4, 9, 3.5], "rotation": 90, "texture": "#texture"}
			}
		},
		{
			"from": [8.64706, 12.13971, 6.875],
			"to": [9.64706, 12.63971, 9.125],
			"faces": {
				"north": {"uv": [9, 3, 10, 3.5], "texture": "#texture"},
				"east": {"uv": [10, 3, 9.5, 3.5], "texture": "#texture"},
				"south": {"uv": [9, 3, 10, 3.5], "texture": "#texture"},
				"down": {"uv": [9, 3, 10, 3.5], "texture": "#texture"}
			}
		},
		{
			"from": [2.14706, 2.63971, 6.875],
			"to": [2.64706, 4.63971, 9.125],
			"faces": {
				"north": {"uv": [3, 11, 2.5, 13], "texture": "#texture"},
				"east": {"uv": [3, 11, 2.5, 13], "texture": "#texture"},
				"south": {"uv": [2.5, 11, 3, 13], "texture": "#texture"},
				"west": {"uv": [2.5, 11, 3, 13], "texture": "#texture"},
				"up": {"uv": [2.5, 11, 3, 11.5], "rotation": 270, "texture": "#texture"},
				"down": {"uv": [2.5, 13, 3, 12.5], "rotation": 90, "texture": "#texture"}
			}
		},
		{
			"from": [4.64706, 2.63971, 6.875],
			"to": [5.14706, 4.63971, 9.125],
			"faces": {
				"north": {"uv": [5.5, 11, 5, 13], "texture": "#texture"},
				"east": {"uv": [5.5, 11, 5, 13], "texture": "#texture"},
				"south": {"uv": [5, 11, 5.5, 13], "texture": "#texture"},
				"west": {"uv": [5, 11, 5.5, 13], "texture": "#texture"},
				"up": {"uv": [5, 11, 5.5, 11.5], "rotation": 270, "texture": "#texture"},
				"down": {"uv": [5, 13, 5.5, 12.5], "rotation": 90, "texture": "#texture"}
			}
		},
		{
			"from": [2.64706, 4.63971, 6.875],
			"to": [4.64706, 5.13971, 9.125],
			"faces": {
				"north": {"uv": [5, 10.5, 3, 11], "texture": "#texture"},
				"east": {"uv": [5, 10.5, 4.5, 11], "texture": "#texture"},
				"south": {"uv": [3, 10.5, 5, 11], "texture": "#texture"},
				"west": {"uv": [3, 10.5, 3.5, 11], "texture": "#texture"},
				"up": {"uv": [3, 10.5, 3.5, 11], "rotation": 270, "texture": "#texture"},
				"down": {"uv": [3, 11, 3.5, 10.5], "rotation": 90, "texture": "#texture"}
			}
		},
		{
			"from": [2.64706, 2.13971, 6.875],
			"to": [4.64706, 2.63971, 9.125],
			"faces": {
				"north": {"uv": [5, 13, 3, 13.5], "texture": "#texture"},
				"east": {"uv": [5, 13, 4.5, 13.5], "texture": "#texture"},
				"south": {"uv": [3, 13, 5, 13.5], "texture": "#texture"},
				"west": {"uv": [3, 13, 3.5, 13.5], "texture": "#texture"},
				"up": {"uv": [3, 13, 3.5, 13.5], "rotation": 270, "texture": "#texture"},
				"down": {"uv": [3, 13.5, 3.5, 13], "rotation": 90, "texture": "#texture"}
			}
		},
		{
			"from": [2.64706, 5.13971, 7.25],
			"to": [4.64706, 5.63971, 8.75],
			"faces": {
				"north": {"uv": [5, 10, 3, 10.5], "texture": "#texture"},
				"east": {"uv": [5, 10, 4.5, 10.5], "texture": "#texture"},
				"south": {"uv": [3, 10, 5, 10.5], "texture": "#texture"},
				"west": {"uv": [3, 10, 3.5, 10.5], "texture": "#texture"},
				"up": {"uv": [3, 10, 3.5, 10.5], "rotation": 270, "texture": "#texture"}
			}
		},
		{
			"from": [2.64706, 1.63971, 7.25],
			"to": [4.64706, 2.13971, 8.75],
			"faces": {
				"north": {"uv": [5, 13.5, 3, 14], "texture": "#texture"},
				"east": {"uv": [5, 13.5, 4.5, 14], "texture": "#texture"},
				"south": {"uv": [3, 13.5, 5, 14], "texture": "#texture"},
				"west": {"uv": [3, 13.5, 3.5, 14], "texture": "#texture"},
				"down": {"uv": [3, 14, 3.5, 13.5], "rotation": 90, "texture": "#texture"}
			}
		},
		{
			"from": [4.14706, 2.63971, 7.25],
			"to": [4.64706, 3.13971, 8.75],
			"faces": {
				"north": {"uv": [5, 12.5, 4.5, 13], "texture": "#texture"},
				"south": {"uv": [4.5, 12.5, 5, 13], "texture": "#texture"},
				"west": {"uv": [4.5, 12.5, 5, 13], "texture": "#texture"},
				"up": {"uv": [4.5, 12.5, 5, 13], "rotation": 270, "texture": "#texture"}
			}
		},
		{
			"from": [4.14706, 4.13971, 7.25],
			"to": [4.64706, 4.63971, 8.75],
			"faces": {
				"north": {"uv": [5, 11, 4.5, 11.5], "texture": "#texture"},
				"south": {"uv": [4.5, 11, 5, 11.5], "texture": "#texture"},
				"west": {"uv": [4.5, 11, 5, 11.5], "texture": "#texture"},
				"down": {"uv": [4.5, 11.5, 5, 11], "rotation": 90, "texture": "#texture"}
			}
		},
		{
			"from": [2.64706, 4.13971, 7.25],
			"to": [3.14706, 4.63971, 8.75],
			"faces": {
				"north": {"uv": [3.5, 11, 3, 11.5], "texture": "#texture"},
				"east": {"uv": [3.5, 11, 3, 11.5], "texture": "#texture"},
				"south": {"uv": [3, 11, 3.5, 11.5], "texture": "#texture"},
				"down": {"uv": [3, 11.5, 3.5, 11], "rotation": 90, "texture": "#texture"}
			}
		},
		{
			"from": [2.64706, 2.63971, 7.25],
			"to": [3.14706, 3.13971, 8.75],
			"faces": {
				"north": {"uv": [3.5, 12.5, 3, 13], "texture": "#texture"},
				"east": {"uv": [3.5, 12.5, 3, 13], "texture": "#texture"},
				"south": {"uv": [3, 12.5, 3.5, 13], "texture": "#texture"},
				"up": {"uv": [3, 12.5, 3.5, 13], "rotation": 270, "texture": "#texture"}
			}
		},
		{
			"from": [4.64706, 4.63971, 7.25],
			"to": [5.14706, 5.13971, 8.75],
			"faces": {
				"north": {"uv": [5.5, 10.5, 5, 11], "texture": "#texture"},
				"east": {"uv": [5.5, 10.5, 5, 11], "texture": "#texture"},
				"south": {"uv": [5, 10.5, 5.5, 11], "texture": "#texture"},
				"up": {"uv": [5, 10.5, 5.5, 11], "rotation": 270, "texture": "#texture"}
			}
		},
		{
			"from": [2.14706, 4.63971, 7.25],
			"to": [2.64706, 5.13971, 8.75],
			"faces": {
				"north": {"uv": [3, 10.5, 2.5, 11], "texture": "#texture"},
				"south": {"uv": [2.5, 10.5, 3, 11], "texture": "#texture"},
				"west": {"uv": [2.5, 10.5, 3, 11], "texture": "#texture"},
				"up": {"uv": [2.5, 10.5, 3, 11], "rotation": 270, "texture": "#texture"}
			}
		},
		{
			"from": [2.14706, 2.13971, 7.25],
			"to": [2.64706, 2.63971, 8.75],
			"faces": {
				"north": {"uv": [3, 13, 2.5, 13.5], "texture": "#texture"},
				"south": {"uv": [2.5, 13, 3, 13.5], "texture": "#texture"},
				"west": {"uv": [2.5, 13, 3, 13.5], "texture": "#texture"},
				"down": {"uv": [2.5, 13.5, 3, 13], "rotation": 90, "texture": "#texture"}
			}
		},
		{
			"from": [4.64706, 2.13971, 7.25],
			"to": [5.14706, 2.63971, 8.75],
			"faces": {
				"north": {"uv": [5.5, 13, 5, 13.5], "texture": "#texture"},
				"east": {"uv": [5.5, 13, 5, 13.5], "texture": "#texture"},
				"south": {"uv": [5, 13, 5.5, 13.5], "texture": "#texture"},
				"down": {"uv": [5, 13.5, 5.5, 13], "rotation": 90, "texture": "#texture"}
			}
		},
		{
			"from": [1.64706, 2.63971, 7.25],
			"to": [2.14706, 4.63971, 8.75],
			"faces": {
				"north": {"uv": [2.5, 11, 2, 13], "texture": "#texture"},
				"south": {"uv": [2, 11, 2.5, 13], "texture": "#texture"},
				"west": {"uv": [2, 11, 2.5, 13], "texture": "#texture"},
				"up": {"uv": [2, 11, 2.5, 11.5], "rotation": 270, "texture": "#texture"},
				"down": {"uv": [2, 13, 2.5, 12.5], "rotation": 90, "texture": "#texture"}
			}
		},
		{
			"from": [5.14706, 2.63971, 7.25],
			"to": [5.64706, 4.63971, 8.75],
			"faces": {
				"north": {"uv": [6, 11, 5.5, 13], "texture": "#texture"},
				"east": {"uv": [6, 11, 5.5, 13], "texture": "#texture"},
				"south": {"uv": [5.5, 11, 6, 13], "texture": "#texture"},
				"up": {"uv": [5.5, 11, 6, 11.5], "rotation": 270, "texture": "#texture"},
				"down": {"uv": [5.5, 13, 6, 12.5], "rotation": 90, "texture": "#texture"}
			}
		}
	],
	"display": {
		"thirdperson_righthand": {
			"translation": [0, 3, 1],
			"scale": [0.55, 0.55, 0.55]
		},
		"firstperson_righthand": {
			"rotation": [0, -90, 25],
			"translation": [1.13, 3.2, 1.13],
			"scale": [0.68, 0.68, 0.68]
		},
		"ground": {
			"translation": [0, 2, 0],
			"scale": [0.5, 0.5, 0.5]
		},
		"head": {
			"rotation": [0, 180, 0],
			"translation": [0, 13, 7]
		},
		"fixed": {
			"rotation": [0, 180, 0]
		}
	},
	"groups": [
		{
			"name": "model_shears",
			"origin": [8, 8, 8],
			"children": [0, 1, 2, 3, 4, 5, 6, 7, 8, 9, 10, 11, 12, 13, 14, 15, 16, 17, 18, 19, 20, 21, 22, 23, 24, 25, 26, 27, 28, 29, 30, 31, 32, 33, 34, 35, 36, 37, 38, 39, 40, 41, 42, 43, 44, 45, 46, 47, 48, 49, 50, 51, 52, 53, 54, 55, 56, 57, 58, 59, 60, 61, 62, 63, 64, 65, 66, 67, 68, 69, 70, 71, 72, 73, 74, 75, 76, 77, 78, 79, 80, 81, 82, 83, 84, 85, 86, 87, 88, 89, 90, 91, 92, 93, 94, 95, 96, 97, 98, 99, 100, 101]
		}
	]
}