{
	"__comment": "Designed by Progical",
	"textures": {
		"0": "block/birch_trapdoor",
		"1": "ctm/trapdoors/birch/front",
		"2": "ctm/trapdoors/birch/side",
		"particle": "block/birch_trapdoor"
	},
	"elements": [
		{
			"from": [0, 0, 13],
			"to": [16, 3, 16],
			"faces": {
				"north": {"uv": [0, 0, 16, 3], "rotation": 180, "texture": "#0"},
				"south": {"uv": [0, 0, 16, 3], "texture": "#1", "cullface": "south"},
				"up": {"uv": [0, 0, 16, 3], "rotation": 180, "texture": "#0"},
				"down": {"uv": [0, 0, 16, 3], "texture": "#0", "cullface": "down"}
			}
		},
		{
			"from": [0, 0, 3],
			"to": [3, 3, 13],
			"faces": {
				"east": {"uv": [13, 3, 16, 13], "rotation": 90, "texture": "#0"},
				"up": {"uv": [13, 3, 16, 13], "rotation": 180, "texture": "#0"},
				"down": {"uv": [0, 3, 3, 13], "texture": "#0", "cullface": "down"}
			}
		},
		{
			"from": [0, 0, 0],
			"to": [16, 3, 3],
			"faces": {
				"north": {"uv": [0, 0, 16, 3], "texture": "#1", "cullface": "north"},
				"south": {"uv": [0, 13, 16, 16], "texture": "#0"},
				"up": {"uv": [0, 13, 16, 16], "rotation": 180, "texture": "#0"},
				"down": {"uv": [0, 13, 16, 16], "texture": "#0", "cullface": "down"}
			}
		},
		{
			"from": [13, 0, 3],
			"to": [16, 3, 13],
			"faces": {
				"west": {"uv": [0, 3, 3, 13], "rotation": 270, "texture": "#0"},
				"up": {"uv": [0, 3, 3, 13], "rotation": 180, "texture": "#0"},
				"down": {"uv": [13, 3, 16, 13], "texture": "#0", "cullface": "down"}
			}
		},
		{
			"from": [3, 1, 3.5],
			"to": [13, 2, 13],
			"faces": {
				"up": {"uv": [3, 3, 13, 12.5], "rotation": 180, "texture": "#0"},
				"down": {"uv": [3, 3, 13, 12.5], "texture": "#0"}
			}
		},
		{
			"from": [5.5, 0, 3],
			"to": [10.5, 3, 3.5],
			"faces": {
				"east": {"uv": [5.5, 13, 6, 16], "texture": "#0"},
				"west": {"uv": [10, 13, 10.5, 16], "texture": "#0"},
				"up": {"uv": [5.5, 12.5, 10.5, 13], "rotation": 180, "texture": "#0"},
				"down": {"uv": [5.5, 12.5, 10.5, 13], "texture": "#0", "cullface": "down"}
			}
		},
		{
			"from": [3, 1, 3],
			"to": [5.5, 2, 3.5],
			"faces": {
				"up": {"uv": [10.5, 12.5, 13, 13], "texture": "#0"},
				"down": {"uv": [3, 12.5, 5.5, 13], "texture": "#0"}
			}
		},
		{
			"from": [10.5, 1, 3],
			"to": [13, 2, 3.5],
			"faces": {
				"up": {"uv": [3, 12.5, 5.5, 13], "rotation": 180, "texture": "#0"},
				"down": {"uv": [10.5, 12.5, 13, 13], "texture": "#0"}
			}
		},
		{
			"from": [0, 0, 0],
			"to": [0, 3, 16],
			"faces": {
				"north": {"uv": [0, 0, 0, 3], "texture": "#missing", "cullface": "west"},
				"south": {"uv": [0, 0, 0, 3], "texture": "#missing", "cullface": "west"},
				"west": {"uv": [0, 0, 16, 3], "texture": "#2", "cullface": "west"},
				"up": {"uv": [0, 0, 0, 16], "texture": "#missing", "cullface": "west"},
				"down": {"uv": [0, 0, 0, 16], "texture": "#missing", "cullface": "west"}
			}
		},
		{
			"from": [16, 0, 0],
			"to": [16, 3, 16],
			"faces": {
				"north": {"uv": [0, 0, 0, 3], "texture": "#missing", "cullface": "north"},
				"east": {"uv": [0, 0, 16, 3], "texture": "#2", "cullface": "east"},
				"south": {"uv": [0, 0, 0, 3], "texture": "#missing", "cullface": "east"},
				"up": {"uv": [0, 0, 0, 16], "texture": "#missing", "cullface": "east"},
				"down": {"uv": [0, 0, 0, 16], "texture": "#missing", "cullface": "down"}
			}
		},
		{
			"from": [6, 3, 1],
			"to": [10, 3.5, 1.5],
			"faces": {
				"north": {"uv": [6, 14.5, 10, 15], "texture": "#0"},
				"east": {"uv": [6, 14.5, 6.5, 15], "texture": "#0"},
				"south": {"uv": [6, 14.5, 10, 15], "rotation": 180, "texture": "#0"},
				"west": {"uv": [9.5, 14.5, 10, 15], "texture": "#0"},
				"up": {"uv": [6, 14.5, 10, 15], "rotation": 180, "texture": "#0"}
			}
		},
		{
			"from": [6, -0.5, 1],
			"to": [10, 0, 1.5],
			"faces": {
				"north": {"uv": [6, 14.5, 10, 15], "rotation": 180, "texture": "#0", "cullface": "down"},
				"east": {"uv": [6, 14.5, 6.5, 15], "texture": "#0", "cullface": "down"},
				"south": {"uv": [6, 14.5, 10, 15], "texture": "#0", "cullface": "down"},
				"west": {"uv": [9.5, 14.5, 10, 15], "texture": "#0", "cullface": "down"},
				"down": {"uv": [6, 14.5, 10, 15], "texture": "#0", "cullface": "down"}
			}
		},
		{
			"from": [5.5, 2.5, 3.5],
			"to": [10.5, 3, 3.5],
			"faces": {
				"east": {"uv": [0, 0, 0, 0.5], "texture": "#missing"},
				"south": {"uv": [5.5, 12.5, 10.5, 13], "texture": "#0"},
				"west": {"uv": [0, 0, 0, 0.5], "texture": "#missing"},
				"up": {"uv": [0, 0, 5, 0], "texture": "#missing"},
				"down": {"uv": [0, 0, 5, 0], "texture": "#missing"}
			}
		},
		{
			"from": [5.5, 0, 3.5],
			"to": [10.5, 2.5, 3.5],
			"faces": {
				"east": {"uv": [0, 0, 0, 2.5], "texture": "#missing"},
				"south": {"uv": [5.5, 13.5, 10.5, 16], "texture": "#0"},
				"west": {"uv": [0, 0, 0, 2.5], "texture": "#missing"},
				"up": {"uv": [0, 0, 5, 0], "texture": "#missing"},
				"down": {"uv": [0, 0, 5, 0], "texture": "#missing", "cullface": "down"}
			}
		}
	],
	"display": {
		"ground": {
			"rotation": [0, 0, -0.5],
			"scale": [0.4, 0.4, 0.4]
		}
	},
	"groups": [0, 1, 2, 3, 4, 5, 6, 7,
		{
			"name": "group",
			"children": [8, 9, 10, 11, 12, 13]
		}
	]
}
